
CondaError: KeyboardInterrupt

2026-07-25 17:01:59,704 INFO Loading structure-only checkpoint=third_party/unitable/experiments/unitable_weights/unitable_large_structure.pt sha256=43780b0fdcab3ad9c2af64b72f124a86241a7c2f2f6a0bbcceaf4e327f4af339 device=cuda:0
/home/hj/anaconda3/envs/lx_Unitable/lib/python3.10/site-packages/torch/nn/modules/transformer.py:286: UserWarning: enable_nested_tensor is True, but self.use_nested_tensor is False because encoder_layer.norm_first was True
  warnings.warn(f"enable_nested_tensor is True, but self.use_nested_tensor is False because {why_not_sparsity_fast_path}")
2026-07-25 17:02:01,388 INFO Progress 2667/8281 status=ok steps=40 confidence=0.999639 elapsed=0.392s
2026-07-25 17:02:01,484 INFO Progress 2668/8281 status=ok steps=35 confidence=0.999992 elapsed=0.095s
2026-07-25 17:02:01,580 INFO Progress 2669/8281 status=ok steps=35 confidence=0.999791 elapsed=0.096s
2026-07-25 17:02:01,751 INFO Progress 2670/8281 status=ok steps=65 confidence=0.999921 elapsed=0.171s
2026-07-25 17:02:01,856 INFO Progress 2671/8281 status=ok steps=41 confidence=0.999980 elapsed=0.105s
2026-07-25 17:02:01,980 INFO Progress 2672/8281 status=ok steps=47 confidence=0.999988 elapsed=0.124s
2026-07-25 17:02:02,139 INFO Progress 2673/8281 status=ok steps=61 confidence=0.999698 elapsed=0.159s
2026-07-25 17:02:02,203 INFO Progress 2674/8281 status=ok steps=23 confidence=0.999703 elapsed=0.064s
2026-07-25 17:02:02,428 INFO Progress 2675/8281 status=ok steps=53 confidence=0.999986 elapsed=0.138s
2026-07-25 17:02:02,477 INFO Progress 2676/8281 status=ok steps=15 confidence=0.999746 elapsed=0.049s
2026-07-25 17:02:02,634 INFO Progress 2677/8281 status=ok steps=61 confidence=0.999994 elapsed=0.157s
2026-07-25 17:02:02,750 INFO Progress 2678/8281 status=ok steps=45 confidence=0.999970 elapsed=0.116s
2026-07-25 17:02:02,837 INFO Progress 2679/8281 status=ok steps=33 confidence=0.999995 elapsed=0.087s
2026-07-25 17:02:02,946 INFO Progress 2680/8281 status=ok steps=41 confidence=0.999947 elapsed=0.108s
2026-07-25 17:02:03,041 INFO Progress 2681/8281 status=ok steps=37 confidence=0.999954 elapsed=0.096s
2026-07-25 17:02:03,105 INFO Progress 2682/8281 status=ok steps=23 confidence=0.999783 elapsed=0.063s
2026-07-25 17:02:03,247 INFO Progress 2683/8281 status=ok steps=55 confidence=0.999760 elapsed=0.142s
2026-07-25 17:02:03,328 INFO Progress 2684/8281 status=ok steps=29 confidence=0.999947 elapsed=0.081s
2026-07-25 17:02:03,422 INFO Progress 2685/8281 status=ok steps=35 confidence=0.999882 elapsed=0.093s
2026-07-25 17:02:03,509 INFO Progress 2686/8281 status=ok steps=33 confidence=0.999904 elapsed=0.087s
2026-07-25 17:02:03,636 INFO Progress 2687/8281 status=ok steps=47 confidence=0.999605 elapsed=0.126s
2026-07-25 17:02:03,715 INFO Progress 2688/8281 status=ok steps=29 confidence=0.999967 elapsed=0.079s
2026-07-25 17:02:03,810 INFO Progress 2689/8281 status=ok steps=35 confidence=0.999913 elapsed=0.094s
2026-07-25 17:02:03,950 INFO Progress 2690/8281 status=ok steps=53 confidence=0.999983 elapsed=0.141s
2026-07-25 17:02:04,019 INFO Progress 2691/8281 status=ok steps=23 confidence=0.999650 elapsed=0.069s
2026-07-25 17:02:04,137 INFO Progress 2692/8281 status=ok steps=45 confidence=0.999468 elapsed=0.117s
2026-07-25 17:02:04,228 INFO Progress 2693/8281 status=ok steps=35 confidence=0.999920 elapsed=0.091s
2026-07-25 17:02:04,398 INFO Progress 2694/8281 status=ok steps=65 confidence=0.999869 elapsed=0.170s
2026-07-25 17:02:04,573 INFO Progress 2695/8281 status=ok steps=69 confidence=0.999957 elapsed=0.175s
2026-07-25 17:02:04,639 INFO Progress 2696/8281 status=ok steps=23 confidence=0.999705 elapsed=0.065s
2026-07-25 17:02:04,775 INFO Progress 2697/8281 status=ok steps=53 confidence=0.999980 elapsed=0.136s
2026-07-25 17:02:04,883 INFO Progress 2698/8281 status=ok steps=41 confidence=0.999910 elapsed=0.107s
2026-07-25 17:02:05,083 INFO Progress 2699/8281 status=ok steps=77 confidence=0.999855 elapsed=0.201s
2026-07-25 17:02:05,259 INFO Progress 2700/8281 status=ok steps=29 confidence=0.999662 elapsed=0.083s
2026-07-25 17:02:05,376 INFO Progress 2701/8281 status=ok steps=41 confidence=0.999962 elapsed=0.116s
2026-07-25 17:02:05,508 INFO Progress 2702/8281 status=ok steps=49 confidence=0.999949 elapsed=0.132s
2026-07-25 17:02:05,597 INFO Progress 2703/8281 status=ok steps=33 confidence=0.999925 elapsed=0.089s
2026-07-25 17:02:05,689 INFO Progress 2704/8281 status=ok steps=35 confidence=0.999878 elapsed=0.092s
2026-07-25 17:02:05,783 INFO Progress 2705/8281 status=ok steps=35 confidence=0.999927 elapsed=0.094s
2026-07-25 17:02:05,924 INFO Progress 2706/8281 status=ok steps=55 confidence=0.999760 elapsed=0.140s
2026-07-25 17:02:06,021 INFO Progress 2707/8281 status=ok steps=37 confidence=0.999987 elapsed=0.097s
2026-07-25 17:02:06,081 INFO Progress 2708/8281 status=ok steps=20 confidence=0.999890 elapsed=0.059s
2026-07-25 17:02:06,185 INFO Progress 2709/8281 status=ok steps=40 confidence=0.999959 elapsed=0.104s
2026-07-25 17:02:06,288 INFO Progress 2710/8281 status=ok steps=35 confidence=0.985474 elapsed=0.103s
2026-07-25 17:02:06,405 INFO Progress 2711/8281 status=ok steps=41 confidence=0.999701 elapsed=0.117s
2026-07-25 17:02:06,475 INFO Progress 2712/8281 status=ok steps=23 confidence=0.999906 elapsed=0.071s
2026-07-25 17:02:06,583 INFO Progress 2713/8281 status=ok steps=41 confidence=0.999919 elapsed=0.108s
2026-07-25 17:02:06,702 INFO Progress 2714/8281 status=ok steps=45 confidence=0.999790 elapsed=0.119s
2026-07-25 17:02:06,827 INFO Progress 2715/8281 status=ok steps=47 confidence=0.999941 elapsed=0.124s
2026-07-25 17:02:06,923 INFO Progress 2716/8281 status=ok steps=35 confidence=0.999910 elapsed=0.096s
2026-07-25 17:02:07,029 INFO Progress 2717/8281 status=ok steps=40 confidence=0.999988 elapsed=0.105s
2026-07-25 17:02:07,147 INFO Progress 2718/8281 status=ok steps=47 confidence=0.999965 elapsed=0.118s
2026-07-25 17:02:07,269 INFO Progress 2719/8281 status=ok steps=47 confidence=0.999969 elapsed=0.122s
2026-07-25 17:02:07,355 INFO Progress 2720/8281 status=ok steps=33 confidence=0.999925 elapsed=0.086s
2026-07-25 17:02:07,432 INFO Progress 2721/8281 status=ok steps=29 confidence=0.999815 elapsed=0.077s
2026-07-25 17:02:07,577 INFO Progress 2722/8281 status=ok steps=57 confidence=0.999953 elapsed=0.144s
2026-07-25 17:02:07,669 INFO Progress 2723/8281 status=ok steps=35 confidence=0.999904 elapsed=0.092s
2026-07-25 17:02:07,749 INFO Progress 2724/8281 status=ok steps=29 confidence=0.999935 elapsed=0.080s
2026-07-25 17:02:07,940 INFO Progress 2725/8281 status=ok steps=37 confidence=0.999995 elapsed=0.099s
2026-07-25 17:02:08,106 INFO Progress 2726/8281 status=ok steps=65 confidence=0.999929 elapsed=0.166s
2026-07-25 17:02:08,187 INFO Progress 2727/8281 status=ok steps=30 confidence=0.999981 elapsed=0.081s
2026-07-25 17:02:08,422 INFO Progress 2728/8281 status=ok steps=93 confidence=0.999959 elapsed=0.234s
2026-07-25 17:02:08,544 INFO Progress 2729/8281 status=ok steps=47 confidence=0.999992 elapsed=0.122s
2026-07-25 17:02:08,625 INFO Progress 2730/8281 status=ok steps=29 confidence=0.999972 elapsed=0.081s
2026-07-25 17:02:08,742 INFO Progress 2731/8281 status=ok steps=41 confidence=0.999190 elapsed=0.117s
2026-07-25 17:02:08,874 INFO Progress 2732/8281 status=ok steps=47 confidence=0.999887 elapsed=0.131s
2026-07-25 17:02:08,940 INFO Progress 2733/8281 status=ok steps=23 confidence=0.999755 elapsed=0.066s
2026-07-25 17:02:09,037 INFO Progress 2734/8281 status=ok steps=35 confidence=0.999826 elapsed=0.097s
2026-07-25 17:02:09,164 INFO Progress 2735/8281 status=ok steps=50 confidence=0.999995 elapsed=0.127s
2026-07-25 17:02:09,271 INFO Progress 2736/8281 status=ok steps=41 confidence=0.999902 elapsed=0.106s
2026-07-25 17:02:09,464 INFO Progress 2737/8281 status=ok steps=77 confidence=0.999978 elapsed=0.193s
2026-07-25 17:02:09,576 INFO Progress 2738/8281 status=ok steps=40 confidence=0.999799 elapsed=0.112s
2026-07-25 17:02:09,728 INFO Progress 2739/8281 status=ok steps=59 confidence=0.999990 elapsed=0.152s
2026-07-25 17:02:09,818 INFO Progress 2740/8281 status=ok steps=33 confidence=0.999992 elapsed=0.089s
2026-07-25 17:02:09,912 INFO Progress 2741/8281 status=ok steps=35 confidence=0.999797 elapsed=0.094s
2026-07-25 17:02:10,040 INFO Progress 2742/8281 status=ok steps=47 confidence=0.999991 elapsed=0.128s
2026-07-25 17:02:10,120 INFO Progress 2743/8281 status=ok steps=29 confidence=0.999851 elapsed=0.080s
2026-07-25 17:02:10,188 INFO Progress 2744/8281 status=ok steps=23 confidence=0.999650 elapsed=0.068s
2026-07-25 17:02:10,432 INFO Progress 2745/8281 status=ok steps=95 confidence=0.999987 elapsed=0.243s
2026-07-25 17:02:10,541 INFO Progress 2746/8281 status=ok steps=40 confidence=0.999952 elapsed=0.109s
2026-07-25 17:02:10,601 INFO Progress 2747/8281 status=ok steps=21 confidence=0.999971 elapsed=0.060s
2026-07-25 17:02:10,685 INFO Progress 2748/8281 status=ok steps=30 confidence=0.999889 elapsed=0.083s
2026-07-25 17:02:10,756 INFO Progress 2749/8281 status=ok steps=25 confidence=0.999883 elapsed=0.071s
2026-07-25 17:02:10,986 INFO Progress 2750/8281 status=ok steps=53 confidence=0.999698 elapsed=0.141s
2026-07-25 17:02:11,099 INFO Progress 2751/8281 status=ok steps=40 confidence=0.999838 elapsed=0.113s
2026-07-25 17:02:11,162 INFO Progress 2752/8281 status=ok steps=23 confidence=0.999778 elapsed=0.063s
2026-07-25 17:02:11,231 INFO Progress 2753/8281 status=ok steps=25 confidence=0.999931 elapsed=0.068s
2026-07-25 17:02:11,327 INFO Progress 2754/8281 status=ok steps=37 confidence=0.999877 elapsed=0.096s
2026-07-25 17:02:11,415 INFO Progress 2755/8281 status=ok steps=30 confidence=0.999867 elapsed=0.088s
2026-07-25 17:02:11,502 INFO Progress 2756/8281 status=ok steps=33 confidence=0.999745 elapsed=0.087s
2026-07-25 17:02:11,786 INFO Progress 2757/8281 status=ok steps=109 confidence=0.999981 elapsed=0.284s
2026-07-25 17:02:11,866 INFO Progress 2758/8281 status=ok steps=29 confidence=0.997479 elapsed=0.079s
2026-07-25 17:02:11,971 INFO Progress 2759/8281 status=ok steps=41 confidence=0.999980 elapsed=0.105s
2026-07-25 17:02:12,068 INFO Progress 2760/8281 status=ok steps=33 confidence=0.999901 elapsed=0.096s
2026-07-25 17:02:12,141 INFO Progress 2761/8281 status=ok steps=25 confidence=0.999891 elapsed=0.073s
2026-07-25 17:02:12,267 INFO Progress 2762/8281 status=ok steps=47 confidence=0.999887 elapsed=0.126s
2026-07-25 17:02:12,386 INFO Progress 2763/8281 status=ok steps=45 confidence=0.999963 elapsed=0.118s
2026-07-25 17:02:12,480 INFO Progress 2764/8281 status=ok steps=35 confidence=0.999939 elapsed=0.094s
2026-07-25 17:02:12,575 INFO Progress 2765/8281 status=ok steps=35 confidence=0.999804 elapsed=0.095s
2026-07-25 17:02:12,693 INFO Progress 2766/8281 status=ok steps=45 confidence=0.999559 elapsed=0.118s
2026-07-25 17:02:12,808 INFO Progress 2767/8281 status=ok steps=45 confidence=0.999988 elapsed=0.115s
2026-07-25 17:02:12,903 INFO Progress 2768/8281 status=ok steps=37 confidence=0.999974 elapsed=0.095s
2026-07-25 17:02:13,069 INFO Progress 2769/8281 status=ok steps=65 confidence=0.999959 elapsed=0.166s
2026-07-25 17:02:13,180 INFO Progress 2770/8281 status=ok steps=40 confidence=0.999862 elapsed=0.111s
2026-07-25 17:02:13,256 INFO Progress 2771/8281 status=ok steps=29 confidence=0.999971 elapsed=0.076s
2026-07-25 17:02:13,345 INFO Progress 2772/8281 status=ok steps=35 confidence=0.999997 elapsed=0.090s
2026-07-25 17:02:13,422 INFO Progress 2773/8281 status=ok steps=29 confidence=0.997171 elapsed=0.076s
2026-07-25 17:02:13,506 INFO Progress 2774/8281 status=ok steps=29 confidence=0.999865 elapsed=0.084s
2026-07-25 17:02:13,679 INFO Progress 2775/8281 status=ok steps=29 confidence=0.999622 elapsed=0.079s
2026-07-25 17:02:13,797 INFO Progress 2776/8281 status=ok steps=47 confidence=0.999966 elapsed=0.118s
2026-07-25 17:02:13,914 INFO Progress 2777/8281 status=ok steps=47 confidence=0.999981 elapsed=0.117s
2026-07-25 17:02:14,019 INFO Progress 2778/8281 status=ok steps=41 confidence=0.999866 elapsed=0.105s
2026-07-25 17:02:14,109 INFO Progress 2779/8281 status=ok steps=35 confidence=0.999938 elapsed=0.090s
2026-07-25 17:02:14,189 INFO Progress 2780/8281 status=ok steps=30 confidence=0.999961 elapsed=0.080s
2026-07-25 17:02:14,339 INFO Progress 2781/8281 status=ok steps=59 confidence=0.999978 elapsed=0.150s
2026-07-25 17:02:14,403 INFO Progress 2782/8281 status=ok steps=23 confidence=0.999706 elapsed=0.063s
2026-07-25 17:02:14,619 INFO Progress 2783/8281 status=ok steps=85 confidence=0.999942 elapsed=0.216s
2026-07-25 17:02:14,747 INFO Progress 2784/8281 status=ok steps=50 confidence=0.999912 elapsed=0.128s
2026-07-25 17:02:14,857 INFO Progress 2785/8281 status=ok steps=41 confidence=0.999966 elapsed=0.109s
2026-07-25 17:02:14,950 INFO Progress 2786/8281 status=ok steps=33 confidence=0.999844 elapsed=0.092s
2026-07-25 17:02:15,100 INFO Progress 2787/8281 status=ok steps=55 confidence=0.999963 elapsed=0.150s
2026-07-25 17:02:15,206 INFO Progress 2788/8281 status=ok steps=37 confidence=0.999987 elapsed=0.106s
2026-07-25 17:02:15,275 INFO Progress 2789/8281 status=ok steps=23 confidence=0.999734 elapsed=0.069s
2026-07-25 17:02:15,421 INFO Progress 2790/8281 status=ok steps=53 confidence=0.999978 elapsed=0.146s
2026-07-25 17:02:15,627 INFO Progress 2791/8281 status=ok steps=75 confidence=0.999943 elapsed=0.206s
2026-07-25 17:02:15,712 INFO Progress 2792/8281 status=ok steps=29 confidence=0.999980 elapsed=0.085s
2026-07-25 17:02:15,796 INFO Progress 2793/8281 status=ok steps=29 confidence=0.999980 elapsed=0.084s
2026-07-25 17:02:15,912 INFO Progress 2794/8281 status=ok steps=41 confidence=0.999989 elapsed=0.116s
2026-07-25 17:02:16,017 INFO Progress 2795/8281 status=ok steps=37 confidence=0.999993 elapsed=0.105s
2026-07-25 17:02:16,132 INFO Progress 2796/8281 status=ok steps=41 confidence=0.999916 elapsed=0.115s
2026-07-25 17:02:16,220 INFO Progress 2797/8281 status=ok steps=30 confidence=0.999966 elapsed=0.087s
2026-07-25 17:02:16,316 INFO Progress 2798/8281 status=ok steps=35 confidence=0.999798 elapsed=0.096s
2026-07-25 17:02:16,419 INFO Progress 2799/8281 status=ok steps=41 confidence=0.999581 elapsed=0.103s
2026-07-25 17:02:16,649 INFO Progress 2800/8281 status=ok steps=57 confidence=0.999988 elapsed=0.155s
2026-07-25 17:02:16,734 INFO Progress 2801/8281 status=ok steps=30 confidence=0.999981 elapsed=0.085s
2026-07-25 17:02:16,872 INFO Progress 2802/8281 status=ok steps=53 confidence=0.999907 elapsed=0.137s
2026-07-25 17:02:16,966 INFO Progress 2803/8281 status=ok steps=35 confidence=0.999932 elapsed=0.094s
2026-07-25 17:02:17,052 INFO Progress 2804/8281 status=ok steps=33 confidence=0.999925 elapsed=0.086s
2026-07-25 17:02:17,187 INFO Progress 2805/8281 status=ok steps=55 confidence=0.999900 elapsed=0.135s
2026-07-25 17:02:17,290 INFO Progress 2806/8281 status=ok steps=41 confidence=0.999868 elapsed=0.103s
2026-07-25 17:02:17,367 INFO Progress 2807/8281 status=ok steps=29 confidence=0.999907 elapsed=0.077s
2026-07-25 17:02:17,444 INFO Progress 2808/8281 status=ok steps=29 confidence=0.999891 elapsed=0.076s
2026-07-25 17:02:17,549 INFO Progress 2809/8281 status=ok steps=41 confidence=0.999973 elapsed=0.106s
2026-07-25 17:02:17,635 INFO Progress 2810/8281 status=ok steps=33 confidence=0.999976 elapsed=0.086s
2026-07-25 17:02:17,714 INFO Progress 2811/8281 status=ok steps=30 confidence=0.999941 elapsed=0.079s
2026-07-25 17:02:17,841 INFO Progress 2812/8281 status=ok steps=50 confidence=0.999853 elapsed=0.127s
2026-07-25 17:02:17,926 INFO Progress 2813/8281 status=ok steps=32 confidence=0.999755 elapsed=0.084s
2026-07-25 17:02:18,080 INFO Progress 2814/8281 status=ok steps=61 confidence=0.999683 elapsed=0.154s
2026-07-25 17:02:18,148 INFO Progress 2815/8281 status=ok steps=25 confidence=0.999965 elapsed=0.068s
2026-07-25 17:02:18,239 INFO Progress 2816/8281 status=ok steps=35 confidence=0.999993 elapsed=0.090s
2026-07-25 17:02:18,375 INFO Progress 2817/8281 status=ok steps=55 confidence=0.999994 elapsed=0.136s
2026-07-25 17:02:18,440 INFO Progress 2818/8281 status=ok steps=23 confidence=0.999241 elapsed=0.065s
2026-07-25 17:02:18,516 INFO Progress 2819/8281 status=ok steps=29 confidence=0.999885 elapsed=0.076s
2026-07-25 17:02:18,573 INFO Progress 2820/8281 status=ok steps=20 confidence=0.999667 elapsed=0.057s
2026-07-25 17:02:18,645 INFO Progress 2821/8281 status=ok steps=26 confidence=0.999039 elapsed=0.072s
2026-07-25 17:02:18,726 INFO Progress 2822/8281 status=ok steps=30 confidence=0.999666 elapsed=0.081s
2026-07-25 17:02:18,829 INFO Progress 2823/8281 status=ok steps=41 confidence=0.999991 elapsed=0.103s
2026-07-25 17:02:18,892 INFO Progress 2824/8281 status=ok steps=23 confidence=0.999643 elapsed=0.062s
2026-07-25 17:02:19,090 INFO Progress 2825/8281 status=ok steps=49 confidence=0.999980 elapsed=0.122s
2026-07-25 17:02:19,176 INFO Progress 2826/8281 status=ok steps=33 confidence=0.999993 elapsed=0.085s
2026-07-25 17:02:19,273 INFO Progress 2827/8281 status=ok steps=37 confidence=0.999963 elapsed=0.098s
2026-07-25 17:02:19,353 INFO Progress 2828/8281 status=ok steps=30 confidence=0.999983 elapsed=0.080s
2026-07-25 17:02:19,476 INFO Progress 2829/8281 status=ok steps=47 confidence=0.999986 elapsed=0.123s
2026-07-25 17:02:19,569 INFO Progress 2830/8281 status=ok steps=35 confidence=0.999980 elapsed=0.092s
2026-07-25 17:02:19,679 INFO Progress 2831/8281 status=ok steps=41 confidence=0.999611 elapsed=0.110s
2026-07-25 17:02:19,768 INFO Progress 2832/8281 status=ok steps=35 confidence=0.999991 elapsed=0.089s
2026-07-25 17:02:19,921 INFO Progress 2833/8281 status=ok steps=61 confidence=0.999991 elapsed=0.153s
2026-07-25 17:02:20,002 INFO Progress 2834/8281 status=ok steps=30 confidence=0.999977 elapsed=0.081s
2026-07-25 17:02:20,095 INFO Progress 2835/8281 status=ok steps=35 confidence=0.999996 elapsed=0.093s
2026-07-25 17:02:20,200 INFO Progress 2836/8281 status=ok steps=40 confidence=0.999776 elapsed=0.105s
2026-07-25 17:02:20,314 INFO Progress 2837/8281 status=ok steps=45 confidence=0.999974 elapsed=0.114s
2026-07-25 17:02:20,399 INFO Progress 2838/8281 status=ok steps=33 confidence=0.999925 elapsed=0.086s
2026-07-25 17:02:20,475 INFO Progress 2839/8281 status=ok steps=29 confidence=0.999931 elapsed=0.076s
2026-07-25 17:02:20,566 INFO Progress 2840/8281 status=ok steps=35 confidence=0.999942 elapsed=0.091s
2026-07-25 17:02:20,649 INFO Progress 2841/8281 status=ok steps=30 confidence=0.999905 elapsed=0.082s
2026-07-25 17:02:20,717 INFO Progress 2842/8281 status=ok steps=25 confidence=0.999969 elapsed=0.068s
2026-07-25 17:02:20,821 INFO Progress 2843/8281 status=ok steps=41 confidence=0.999922 elapsed=0.105s
2026-07-25 17:02:20,899 INFO Progress 2844/8281 status=ok steps=30 confidence=0.999923 elapsed=0.078s
2026-07-25 17:02:21,017 INFO Progress 2845/8281 status=ok steps=45 confidence=0.999913 elapsed=0.117s
2026-07-25 17:02:21,193 INFO Progress 2846/8281 status=ok steps=68 confidence=0.999280 elapsed=0.176s
2026-07-25 17:02:21,296 INFO Progress 2847/8281 status=ok steps=41 confidence=0.999917 elapsed=0.103s
2026-07-25 17:02:21,388 INFO Progress 2848/8281 status=ok steps=35 confidence=0.999890 elapsed=0.092s
2026-07-25 17:02:21,506 INFO Progress 2849/8281 status=ok steps=45 confidence=0.999848 elapsed=0.118s
2026-07-25 17:02:21,708 INFO Progress 2850/8281 status=ok steps=37 confidence=0.999985 elapsed=0.097s
2026-07-25 17:02:21,848 INFO Progress 2851/8281 status=ok steps=55 confidence=0.999994 elapsed=0.141s
2026-07-25 17:02:21,969 INFO Progress 2852/8281 status=ok steps=47 confidence=0.999968 elapsed=0.120s
2026-07-25 17:02:22,079 INFO Progress 2853/8281 status=ok steps=40 confidence=0.999853 elapsed=0.110s
2026-07-25 17:02:22,163 INFO Progress 2854/8281 status=ok steps=30 confidence=0.999962 elapsed=0.084s
2026-07-25 17:02:22,310 INFO Progress 2855/8281 status=ok steps=55 confidence=0.999963 elapsed=0.146s
2026-07-25 17:02:22,371 INFO Progress 2856/8281 status=ok steps=21 confidence=0.999912 elapsed=0.061s
2026-07-25 17:02:22,485 INFO Progress 2857/8281 status=ok steps=45 confidence=0.999993 elapsed=0.114s
2026-07-25 17:02:22,562 INFO Progress 2858/8281 status=ok steps=29 confidence=0.999936 elapsed=0.077s
2026-07-25 17:02:22,638 INFO Progress 2859/8281 status=ok steps=29 confidence=0.999936 elapsed=0.076s
2026-07-25 17:02:22,687 INFO Progress 2860/8281 status=ok steps=17 confidence=0.999881 elapsed=0.049s
2026-07-25 17:02:22,773 INFO Progress 2861/8281 status=ok steps=33 confidence=0.999957 elapsed=0.086s
2026-07-25 17:02:22,851 INFO Progress 2862/8281 status=ok steps=29 confidence=0.999932 elapsed=0.078s
2026-07-25 17:02:22,979 INFO Progress 2863/8281 status=ok steps=50 confidence=0.999988 elapsed=0.128s
2026-07-25 17:02:23,139 INFO Progress 2864/8281 status=ok steps=65 confidence=0.999976 elapsed=0.159s
2026-07-25 17:02:23,231 INFO Progress 2865/8281 status=ok steps=35 confidence=0.999916 elapsed=0.092s
2026-07-25 17:02:23,371 INFO Progress 2866/8281 status=ok steps=55 confidence=0.999995 elapsed=0.139s
2026-07-25 17:02:23,467 INFO Progress 2867/8281 status=ok steps=35 confidence=0.999400 elapsed=0.096s
2026-07-25 17:02:23,560 INFO Progress 2868/8281 status=ok steps=35 confidence=0.999927 elapsed=0.093s
2026-07-25 17:02:23,640 INFO Progress 2869/8281 status=ok steps=29 confidence=0.999913 elapsed=0.080s
2026-07-25 17:02:23,703 INFO Progress 2870/8281 status=ok steps=23 confidence=0.999706 elapsed=0.063s
2026-07-25 17:02:23,808 INFO Progress 2871/8281 status=ok steps=41 confidence=0.999874 elapsed=0.105s
2026-07-25 17:02:23,917 INFO Progress 2872/8281 status=ok steps=41 confidence=0.999941 elapsed=0.108s
2026-07-25 17:02:23,987 INFO Progress 2873/8281 status=ok steps=25 confidence=0.999234 elapsed=0.070s
2026-07-25 17:02:24,095 INFO Progress 2874/8281 status=ok steps=41 confidence=0.999891 elapsed=0.109s
2026-07-25 17:02:24,293 INFO Progress 2875/8281 status=ok steps=45 confidence=0.999970 elapsed=0.120s
2026-07-25 17:02:24,385 INFO Progress 2876/8281 status=ok steps=35 confidence=0.999536 elapsed=0.092s
2026-07-25 17:02:24,464 INFO Progress 2877/8281 status=ok steps=29 confidence=0.999914 elapsed=0.078s
2026-07-25 17:02:24,532 INFO Progress 2878/8281 status=ok steps=25 confidence=0.999931 elapsed=0.069s
2026-07-25 17:02:24,670 INFO Progress 2879/8281 status=ok steps=55 confidence=0.999996 elapsed=0.137s
2026-07-25 17:02:24,756 INFO Progress 2880/8281 status=ok steps=33 confidence=0.999981 elapsed=0.086s
2026-07-25 17:02:24,834 INFO Progress 2881/8281 status=ok steps=29 confidence=0.999924 elapsed=0.078s
2026-07-25 17:02:24,915 INFO Progress 2882/8281 status=ok steps=29 confidence=0.999441 elapsed=0.081s
2026-07-25 17:02:25,122 INFO Progress 2883/8281 status=ok steps=82 confidence=0.999828 elapsed=0.206s
2026-07-25 17:02:25,193 INFO Progress 2884/8281 status=ok steps=25 confidence=0.999937 elapsed=0.071s
2026-07-25 17:02:25,319 INFO Progress 2885/8281 status=ok steps=47 confidence=0.999984 elapsed=0.126s
2026-07-25 17:02:25,424 INFO Progress 2886/8281 status=ok steps=41 confidence=0.999916 elapsed=0.105s
2026-07-25 17:02:25,544 INFO Progress 2887/8281 status=ok steps=47 confidence=0.999965 elapsed=0.120s
2026-07-25 17:02:25,683 INFO Progress 2888/8281 status=ok steps=55 confidence=0.999994 elapsed=0.138s
2026-07-25 17:02:25,741 INFO Progress 2889/8281 status=ok steps=20 confidence=0.999369 elapsed=0.058s
2026-07-25 17:02:25,903 INFO Progress 2890/8281 status=ok steps=61 confidence=0.995267 elapsed=0.162s
2026-07-25 17:02:25,986 INFO Progress 2891/8281 status=ok steps=29 confidence=0.999741 elapsed=0.083s
2026-07-25 17:02:26,065 INFO Progress 2892/8281 status=ok steps=29 confidence=0.999992 elapsed=0.079s
2026-07-25 17:02:26,205 INFO Progress 2893/8281 status=ok steps=55 confidence=0.999783 elapsed=0.140s
2026-07-25 17:02:26,559 INFO Progress 2894/8281 status=ok steps=141 confidence=0.999996 elapsed=0.353s
2026-07-25 17:02:26,652 INFO Progress 2895/8281 status=ok steps=35 confidence=0.999938 elapsed=0.092s
2026-07-25 17:02:26,745 INFO Progress 2896/8281 status=ok steps=35 confidence=0.999951 elapsed=0.093s
2026-07-25 17:02:26,808 INFO Progress 2897/8281 status=ok steps=23 confidence=0.999784 elapsed=0.063s
2026-07-25 17:02:27,070 INFO Progress 2898/8281 status=ok steps=107 confidence=0.999950 elapsed=0.262s
2026-07-25 17:02:27,148 INFO Progress 2899/8281 status=ok steps=29 confidence=0.999989 elapsed=0.077s
2026-07-25 17:02:27,329 INFO Progress 2900/8281 status=ok steps=30 confidence=0.999923 elapsed=0.079s
2026-07-25 17:02:27,435 INFO Progress 2901/8281 status=ok steps=41 confidence=0.999151 elapsed=0.105s
2026-07-25 17:02:27,514 INFO Progress 2902/8281 status=ok steps=29 confidence=0.999835 elapsed=0.079s
2026-07-25 17:02:27,592 INFO Progress 2903/8281 status=ok steps=29 confidence=0.999622 elapsed=0.078s
2026-07-25 17:02:27,670 INFO Progress 2904/8281 status=ok steps=29 confidence=0.999966 elapsed=0.078s
2026-07-25 17:02:27,728 INFO Progress 2905/8281 status=ok steps=20 confidence=0.999842 elapsed=0.058s
2026-07-25 17:02:27,824 INFO Progress 2906/8281 status=ok steps=35 confidence=0.999994 elapsed=0.096s
2026-07-25 17:02:27,922 INFO Progress 2907/8281 status=ok steps=37 confidence=0.999813 elapsed=0.097s
2026-07-25 17:02:28,032 INFO Progress 2908/8281 status=ok steps=41 confidence=0.999990 elapsed=0.111s
2026-07-25 17:02:28,207 INFO Progress 2909/8281 status=ok steps=68 confidence=0.999974 elapsed=0.174s
2026-07-25 17:02:28,271 INFO Progress 2910/8281 status=ok steps=23 confidence=0.999891 elapsed=0.064s
2026-07-25 17:02:28,363 INFO Progress 2911/8281 status=ok steps=35 confidence=0.999952 elapsed=0.092s
2026-07-25 17:02:28,492 INFO Progress 2912/8281 status=ok steps=47 confidence=0.999451 elapsed=0.128s
2026-07-25 17:02:28,632 INFO Progress 2913/8281 status=ok steps=55 confidence=0.999877 elapsed=0.140s
2026-07-25 17:02:28,737 INFO Progress 2914/8281 status=ok steps=41 confidence=0.999989 elapsed=0.105s
2026-07-25 17:02:28,851 INFO Progress 2915/8281 status=ok steps=45 confidence=0.999884 elapsed=0.113s
2026-07-25 17:02:28,928 INFO Progress 2916/8281 status=ok steps=29 confidence=0.999907 elapsed=0.077s
2026-07-25 17:02:29,076 INFO Progress 2917/8281 status=ok steps=59 confidence=0.999978 elapsed=0.148s
2026-07-25 17:02:29,167 INFO Progress 2918/8281 status=ok steps=35 confidence=0.999784 elapsed=0.091s
2026-07-25 17:02:29,246 INFO Progress 2919/8281 status=ok steps=30 confidence=0.999941 elapsed=0.079s
2026-07-25 17:02:29,407 INFO Progress 2920/8281 status=ok steps=65 confidence=0.999963 elapsed=0.160s
2026-07-25 17:02:29,666 INFO Progress 2921/8281 status=ok steps=105 confidence=0.999705 elapsed=0.259s
2026-07-25 17:02:29,772 INFO Progress 2922/8281 status=ok steps=41 confidence=0.999872 elapsed=0.106s
2026-07-25 17:02:29,852 INFO Progress 2923/8281 status=ok steps=29 confidence=0.999833 elapsed=0.079s
2026-07-25 17:02:29,968 INFO Progress 2924/8281 status=ok steps=45 confidence=0.999975 elapsed=0.116s
2026-07-25 17:02:30,203 INFO Progress 2925/8281 status=ok steps=50 confidence=0.999987 elapsed=0.128s
2026-07-25 17:02:30,326 INFO Progress 2926/8281 status=ok steps=47 confidence=0.999996 elapsed=0.124s
2026-07-25 17:02:30,576 INFO Progress 2927/8281 status=ok steps=95 confidence=0.999756 elapsed=0.249s
2026-07-25 17:02:30,815 INFO Progress 2928/8281 status=ok steps=95 confidence=0.999988 elapsed=0.239s
2026-07-25 17:02:30,993 INFO Progress 2929/8281 status=ok steps=69 confidence=0.999874 elapsed=0.178s
2026-07-25 17:02:31,142 INFO Progress 2930/8281 status=ok steps=59 confidence=0.999978 elapsed=0.149s
2026-07-25 17:02:31,236 INFO Progress 2931/8281 status=ok steps=35 confidence=0.999964 elapsed=0.094s
2026-07-25 17:02:31,323 INFO Progress 2932/8281 status=ok steps=33 confidence=0.999781 elapsed=0.086s
2026-07-25 17:02:31,512 INFO Progress 2933/8281 status=ok steps=77 confidence=0.999978 elapsed=0.189s
2026-07-25 17:02:31,609 INFO Progress 2934/8281 status=ok steps=35 confidence=0.999829 elapsed=0.097s
2026-07-25 17:02:31,718 INFO Progress 2935/8281 status=ok steps=41 confidence=0.999899 elapsed=0.109s
2026-07-25 17:02:31,886 INFO Progress 2936/8281 status=ok steps=65 confidence=0.999930 elapsed=0.168s
2026-07-25 17:02:31,975 INFO Progress 2937/8281 status=ok steps=33 confidence=0.999800 elapsed=0.088s
2026-07-25 17:02:32,062 INFO Progress 2938/8281 status=ok steps=29 confidence=0.999865 elapsed=0.087s
2026-07-25 17:02:32,169 INFO Progress 2939/8281 status=ok steps=41 confidence=0.999861 elapsed=0.108s
2026-07-25 17:02:32,258 INFO Progress 2940/8281 status=ok steps=33 confidence=0.999717 elapsed=0.089s
2026-07-25 17:02:32,342 INFO Progress 2941/8281 status=ok steps=30 confidence=0.999171 elapsed=0.083s
2026-07-25 17:02:32,437 INFO Progress 2942/8281 status=ok steps=35 confidence=0.999932 elapsed=0.095s
2026-07-25 17:02:32,515 INFO Progress 2943/8281 status=ok steps=29 confidence=0.999760 elapsed=0.078s
2026-07-25 17:02:32,606 INFO Progress 2944/8281 status=ok steps=35 confidence=0.999951 elapsed=0.091s
2026-07-25 17:02:32,726 INFO Progress 2945/8281 status=ok steps=45 confidence=0.999971 elapsed=0.120s
2026-07-25 17:02:32,845 INFO Progress 2946/8281 status=ok steps=45 confidence=0.999977 elapsed=0.118s
2026-07-25 17:02:32,926 INFO Progress 2947/8281 status=ok steps=29 confidence=0.999971 elapsed=0.081s
2026-07-25 17:02:33,011 INFO Progress 2948/8281 status=ok steps=29 confidence=0.999865 elapsed=0.085s
2026-07-25 17:02:33,176 INFO Progress 2949/8281 status=ok steps=65 confidence=0.999996 elapsed=0.165s
2026-07-25 17:02:33,360 INFO Progress 2950/8281 status=ok steps=17 confidence=0.997339 elapsed=0.053s
2026-07-25 17:02:33,449 INFO Progress 2951/8281 status=ok steps=29 confidence=0.999924 elapsed=0.089s
2026-07-25 17:02:33,551 INFO Progress 2952/8281 status=ok steps=37 confidence=0.999776 elapsed=0.102s
2026-07-25 17:02:33,648 INFO Progress 2953/8281 status=ok steps=35 confidence=0.999939 elapsed=0.097s
2026-07-25 17:02:33,759 INFO Progress 2954/8281 status=ok steps=40 confidence=0.999879 elapsed=0.110s
2026-07-25 17:02:33,857 INFO Progress 2955/8281 status=ok steps=35 confidence=0.999903 elapsed=0.098s
2026-07-25 17:02:33,955 INFO Progress 2956/8281 status=ok steps=35 confidence=0.999992 elapsed=0.098s
2026-07-25 17:02:34,029 INFO Progress 2957/8281 status=ok steps=25 confidence=0.998826 elapsed=0.074s
2026-07-25 17:02:34,125 INFO Progress 2958/8281 status=ok steps=35 confidence=0.999988 elapsed=0.096s
2026-07-25 17:02:34,257 INFO Progress 2959/8281 status=ok steps=50 confidence=0.999794 elapsed=0.132s
2026-07-25 17:02:34,388 INFO Progress 2960/8281 status=ok steps=49 confidence=0.999949 elapsed=0.131s
2026-07-25 17:02:34,484 INFO Progress 2961/8281 status=ok steps=35 confidence=0.999874 elapsed=0.096s
2026-07-25 17:02:34,575 INFO Progress 2962/8281 status=ok steps=33 confidence=0.999993 elapsed=0.091s
2026-07-25 17:02:34,707 INFO Progress 2963/8281 status=ok steps=50 confidence=0.999892 elapsed=0.132s
2026-07-25 17:02:34,816 INFO Progress 2964/8281 status=ok steps=41 confidence=0.999803 elapsed=0.108s
2026-07-25 17:02:34,912 INFO Progress 2965/8281 status=ok steps=35 confidence=0.999977 elapsed=0.097s
2026-07-25 17:02:35,008 INFO Progress 2966/8281 status=ok steps=35 confidence=0.999982 elapsed=0.096s
2026-07-25 17:02:35,090 INFO Progress 2967/8281 status=ok steps=29 confidence=0.999994 elapsed=0.081s
2026-07-25 17:02:35,199 INFO Progress 2968/8281 status=ok steps=40 confidence=0.999996 elapsed=0.109s
2026-07-25 17:02:35,296 INFO Progress 2969/8281 status=ok steps=35 confidence=0.999804 elapsed=0.097s
2026-07-25 17:02:35,390 INFO Progress 2970/8281 status=ok steps=35 confidence=0.999937 elapsed=0.094s
2026-07-25 17:02:35,472 INFO Progress 2971/8281 status=ok steps=29 confidence=0.997562 elapsed=0.082s
2026-07-25 17:02:35,626 INFO Progress 2972/8281 status=ok steps=59 confidence=0.999978 elapsed=0.154s
2026-07-25 17:02:35,705 INFO Progress 2973/8281 status=ok steps=29 confidence=0.997833 elapsed=0.079s
2026-07-25 17:02:35,844 INFO Progress 2974/8281 status=ok steps=55 confidence=0.999943 elapsed=0.139s
2026-07-25 17:02:35,993 INFO Progress 2975/8281 status=ok steps=25 confidence=0.999852 elapsed=0.070s
2026-07-25 17:02:36,118 INFO Progress 2976/8281 status=ok steps=47 confidence=0.999991 elapsed=0.124s
2026-07-25 17:02:36,205 INFO Progress 2977/8281 status=ok steps=32 confidence=0.999840 elapsed=0.087s
2026-07-25 17:02:36,298 INFO Progress 2978/8281 status=ok steps=35 confidence=0.999988 elapsed=0.093s
2026-07-25 17:02:36,389 INFO Progress 2979/8281 status=ok steps=35 confidence=0.999856 elapsed=0.091s
2026-07-25 17:02:36,553 INFO Progress 2980/8281 status=ok steps=61 confidence=0.999948 elapsed=0.163s
2026-07-25 17:02:36,654 INFO Progress 2981/8281 status=ok steps=35 confidence=0.999874 elapsed=0.100s
2026-07-25 17:02:36,844 INFO Progress 2982/8281 status=ok steps=71 confidence=0.999995 elapsed=0.190s
2026-07-25 17:02:36,936 INFO Progress 2983/8281 status=ok steps=35 confidence=0.999869 elapsed=0.091s
2026-07-25 17:02:37,032 INFO Progress 2984/8281 status=ok steps=37 confidence=0.999987 elapsed=0.096s
2026-07-25 17:02:37,231 INFO Progress 2985/8281 status=ok steps=80 confidence=0.999965 elapsed=0.199s
2026-07-25 17:02:37,408 INFO Progress 2986/8281 status=ok steps=71 confidence=0.999993 elapsed=0.177s
2026-07-25 17:02:37,494 INFO Progress 2987/8281 status=ok steps=33 confidence=0.999991 elapsed=0.087s
2026-07-25 17:02:37,585 INFO Progress 2988/8281 status=ok steps=33 confidence=0.999995 elapsed=0.090s
2026-07-25 17:02:37,664 INFO Progress 2989/8281 status=ok steps=29 confidence=0.999840 elapsed=0.080s
2026-07-25 17:02:37,864 INFO Progress 2990/8281 status=ok steps=77 confidence=0.999997 elapsed=0.200s
2026-07-25 17:02:37,951 INFO Progress 2991/8281 status=ok steps=33 confidence=0.999891 elapsed=0.087s
2026-07-25 17:02:38,131 INFO Progress 2992/8281 status=ok steps=61 confidence=0.997962 elapsed=0.179s
2026-07-25 17:02:38,232 INFO Progress 2993/8281 status=ok steps=37 confidence=0.999963 elapsed=0.101s
2026-07-25 17:02:38,475 INFO Progress 2994/8281 status=ok steps=95 confidence=0.999960 elapsed=0.243s
2026-07-25 17:02:38,567 INFO Progress 2995/8281 status=ok steps=33 confidence=0.979044 elapsed=0.092s
2026-07-25 17:02:38,693 INFO Progress 2996/8281 status=ok steps=47 confidence=0.999944 elapsed=0.126s
2026-07-25 17:02:38,809 INFO Progress 2997/8281 status=ok steps=45 confidence=0.999983 elapsed=0.116s
2026-07-25 17:02:38,938 INFO Progress 2998/8281 status=ok steps=47 confidence=0.999988 elapsed=0.129s
2026-07-25 17:02:39,034 INFO Progress 2999/8281 status=ok steps=35 confidence=0.999829 elapsed=0.096s
2026-07-25 17:02:39,326 INFO Progress 3000/8281 status=ok steps=69 confidence=0.999804 elapsed=0.177s
2026-07-25 17:02:39,439 INFO Progress 3001/8281 status=ok steps=41 confidence=0.999885 elapsed=0.113s
2026-07-25 17:02:39,620 INFO Progress 3002/8281 status=ok steps=68 confidence=0.999935 elapsed=0.181s
2026-07-25 17:02:39,754 INFO Progress 3003/8281 status=ok steps=50 confidence=0.999993 elapsed=0.134s
2026-07-25 17:02:39,841 INFO Progress 3004/8281 status=ok steps=29 confidence=0.999284 elapsed=0.087s
2026-07-25 17:02:39,966 INFO Progress 3005/8281 status=ok steps=47 confidence=0.999996 elapsed=0.125s
2026-07-25 17:02:40,094 INFO Progress 3006/8281 status=ok steps=47 confidence=0.999988 elapsed=0.127s
2026-07-25 17:02:40,228 INFO Progress 3007/8281 status=ok steps=53 confidence=0.999973 elapsed=0.134s
2026-07-25 17:02:40,421 INFO Progress 3008/8281 status=ok steps=77 confidence=0.999972 elapsed=0.193s
2026-07-25 17:02:40,503 INFO Progress 3009/8281 status=ok steps=30 confidence=0.999989 elapsed=0.082s
2026-07-25 17:02:40,583 INFO Progress 3010/8281 status=ok steps=29 confidence=0.999944 elapsed=0.080s
2026-07-25 17:02:40,722 INFO Progress 3011/8281 status=ok steps=53 confidence=0.999938 elapsed=0.139s
2026-07-25 17:02:40,821 INFO Progress 3012/8281 status=ok steps=37 confidence=0.999876 elapsed=0.099s
2026-07-25 17:02:40,959 INFO Progress 3013/8281 status=ok steps=53 confidence=0.999996 elapsed=0.138s
2026-07-25 17:02:41,116 INFO Progress 3014/8281 status=ok steps=61 confidence=0.999993 elapsed=0.156s
2026-07-25 17:02:41,199 INFO Progress 3015/8281 status=ok steps=30 confidence=0.999930 elapsed=0.083s
2026-07-25 17:02:41,310 INFO Progress 3016/8281 status=ok steps=41 confidence=0.999952 elapsed=0.111s
2026-07-25 17:02:41,376 INFO Progress 3017/8281 status=ok steps=23 confidence=0.999940 elapsed=0.065s
2026-07-25 17:02:41,509 INFO Progress 3018/8281 status=ok steps=50 confidence=0.999625 elapsed=0.133s
2026-07-25 17:02:41,592 INFO Progress 3019/8281 status=ok steps=30 confidence=0.999839 elapsed=0.082s
2026-07-25 17:02:41,745 INFO Progress 3020/8281 status=ok steps=59 confidence=0.999976 elapsed=0.153s
2026-07-25 17:02:41,840 INFO Progress 3021/8281 status=ok steps=35 confidence=0.999984 elapsed=0.095s
2026-07-25 17:02:41,958 INFO Progress 3022/8281 status=ok steps=45 confidence=0.999993 elapsed=0.117s
2026-07-25 17:02:42,044 INFO Progress 3023/8281 status=ok steps=33 confidence=0.997638 elapsed=0.086s
2026-07-25 17:02:42,124 INFO Progress 3024/8281 status=ok steps=23 confidence=0.999755 elapsed=0.080s
2026-07-25 17:02:42,549 INFO Progress 3025/8281 status=ok steps=41 confidence=0.999978 elapsed=0.113s
2026-07-25 17:02:42,631 INFO Progress 3026/8281 status=ok steps=29 confidence=0.999654 elapsed=0.081s
2026-07-25 17:02:42,717 INFO Progress 3027/8281 status=ok steps=33 confidence=0.999894 elapsed=0.086s
2026-07-25 17:02:42,872 INFO Progress 3028/8281 status=ok steps=61 confidence=0.999698 elapsed=0.155s
2026-07-25 17:02:42,986 INFO Progress 3029/8281 status=ok steps=41 confidence=0.999949 elapsed=0.114s
2026-07-25 17:02:43,044 INFO Progress 3030/8281 status=ok steps=20 confidence=0.999975 elapsed=0.057s
2026-07-25 17:02:43,136 INFO Progress 3031/8281 status=ok steps=35 confidence=0.998537 elapsed=0.092s
2026-07-25 17:02:43,240 INFO Progress 3032/8281 status=ok steps=41 confidence=0.999868 elapsed=0.105s
2026-07-25 17:02:43,334 INFO Progress 3033/8281 status=ok steps=35 confidence=0.999893 elapsed=0.093s
2026-07-25 17:02:43,404 INFO Progress 3034/8281 status=ok steps=26 confidence=0.999381 elapsed=0.070s
2026-07-25 17:02:43,512 INFO Progress 3035/8281 status=ok steps=40 confidence=0.999884 elapsed=0.108s
2026-07-25 17:02:43,667 INFO Progress 3036/8281 status=ok steps=59 confidence=0.993166 elapsed=0.155s
2026-07-25 17:02:43,831 INFO Progress 3037/8281 status=ok steps=61 confidence=0.999756 elapsed=0.164s
2026-07-25 17:02:43,920 INFO Progress 3038/8281 status=ok steps=33 confidence=0.999963 elapsed=0.088s
2026-07-25 17:02:43,967 INFO Progress 3039/8281 status=ok steps=15 confidence=0.999746 elapsed=0.047s
2026-07-25 17:02:44,065 INFO Progress 3040/8281 status=ok steps=37 confidence=0.999977 elapsed=0.097s
2026-07-25 17:02:44,193 INFO Progress 3041/8281 status=ok steps=50 confidence=0.999579 elapsed=0.128s
2026-07-25 17:02:44,292 INFO Progress 3042/8281 status=ok steps=37 confidence=0.999970 elapsed=0.098s
2026-07-25 17:02:44,355 INFO Progress 3043/8281 status=ok steps=21 confidence=0.999152 elapsed=0.063s
2026-07-25 17:02:44,447 INFO Progress 3044/8281 status=ok steps=35 confidence=0.999994 elapsed=0.092s
2026-07-25 17:02:44,577 INFO Progress 3045/8281 status=ok steps=47 confidence=0.999988 elapsed=0.129s
2026-07-25 17:02:44,655 INFO Progress 3046/8281 status=ok steps=29 confidence=0.999821 elapsed=0.078s
2026-07-25 17:02:44,737 INFO Progress 3047/8281 status=ok steps=29 confidence=0.999947 elapsed=0.081s
2026-07-25 17:02:44,878 INFO Progress 3048/8281 status=ok steps=53 confidence=0.999864 elapsed=0.141s
2026-07-25 17:02:44,996 INFO Progress 3049/8281 status=ok steps=45 confidence=0.999949 elapsed=0.117s
2026-07-25 17:02:45,268 INFO Progress 3050/8281 status=ok steps=29 confidence=0.999914 elapsed=0.078s
2026-07-25 17:02:45,366 INFO Progress 3051/8281 status=ok steps=35 confidence=0.999912 elapsed=0.098s
2026-07-25 17:02:45,485 INFO Progress 3052/8281 status=ok steps=41 confidence=0.999515 elapsed=0.119s
2026-07-25 17:02:45,597 INFO Progress 3053/8281 status=ok steps=40 confidence=0.999554 elapsed=0.112s
2026-07-25 17:02:45,702 INFO Progress 3054/8281 status=ok steps=41 confidence=0.999986 elapsed=0.105s
2026-07-25 17:02:45,767 INFO Progress 3055/8281 status=ok steps=23 confidence=0.999734 elapsed=0.064s
2026-07-25 17:02:45,835 INFO Progress 3056/8281 status=ok steps=25 confidence=0.999944 elapsed=0.068s
2026-07-25 17:02:45,894 INFO Progress 3057/8281 status=ok steps=20 confidence=0.999952 elapsed=0.059s
2026-07-25 17:02:45,959 INFO Progress 3058/8281 status=ok steps=23 confidence=0.999884 elapsed=0.065s
2026-07-25 17:02:46,068 INFO Progress 3059/8281 status=ok steps=40 confidence=0.999846 elapsed=0.109s
2026-07-25 17:02:46,150 INFO Progress 3060/8281 status=ok steps=29 confidence=0.997850 elapsed=0.082s
2026-07-25 17:02:46,247 INFO Progress 3061/8281 status=ok steps=35 confidence=0.999872 elapsed=0.097s
2026-07-25 17:02:46,356 INFO Progress 3062/8281 status=ok steps=40 confidence=0.999442 elapsed=0.109s
2026-07-25 17:02:46,601 INFO Progress 3063/8281 status=ok steps=93 confidence=0.999962 elapsed=0.246s
2026-07-25 17:02:46,697 INFO Progress 3064/8281 status=ok steps=35 confidence=0.999980 elapsed=0.095s
2026-07-25 17:02:46,806 INFO Progress 3065/8281 status=ok steps=41 confidence=0.999972 elapsed=0.109s
2026-07-25 17:02:46,865 INFO Progress 3066/8281 status=ok steps=20 confidence=0.999478 elapsed=0.058s
2026-07-25 17:02:46,996 INFO Progress 3067/8281 status=ok steps=47 confidence=0.999021 elapsed=0.130s
2026-07-25 17:02:47,062 INFO Progress 3068/8281 status=ok steps=23 confidence=0.999777 elapsed=0.066s
2026-07-25 17:02:47,171 INFO Progress 3069/8281 status=ok steps=40 confidence=0.999879 elapsed=0.110s
2026-07-25 17:02:47,278 INFO Progress 3070/8281 status=ok steps=41 confidence=0.999967 elapsed=0.107s
2026-07-25 17:02:47,403 INFO Progress 3071/8281 status=ok steps=47 confidence=0.999966 elapsed=0.124s
2026-07-25 17:02:47,484 INFO Progress 3072/8281 status=ok steps=29 confidence=0.998868 elapsed=0.080s
2026-07-25 17:02:47,565 INFO Progress 3073/8281 status=ok steps=29 confidence=0.999899 elapsed=0.081s
2026-07-25 17:02:47,658 INFO Progress 3074/8281 status=ok steps=35 confidence=0.999923 elapsed=0.093s
2026-07-25 17:02:47,842 INFO Progress 3075/8281 status=ok steps=21 confidence=0.999949 elapsed=0.061s
2026-07-25 17:02:47,956 INFO Progress 3076/8281 status=ok steps=41 confidence=0.999850 elapsed=0.114s
2026-07-25 17:02:48,101 INFO Progress 3077/8281 status=ok steps=53 confidence=0.996180 elapsed=0.144s
2026-07-25 17:02:48,220 INFO Progress 3078/8281 status=ok steps=45 confidence=0.994642 elapsed=0.119s
2026-07-25 17:02:48,306 INFO Progress 3079/8281 status=ok steps=29 confidence=0.999980 elapsed=0.086s
2026-07-25 17:02:48,404 INFO Progress 3080/8281 status=ok steps=33 confidence=0.999930 elapsed=0.098s
2026-07-25 17:02:48,483 INFO Progress 3081/8281 status=ok steps=29 confidence=0.999821 elapsed=0.079s
2026-07-25 17:02:48,575 INFO Progress 3082/8281 status=ok steps=35 confidence=0.999915 elapsed=0.092s
2026-07-25 17:02:48,739 INFO Progress 3083/8281 status=ok steps=65 confidence=0.999507 elapsed=0.164s
2026-07-25 17:02:48,891 INFO Progress 3084/8281 status=ok steps=59 confidence=0.999978 elapsed=0.151s
2026-07-25 17:02:48,969 INFO Progress 3085/8281 status=ok steps=29 confidence=0.999974 elapsed=0.078s
2026-07-25 17:02:49,027 INFO Progress 3086/8281 status=ok steps=20 confidence=0.999885 elapsed=0.058s
2026-07-25 17:02:49,107 INFO Progress 3087/8281 status=ok steps=29 confidence=0.999899 elapsed=0.080s
2026-07-25 17:02:49,204 INFO Progress 3088/8281 status=ok steps=35 confidence=0.985474 elapsed=0.096s
2026-07-25 17:02:49,423 INFO Progress 3089/8281 status=ok steps=83 confidence=0.999989 elapsed=0.219s
2026-07-25 17:02:49,534 INFO Progress 3090/8281 status=ok steps=40 confidence=0.999840 elapsed=0.111s
2026-07-25 17:02:49,625 INFO Progress 3091/8281 status=ok steps=35 confidence=0.999964 elapsed=0.091s
2026-07-25 17:02:49,798 INFO Progress 3092/8281 status=ok steps=69 confidence=0.999872 elapsed=0.173s
2026-07-25 17:02:49,890 INFO Progress 3093/8281 status=ok steps=35 confidence=0.999698 elapsed=0.092s
2026-07-25 17:02:49,967 INFO Progress 3094/8281 status=ok steps=29 confidence=0.999914 elapsed=0.077s
2026-07-25 17:02:50,089 INFO Progress 3095/8281 status=ok steps=45 confidence=0.999543 elapsed=0.122s
2026-07-25 17:02:50,224 INFO Progress 3096/8281 status=ok steps=53 confidence=0.999644 elapsed=0.134s
2026-07-25 17:02:50,348 INFO Progress 3097/8281 status=ok steps=47 confidence=0.999942 elapsed=0.124s
2026-07-25 17:02:50,571 INFO Progress 3098/8281 status=ok steps=85 confidence=0.999870 elapsed=0.222s
2026-07-25 17:02:50,833 INFO Progress 3099/8281 status=ok steps=103 confidence=0.999990 elapsed=0.262s
2026-07-25 17:02:51,107 INFO Progress 3100/8281 status=ok steps=60 confidence=0.999804 elapsed=0.161s
2026-07-25 17:02:51,195 INFO Progress 3101/8281 status=ok steps=30 confidence=0.999977 elapsed=0.088s
2026-07-25 17:02:51,297 INFO Progress 3102/8281 status=ok steps=37 confidence=0.999944 elapsed=0.102s
2026-07-25 17:02:51,386 INFO Progress 3103/8281 status=ok steps=33 confidence=0.999753 elapsed=0.089s
2026-07-25 17:02:51,540 INFO Progress 3104/8281 status=ok steps=59 confidence=0.999991 elapsed=0.154s
2026-07-25 17:02:51,604 INFO Progress 3105/8281 status=ok steps=23 confidence=0.999724 elapsed=0.064s
2026-07-25 17:02:51,766 INFO Progress 3106/8281 status=ok steps=61 confidence=0.983136 elapsed=0.162s
2026-07-25 17:02:51,864 INFO Progress 3107/8281 status=ok steps=37 confidence=0.999969 elapsed=0.098s
2026-07-25 17:02:51,970 INFO Progress 3108/8281 status=ok steps=41 confidence=0.999964 elapsed=0.106s
2026-07-25 17:02:52,048 INFO Progress 3109/8281 status=ok steps=29 confidence=0.999989 elapsed=0.078s
2026-07-25 17:02:52,155 INFO Progress 3110/8281 status=ok steps=41 confidence=0.999961 elapsed=0.107s
2026-07-25 17:02:52,296 INFO Progress 3111/8281 status=ok steps=55 confidence=0.999996 elapsed=0.141s
2026-07-25 17:02:52,470 INFO Progress 3112/8281 status=ok steps=68 confidence=0.999768 elapsed=0.174s
2026-07-25 17:02:52,610 INFO Progress 3113/8281 status=ok steps=55 confidence=0.999977 elapsed=0.140s
2026-07-25 17:02:52,784 INFO Progress 3114/8281 status=ok steps=68 confidence=0.999877 elapsed=0.175s
2026-07-25 17:02:52,876 INFO Progress 3115/8281 status=ok steps=35 confidence=0.999857 elapsed=0.092s
2026-07-25 17:02:52,997 INFO Progress 3116/8281 status=ok steps=47 confidence=0.999858 elapsed=0.121s
2026-07-25 17:02:53,093 INFO Progress 3117/8281 status=ok steps=37 confidence=0.999965 elapsed=0.096s
2026-07-25 17:02:53,243 INFO Progress 3118/8281 status=ok steps=59 confidence=0.999990 elapsed=0.149s
2026-07-25 17:02:53,304 INFO Progress 3119/8281 status=ok steps=21 confidence=0.999794 elapsed=0.061s
2026-07-25 17:02:53,381 INFO Progress 3120/8281 status=ok steps=29 confidence=0.991099 elapsed=0.078s
2026-07-25 17:02:53,504 INFO Progress 3121/8281 status=ok steps=45 confidence=0.999984 elapsed=0.122s
2026-07-25 17:02:53,615 INFO Progress 3122/8281 status=ok steps=41 confidence=0.999560 elapsed=0.111s
2026-07-25 17:02:53,762 INFO Progress 3123/8281 status=ok steps=55 confidence=0.999633 elapsed=0.147s
2026-07-25 17:02:53,927 INFO Progress 3124/8281 status=ok steps=65 confidence=0.999938 elapsed=0.165s
2026-07-25 17:02:54,440 INFO Progress 3125/8281 status=ok steps=37 confidence=0.999954 elapsed=0.097s
2026-07-25 17:02:54,538 INFO Progress 3126/8281 status=ok steps=35 confidence=0.999994 elapsed=0.097s
2026-07-25 17:02:54,776 INFO Progress 3127/8281 status=ok steps=93 confidence=0.999959 elapsed=0.237s
2026-07-25 17:02:54,842 INFO Progress 3128/8281 status=ok steps=23 confidence=0.999459 elapsed=0.066s
2026-07-25 17:02:54,948 INFO Progress 3129/8281 status=ok steps=41 confidence=0.999963 elapsed=0.106s
2026-07-25 17:02:55,006 INFO Progress 3130/8281 status=ok steps=20 confidence=0.999890 elapsed=0.058s
2026-07-25 17:02:55,154 INFO Progress 3131/8281 status=ok steps=59 confidence=0.999970 elapsed=0.148s
2026-07-25 17:02:55,223 INFO Progress 3132/8281 status=ok steps=25 confidence=0.999983 elapsed=0.069s
2026-07-25 17:02:55,323 INFO Progress 3133/8281 status=ok steps=37 confidence=0.999896 elapsed=0.100s
2026-07-25 17:02:55,411 INFO Progress 3134/8281 status=ok steps=33 confidence=0.999904 elapsed=0.088s
2026-07-25 17:02:55,590 INFO Progress 3135/8281 status=ok steps=71 confidence=0.999993 elapsed=0.179s
2026-07-25 17:02:55,696 INFO Progress 3136/8281 status=ok steps=41 confidence=0.999530 elapsed=0.105s
2026-07-25 17:02:55,776 INFO Progress 3137/8281 status=ok steps=29 confidence=0.998860 elapsed=0.080s
2026-07-25 17:02:55,870 INFO Progress 3138/8281 status=ok steps=35 confidence=0.999984 elapsed=0.094s
2026-07-25 17:02:55,965 INFO Progress 3139/8281 status=ok steps=35 confidence=0.999935 elapsed=0.094s
2026-07-25 17:02:56,029 INFO Progress 3140/8281 status=ok steps=23 confidence=0.999898 elapsed=0.065s
2026-07-25 17:02:56,138 INFO Progress 3141/8281 status=ok steps=40 confidence=0.999433 elapsed=0.109s
2026-07-25 17:02:56,218 INFO Progress 3142/8281 status=ok steps=29 confidence=0.999767 elapsed=0.080s
2026-07-25 17:02:56,331 INFO Progress 3143/8281 status=ok steps=41 confidence=0.999968 elapsed=0.113s
2026-07-25 17:02:56,458 INFO Progress 3144/8281 status=ok steps=45 confidence=0.999928 elapsed=0.126s
2026-07-25 17:02:56,544 INFO Progress 3145/8281 status=ok steps=33 confidence=0.999980 elapsed=0.086s
2026-07-25 17:02:56,657 INFO Progress 3146/8281 status=ok steps=45 confidence=0.999789 elapsed=0.114s
2026-07-25 17:02:56,816 INFO Progress 3147/8281 status=ok steps=61 confidence=0.999865 elapsed=0.158s
2026-07-25 17:02:56,911 INFO Progress 3148/8281 status=ok steps=35 confidence=0.999969 elapsed=0.095s
2026-07-25 17:02:57,052 INFO Progress 3149/8281 status=ok steps=55 confidence=0.999996 elapsed=0.141s
2026-07-25 17:02:57,338 INFO Progress 3150/8281 status=ok steps=41 confidence=0.999922 elapsed=0.111s
2026-07-25 17:02:57,427 INFO Progress 3151/8281 status=ok steps=29 confidence=0.999828 elapsed=0.089s
2026-07-25 17:02:57,538 INFO Progress 3152/8281 status=ok steps=40 confidence=0.999862 elapsed=0.111s
2026-07-25 17:02:57,619 INFO Progress 3153/8281 status=ok steps=29 confidence=0.999519 elapsed=0.081s
2026-07-25 17:02:57,682 INFO Progress 3154/8281 status=ok steps=23 confidence=0.999505 elapsed=0.063s
2026-07-25 17:02:57,760 INFO Progress 3155/8281 status=ok steps=29 confidence=0.999993 elapsed=0.077s
2026-07-25 17:02:57,855 INFO Progress 3156/8281 status=ok steps=33 confidence=0.999964 elapsed=0.094s
2026-07-25 17:02:57,961 INFO Progress 3157/8281 status=ok steps=41 confidence=0.999956 elapsed=0.107s
2026-07-25 17:02:58,039 INFO Progress 3158/8281 status=ok steps=29 confidence=0.999916 elapsed=0.078s
2026-07-25 17:02:58,107 INFO Progress 3159/8281 status=ok steps=23 confidence=0.999929 elapsed=0.068s
2026-07-25 17:02:58,225 INFO Progress 3160/8281 status=ok steps=45 confidence=0.999996 elapsed=0.118s
2026-07-25 17:02:58,349 INFO Progress 3161/8281 status=ok steps=47 confidence=0.999021 elapsed=0.124s
2026-07-25 17:02:58,456 INFO Progress 3162/8281 status=ok steps=41 confidence=0.999941 elapsed=0.107s
2026-07-25 17:02:58,514 INFO Progress 3163/8281 status=ok steps=20 confidence=0.999478 elapsed=0.058s
2026-07-25 17:02:58,597 INFO Progress 3164/8281 status=ok steps=30 confidence=0.999923 elapsed=0.083s
2026-07-25 17:02:58,709 INFO Progress 3165/8281 status=ok steps=41 confidence=0.999916 elapsed=0.112s
2026-07-25 17:02:58,887 INFO Progress 3166/8281 status=ok steps=69 confidence=0.999992 elapsed=0.177s
2026-07-25 17:02:58,938 INFO Progress 3167/8281 status=ok steps=17 confidence=0.999960 elapsed=0.051s
2026-07-25 17:02:59,043 INFO Progress 3168/8281 status=ok steps=40 confidence=0.999984 elapsed=0.105s
2026-07-25 17:02:59,132 INFO Progress 3169/8281 status=ok steps=33 confidence=0.999990 elapsed=0.089s
2026-07-25 17:02:59,312 INFO Progress 3170/8281 status=ok steps=65 confidence=0.999928 elapsed=0.180s
2026-07-25 17:02:59,406 INFO Progress 3171/8281 status=ok steps=35 confidence=0.999948 elapsed=0.094s
2026-07-25 17:02:59,488 INFO Progress 3172/8281 status=ok steps=29 confidence=0.997562 elapsed=0.082s
2026-07-25 17:02:59,622 INFO Progress 3173/8281 status=ok steps=50 confidence=0.999987 elapsed=0.134s
2026-07-25 17:02:59,734 INFO Progress 3174/8281 status=ok steps=41 confidence=0.999947 elapsed=0.112s
2026-07-25 17:02:59,971 INFO Progress 3175/8281 status=ok steps=57 confidence=0.999968 elapsed=0.146s
2026-07-25 17:03:00,106 INFO Progress 3176/8281 status=ok steps=53 confidence=0.999800 elapsed=0.135s
2026-07-25 17:03:00,250 INFO Progress 3177/8281 status=ok steps=54 confidence=0.999178 elapsed=0.144s
2026-07-25 17:03:00,387 INFO Progress 3178/8281 status=ok steps=53 confidence=0.999986 elapsed=0.137s
2026-07-25 17:03:00,473 INFO Progress 3179/8281 status=ok steps=29 confidence=0.999909 elapsed=0.085s
2026-07-25 17:03:00,568 INFO Progress 3180/8281 status=ok steps=35 confidence=0.999938 elapsed=0.095s
2026-07-25 17:03:00,709 INFO Progress 3181/8281 status=ok steps=53 confidence=0.999993 elapsed=0.141s
2026-07-25 17:03:00,807 INFO Progress 3182/8281 status=ok steps=33 confidence=0.999697 elapsed=0.097s
2026-07-25 17:03:00,887 INFO Progress 3183/8281 status=ok steps=29 confidence=0.999828 elapsed=0.080s
2026-07-25 17:03:00,992 INFO Progress 3184/8281 status=ok steps=41 confidence=0.999988 elapsed=0.105s
2026-07-25 17:03:01,074 INFO Progress 3185/8281 status=ok steps=30 confidence=0.978977 elapsed=0.082s
2026-07-25 17:03:01,155 INFO Progress 3186/8281 status=ok steps=29 confidence=0.999293 elapsed=0.081s
2026-07-25 17:03:01,249 INFO Progress 3187/8281 status=ok steps=35 confidence=0.999861 elapsed=0.094s
2026-07-25 17:03:01,339 INFO Progress 3188/8281 status=ok steps=33 confidence=0.999990 elapsed=0.089s
2026-07-25 17:03:01,438 INFO Progress 3189/8281 status=ok steps=37 confidence=0.999985 elapsed=0.099s
2026-07-25 17:03:01,533 INFO Progress 3190/8281 status=ok steps=35 confidence=0.999874 elapsed=0.095s
2026-07-25 17:03:01,643 INFO Progress 3191/8281 status=ok steps=41 confidence=0.999879 elapsed=0.110s
2026-07-25 17:03:01,799 INFO Progress 3192/8281 status=ok steps=59 confidence=0.999990 elapsed=0.156s
2026-07-25 17:03:01,920 INFO Progress 3193/8281 status=ok steps=45 confidence=0.999968 elapsed=0.120s
2026-07-25 17:03:01,979 INFO Progress 3194/8281 status=ok steps=21 confidence=0.999986 elapsed=0.059s
2026-07-25 17:03:02,069 INFO Progress 3195/8281 status=ok steps=33 confidence=0.999963 elapsed=0.090s
2026-07-25 17:03:02,263 INFO Progress 3196/8281 status=ok steps=75 confidence=0.999719 elapsed=0.194s
2026-07-25 17:03:02,363 INFO Progress 3197/8281 status=ok steps=37 confidence=0.999995 elapsed=0.099s
2026-07-25 17:03:02,448 INFO Progress 3198/8281 status=ok steps=33 confidence=0.999904 elapsed=0.085s
2026-07-25 17:03:02,582 INFO Progress 3199/8281 status=ok steps=53 confidence=0.999977 elapsed=0.134s
2026-07-25 17:03:03,004 INFO Progress 3200/8281 status=ok steps=125 confidence=0.999954 elapsed=0.332s
2026-07-25 17:03:03,143 INFO Progress 3201/8281 status=ok steps=54 confidence=0.999178 elapsed=0.138s
2026-07-25 17:03:03,284 INFO Progress 3202/8281 status=ok steps=53 confidence=0.999771 elapsed=0.141s
2026-07-25 17:03:03,429 INFO Progress 3203/8281 status=ok steps=54 confidence=0.999178 elapsed=0.145s
2026-07-25 17:03:03,500 INFO Progress 3204/8281 status=ok steps=25 confidence=0.999951 elapsed=0.071s
2026-07-25 17:03:03,617 INFO Progress 3205/8281 status=ok steps=45 confidence=0.999983 elapsed=0.117s
2026-07-25 17:03:03,704 INFO Progress 3206/8281 status=ok steps=33 confidence=0.999990 elapsed=0.086s
2026-07-25 17:03:03,783 INFO Progress 3207/8281 status=ok steps=29 confidence=0.999971 elapsed=0.079s
2026-07-25 17:03:03,921 INFO Progress 3208/8281 status=ok steps=53 confidence=0.999684 elapsed=0.137s
2026-07-25 17:03:04,099 INFO Progress 3209/8281 status=ok steps=69 confidence=0.999238 elapsed=0.179s
2026-07-25 17:03:04,195 INFO Progress 3210/8281 status=ok steps=37 confidence=0.999956 elapsed=0.095s
2026-07-25 17:03:04,328 INFO Progress 3211/8281 status=ok steps=53 confidence=0.999983 elapsed=0.133s
2026-07-25 17:03:04,396 INFO Progress 3212/8281 status=ok steps=25 confidence=0.999970 elapsed=0.068s
2026-07-25 17:03:04,512 INFO Progress 3213/8281 status=ok steps=45 confidence=0.999848 elapsed=0.116s
2026-07-25 17:03:04,580 INFO Progress 3214/8281 status=ok steps=25 confidence=0.999234 elapsed=0.068s
2026-07-25 17:03:04,693 INFO Progress 3215/8281 status=ok steps=40 confidence=0.999784 elapsed=0.113s
2026-07-25 17:03:04,804 INFO Progress 3216/8281 status=ok steps=40 confidence=0.999789 elapsed=0.110s
2026-07-25 17:03:04,972 INFO Progress 3217/8281 status=ok steps=65 confidence=0.999991 elapsed=0.168s
2026-07-25 17:03:05,032 INFO Progress 3218/8281 status=ok steps=20 confidence=0.999860 elapsed=0.060s
2026-07-25 17:03:05,100 INFO Progress 3219/8281 status=ok steps=25 confidence=0.999976 elapsed=0.068s
2026-07-25 17:03:05,220 INFO Progress 3220/8281 status=ok steps=47 confidence=0.999825 elapsed=0.120s
2026-07-25 17:03:05,358 INFO Progress 3221/8281 status=ok steps=54 confidence=0.999883 elapsed=0.138s
2026-07-25 17:03:05,446 INFO Progress 3222/8281 status=ok steps=33 confidence=0.999795 elapsed=0.088s
2026-07-25 17:03:05,543 INFO Progress 3223/8281 status=ok steps=37 confidence=0.999988 elapsed=0.096s
2026-07-25 17:03:05,701 INFO Progress 3224/8281 status=ok steps=61 confidence=0.999534 elapsed=0.158s
2026-07-25 17:03:05,901 INFO Progress 3225/8281 status=ok steps=40 confidence=0.999764 elapsed=0.110s
2026-07-25 17:03:06,028 INFO Progress 3226/8281 status=ok steps=50 confidence=0.999994 elapsed=0.126s
2026-07-25 17:03:06,178 INFO Progress 3227/8281 status=ok steps=59 confidence=0.999918 elapsed=0.150s
2026-07-25 17:03:06,411 INFO Progress 3228/8281 status=ok steps=93 confidence=0.999985 elapsed=0.233s
2026-07-25 17:03:06,512 INFO Progress 3229/8281 status=ok steps=40 confidence=0.983122 elapsed=0.101s
2026-07-25 17:03:06,726 INFO Progress 3230/8281 status=ok steps=85 confidence=0.999900 elapsed=0.214s
2026-07-25 17:03:06,868 INFO Progress 3231/8281 status=ok steps=55 confidence=0.999996 elapsed=0.141s
2026-07-25 17:03:06,948 INFO Progress 3232/8281 status=ok steps=29 confidence=0.999974 elapsed=0.080s
2026-07-25 17:03:07,036 INFO Progress 3233/8281 status=ok steps=33 confidence=0.999994 elapsed=0.088s
2026-07-25 17:03:07,178 INFO Progress 3234/8281 status=ok steps=55 confidence=0.999783 elapsed=0.142s
2026-07-25 17:03:07,289 INFO Progress 3235/8281 status=ok steps=41 confidence=0.999991 elapsed=0.111s
2026-07-25 17:03:07,381 INFO Progress 3236/8281 status=ok steps=35 confidence=0.999813 elapsed=0.092s
2026-07-25 17:03:07,507 INFO Progress 3237/8281 status=ok steps=47 confidence=0.999451 elapsed=0.126s
2026-07-25 17:03:07,626 INFO Progress 3238/8281 status=ok steps=45 confidence=0.999683 elapsed=0.119s
2026-07-25 17:03:07,725 INFO Progress 3239/8281 status=ok steps=37 confidence=0.999936 elapsed=0.099s
2026-07-25 17:03:07,827 INFO Progress 3240/8281 status=ok steps=37 confidence=0.999605 elapsed=0.101s
2026-07-25 17:03:07,895 INFO Progress 3241/8281 status=ok steps=25 confidence=0.999972 elapsed=0.069s
2026-07-25 17:03:07,983 INFO Progress 3242/8281 status=ok steps=33 confidence=0.999987 elapsed=0.088s
2026-07-25 17:03:08,077 INFO Progress 3243/8281 status=ok steps=35 confidence=0.999891 elapsed=0.094s
2026-07-25 17:03:08,173 INFO Progress 3244/8281 status=ok steps=35 confidence=0.999882 elapsed=0.095s
2026-07-25 17:03:08,341 INFO Progress 3245/8281 status=ok steps=65 confidence=0.999951 elapsed=0.168s
2026-07-25 17:03:08,444 INFO Progress 3246/8281 status=ok steps=35 confidence=0.999996 elapsed=0.103s
2026-07-25 17:03:08,614 INFO Progress 3247/8281 status=ok steps=68 confidence=0.999997 elapsed=0.170s
2026-07-25 17:03:08,709 INFO Progress 3248/8281 status=ok steps=37 confidence=0.999956 elapsed=0.094s
2026-07-25 17:03:08,813 INFO Progress 3249/8281 status=ok steps=40 confidence=0.999996 elapsed=0.104s
2026-07-25 17:03:09,056 INFO Progress 3250/8281 status=ok steps=41 confidence=0.999995 elapsed=0.103s
2026-07-25 17:03:09,163 INFO Progress 3251/8281 status=ok steps=41 confidence=0.999945 elapsed=0.108s
2026-07-25 17:03:09,243 INFO Progress 3252/8281 status=ok steps=30 confidence=0.999926 elapsed=0.079s
2026-07-25 17:03:09,325 INFO Progress 3253/8281 status=ok steps=30 confidence=0.999981 elapsed=0.083s
2026-07-25 17:03:09,478 INFO Progress 3254/8281 status=ok steps=61 confidence=0.999943 elapsed=0.152s
2026-07-25 17:03:09,567 INFO Progress 3255/8281 status=ok steps=33 confidence=0.999902 elapsed=0.089s
2026-07-25 17:03:09,655 INFO Progress 3256/8281 status=ok steps=33 confidence=0.999717 elapsed=0.087s
2026-07-25 17:03:09,822 INFO Progress 3257/8281 status=ok steps=61 confidence=0.999948 elapsed=0.167s
2026-07-25 17:03:09,884 INFO Progress 3258/8281 status=ok steps=21 confidence=0.999956 elapsed=0.063s
2026-07-25 17:03:10,060 INFO Progress 3259/8281 status=ok steps=65 confidence=0.999973 elapsed=0.176s
2026-07-25 17:03:10,227 INFO Progress 3260/8281 status=ok steps=61 confidence=0.977070 elapsed=0.166s
2026-07-25 17:03:10,321 INFO Progress 3261/8281 status=ok steps=35 confidence=0.999965 elapsed=0.094s
2026-07-25 17:03:10,421 INFO Progress 3262/8281 status=ok steps=37 confidence=0.999962 elapsed=0.100s
2026-07-25 17:03:10,493 INFO Progress 3263/8281 status=ok steps=25 confidence=0.999982 elapsed=0.071s
2026-07-25 17:03:10,571 INFO Progress 3264/8281 status=ok steps=29 confidence=0.999885 elapsed=0.079s
2026-07-25 17:03:10,666 INFO Progress 3265/8281 status=ok steps=35 confidence=0.999790 elapsed=0.095s
2026-07-25 17:03:10,738 INFO Progress 3266/8281 status=ok steps=25 confidence=0.999972 elapsed=0.072s
2026-07-25 17:03:10,849 INFO Progress 3267/8281 status=ok steps=41 confidence=0.999992 elapsed=0.110s
2026-07-25 17:03:10,959 INFO Progress 3268/8281 status=ok steps=40 confidence=0.999836 elapsed=0.110s
2026-07-25 17:03:11,112 INFO Progress 3269/8281 status=ok steps=59 confidence=0.999974 elapsed=0.153s
2026-07-25 17:03:11,167 INFO Progress 3270/8281 status=ok steps=19 confidence=0.999918 elapsed=0.055s
2026-07-25 17:03:11,277 INFO Progress 3271/8281 status=ok steps=40 confidence=0.999836 elapsed=0.110s
2026-07-25 17:03:11,398 INFO Progress 3272/8281 status=ok steps=47 confidence=0.999564 elapsed=0.121s
2026-07-25 17:03:11,566 INFO Progress 3273/8281 status=ok steps=65 confidence=0.999917 elapsed=0.167s
2026-07-25 17:03:11,747 INFO Progress 3274/8281 status=ok steps=69 confidence=0.996020 elapsed=0.181s
2026-07-25 17:03:12,148 INFO Progress 3275/8281 status=ok steps=47 confidence=0.999897 elapsed=0.124s
2026-07-25 17:03:12,259 INFO Progress 3276/8281 status=ok steps=41 confidence=0.999767 elapsed=0.111s
2026-07-25 17:03:12,347 INFO Progress 3277/8281 status=ok steps=33 confidence=0.999978 elapsed=0.088s
2026-07-25 17:03:12,462 INFO Progress 3278/8281 status=ok steps=45 confidence=0.999907 elapsed=0.115s
2026-07-25 17:03:12,590 INFO Progress 3279/8281 status=ok steps=50 confidence=0.999953 elapsed=0.128s
2026-07-25 17:03:12,686 INFO Progress 3280/8281 status=ok steps=35 confidence=0.999977 elapsed=0.095s
2026-07-25 17:03:12,775 INFO Progress 3281/8281 status=ok steps=33 confidence=0.999795 elapsed=0.089s
2026-07-25 17:03:12,846 INFO Progress 3282/8281 status=ok steps=25 confidence=0.999852 elapsed=0.070s
2026-07-25 17:03:12,968 INFO Progress 3283/8281 status=ok steps=45 confidence=0.999979 elapsed=0.121s
2026-07-25 17:03:13,105 INFO Progress 3284/8281 status=ok steps=54 confidence=0.999990 elapsed=0.137s
2026-07-25 17:03:13,276 INFO Progress 3285/8281 status=ok steps=65 confidence=0.999565 elapsed=0.171s
2026-07-25 17:03:13,352 INFO Progress 3286/8281 status=ok steps=29 confidence=0.999889 elapsed=0.076s
2026-07-25 17:03:13,431 INFO Progress 3287/8281 status=ok steps=29 confidence=0.999974 elapsed=0.079s
2026-07-25 17:03:13,511 INFO Progress 3288/8281 status=ok steps=29 confidence=0.999944 elapsed=0.079s
2026-07-25 17:03:13,576 INFO Progress 3289/8281 status=ok steps=23 confidence=0.999884 elapsed=0.065s
2026-07-25 17:03:13,656 INFO Progress 3290/8281 status=ok steps=29 confidence=0.999888 elapsed=0.080s
2026-07-25 17:03:13,753 INFO Progress 3291/8281 status=ok steps=35 confidence=0.999783 elapsed=0.096s
2026-07-25 17:03:13,861 INFO Progress 3292/8281 status=ok steps=40 confidence=0.999979 elapsed=0.108s
2026-07-25 17:03:13,986 INFO Progress 3293/8281 status=ok steps=45 confidence=0.998293 elapsed=0.125s
2026-07-25 17:03:14,097 INFO Progress 3294/8281 status=ok steps=40 confidence=0.999993 elapsed=0.110s
2026-07-25 17:03:14,164 INFO Progress 3295/8281 status=ok steps=23 confidence=0.999686 elapsed=0.067s
2026-07-25 17:03:14,292 INFO Progress 3296/8281 status=ok steps=47 confidence=0.999605 elapsed=0.129s
2026-07-25 17:03:14,373 INFO Progress 3297/8281 status=ok steps=29 confidence=0.999889 elapsed=0.080s
2026-07-25 17:03:14,469 INFO Progress 3298/8281 status=ok steps=35 confidence=0.999958 elapsed=0.096s
2026-07-25 17:03:14,628 INFO Progress 3299/8281 status=ok steps=60 confidence=0.999990 elapsed=0.159s
2026-07-25 17:03:14,812 INFO Progress 3300/8281 status=ok steps=29 confidence=0.999857 elapsed=0.083s
2026-07-25 17:03:14,876 INFO Progress 3301/8281 status=ok steps=23 confidence=0.999590 elapsed=0.064s
2026-07-25 17:03:14,968 INFO Progress 3302/8281 status=ok steps=35 confidence=0.999745 elapsed=0.091s
2026-07-25 17:03:15,103 INFO Progress 3303/8281 status=ok steps=53 confidence=0.999594 elapsed=0.135s
2026-07-25 17:03:15,191 INFO Progress 3304/8281 status=ok steps=33 confidence=0.999995 elapsed=0.088s
2026-07-25 17:03:15,309 INFO Progress 3305/8281 status=ok steps=47 confidence=0.999951 elapsed=0.117s
2026-07-25 17:03:15,406 INFO Progress 3306/8281 status=ok steps=37 confidence=0.999988 elapsed=0.097s
2026-07-25 17:03:15,536 INFO Progress 3307/8281 status=ok steps=50 confidence=0.999853 elapsed=0.131s
2026-07-25 17:03:15,679 INFO Progress 3308/8281 status=ok steps=55 confidence=0.999783 elapsed=0.142s
2026-07-25 17:03:15,832 INFO Progress 3309/8281 status=ok steps=59 confidence=0.999978 elapsed=0.153s
2026-07-25 17:03:15,948 INFO Progress 3310/8281 status=ok steps=45 confidence=0.999996 elapsed=0.116s
2026-07-25 17:03:16,042 INFO Progress 3311/8281 status=ok steps=35 confidence=0.997960 elapsed=0.094s
2026-07-25 17:03:16,152 INFO Progress 3312/8281 status=ok steps=41 confidence=0.999988 elapsed=0.110s
2026-07-25 17:03:16,252 INFO Progress 3313/8281 status=ok steps=37 confidence=0.999990 elapsed=0.100s
2026-07-25 17:03:16,358 INFO Progress 3314/8281 status=ok steps=40 confidence=0.999952 elapsed=0.105s
2026-07-25 17:03:16,437 INFO Progress 3315/8281 status=ok steps=29 confidence=0.999893 elapsed=0.079s
2026-07-25 17:03:16,559 INFO Progress 3316/8281 status=ok steps=47 confidence=0.999883 elapsed=0.122s
2026-07-25 17:03:16,650 INFO Progress 3317/8281 status=ok steps=35 confidence=0.999949 elapsed=0.091s
2026-07-25 17:03:16,766 INFO Progress 3318/8281 status=ok steps=45 confidence=0.999992 elapsed=0.115s
2026-07-25 17:03:16,907 INFO Progress 3319/8281 status=ok steps=53 confidence=0.999975 elapsed=0.141s
2026-07-25 17:03:17,016 INFO Progress 3320/8281 status=ok steps=41 confidence=0.999988 elapsed=0.108s
2026-07-25 17:03:17,108 INFO Progress 3321/8281 status=ok steps=35 confidence=0.999890 elapsed=0.092s
2026-07-25 17:03:17,344 INFO Progress 3322/8281 status=ok steps=95 confidence=0.999977 elapsed=0.236s
2026-07-25 17:03:17,441 INFO Progress 3323/8281 status=ok steps=37 confidence=0.999969 elapsed=0.097s
2026-07-25 17:03:17,544 INFO Progress 3324/8281 status=ok steps=35 confidence=0.999976 elapsed=0.103s
2026-07-25 17:03:17,784 INFO Progress 3325/8281 status=ok steps=45 confidence=0.999992 elapsed=0.114s
2026-07-25 17:03:17,888 INFO Progress 3326/8281 status=ok steps=35 confidence=0.999826 elapsed=0.103s
2026-07-25 17:03:17,958 INFO Progress 3327/8281 status=ok steps=23 confidence=0.999802 elapsed=0.070s
2026-07-25 17:03:18,025 INFO Progress 3328/8281 status=ok steps=23 confidence=0.999805 elapsed=0.067s
2026-07-25 17:03:18,113 INFO Progress 3329/8281 status=ok steps=33 confidence=0.998507 elapsed=0.087s
2026-07-25 17:03:18,275 INFO Progress 3330/8281 status=ok steps=61 confidence=0.983136 elapsed=0.162s
2026-07-25 17:03:18,381 INFO Progress 3331/8281 status=ok steps=41 confidence=0.999874 elapsed=0.106s
2026-07-25 17:03:18,541 INFO Progress 3332/8281 status=ok steps=65 confidence=0.999994 elapsed=0.160s
2026-07-25 17:03:18,633 INFO Progress 3333/8281 status=ok steps=35 confidence=0.999804 elapsed=0.092s
2026-07-25 17:03:18,804 INFO Progress 3334/8281 status=ok steps=65 confidence=0.999963 elapsed=0.170s
2026-07-25 17:03:18,905 INFO Progress 3335/8281 status=ok steps=37 confidence=0.999649 elapsed=0.101s
2026-07-25 17:03:18,997 INFO Progress 3336/8281 status=ok steps=33 confidence=0.999859 elapsed=0.092s
2026-07-25 17:03:19,125 INFO Progress 3337/8281 status=ok steps=47 confidence=0.999700 elapsed=0.128s
2026-07-25 17:03:19,223 INFO Progress 3338/8281 status=ok steps=37 confidence=0.999967 elapsed=0.098s
2026-07-25 17:03:19,402 INFO Progress 3339/8281 status=ok steps=69 confidence=0.999996 elapsed=0.179s
2026-07-25 17:03:19,460 INFO Progress 3340/8281 status=ok steps=20 confidence=0.999852 elapsed=0.058s
2026-07-25 17:03:19,588 INFO Progress 3341/8281 status=ok steps=50 confidence=0.999993 elapsed=0.128s
2026-07-25 17:03:19,674 INFO Progress 3342/8281 status=ok steps=33 confidence=0.999735 elapsed=0.085s
2026-07-25 17:03:19,766 INFO Progress 3343/8281 status=ok steps=35 confidence=0.999955 elapsed=0.092s
2026-07-25 17:03:19,843 INFO Progress 3344/8281 status=ok steps=29 confidence=0.999914 elapsed=0.078s
2026-07-25 17:03:19,978 INFO Progress 3345/8281 status=ok steps=54 confidence=0.999981 elapsed=0.135s
2026-07-25 17:03:20,061 INFO Progress 3346/8281 status=ok steps=29 confidence=0.999284 elapsed=0.082s
2026-07-25 17:03:20,247 INFO Progress 3347/8281 status=ok steps=70 confidence=0.999936 elapsed=0.186s
2026-07-25 17:03:20,385 INFO Progress 3348/8281 status=ok steps=53 confidence=0.999755 elapsed=0.138s
2026-07-25 17:03:20,527 INFO Progress 3349/8281 status=ok steps=54 confidence=0.999194 elapsed=0.142s
2026-07-25 17:03:20,804 INFO Progress 3350/8281 status=ok steps=61 confidence=0.997168 elapsed=0.159s
2026-07-25 17:03:20,878 INFO Progress 3351/8281 status=ok steps=25 confidence=0.999744 elapsed=0.074s
2026-07-25 17:03:20,943 INFO Progress 3352/8281 status=ok steps=23 confidence=0.999753 elapsed=0.064s
2026-07-25 17:03:21,013 INFO Progress 3353/8281 status=ok steps=25 confidence=0.999852 elapsed=0.070s
2026-07-25 17:03:21,155 INFO Progress 3354/8281 status=ok steps=54 confidence=0.999992 elapsed=0.142s
2026-07-25 17:03:21,358 INFO Progress 3355/8281 status=ok steps=80 confidence=0.999847 elapsed=0.203s
2026-07-25 17:03:21,428 INFO Progress 3356/8281 status=ok steps=25 confidence=0.999916 elapsed=0.070s
2026-07-25 17:03:21,559 INFO Progress 3357/8281 status=ok steps=49 confidence=0.999989 elapsed=0.131s
2026-07-25 17:03:21,723 INFO Progress 3358/8281 status=ok steps=61 confidence=0.977070 elapsed=0.163s
2026-07-25 17:03:21,816 INFO Progress 3359/8281 status=ok steps=35 confidence=0.999963 elapsed=0.093s
2026-07-25 17:03:21,903 INFO Progress 3360/8281 status=ok steps=33 confidence=0.999919 elapsed=0.087s
2026-07-25 17:03:22,001 INFO Progress 3361/8281 status=ok steps=37 confidence=0.999997 elapsed=0.097s
2026-07-25 17:03:22,086 INFO Progress 3362/8281 status=ok steps=32 confidence=0.999769 elapsed=0.085s
2026-07-25 17:03:22,240 INFO Progress 3363/8281 status=ok steps=61 confidence=0.999991 elapsed=0.154s
2026-07-25 17:03:22,335 INFO Progress 3364/8281 status=ok steps=33 confidence=0.999940 elapsed=0.095s
2026-07-25 17:03:22,465 INFO Progress 3365/8281 status=ok steps=50 confidence=0.999994 elapsed=0.130s
2026-07-25 17:03:22,562 INFO Progress 3366/8281 status=ok steps=35 confidence=0.999976 elapsed=0.097s
2026-07-25 17:03:22,659 INFO Progress 3367/8281 status=ok steps=35 confidence=0.999949 elapsed=0.096s
2026-07-25 17:03:22,800 INFO Progress 3368/8281 status=ok steps=55 confidence=0.999995 elapsed=0.141s
2026-07-25 17:03:22,897 INFO Progress 3369/8281 status=ok steps=35 confidence=0.999962 elapsed=0.097s
2026-07-25 17:03:22,975 INFO Progress 3370/8281 status=ok steps=29 confidence=0.999973 elapsed=0.078s
2026-07-25 17:03:23,070 INFO Progress 3371/8281 status=ok steps=35 confidence=0.985474 elapsed=0.094s
2026-07-25 17:03:23,156 INFO Progress 3372/8281 status=ok steps=33 confidence=0.999857 elapsed=0.087s
2026-07-25 17:03:23,449 INFO Progress 3373/8281 status=ok steps=117 confidence=0.999970 elapsed=0.293s
2026-07-25 17:03:23,563 INFO Progress 3374/8281 status=ok steps=40 confidence=0.999185 elapsed=0.113s
2026-07-25 17:03:23,823 INFO Progress 3375/8281 status=ok steps=50 confidence=0.999984 elapsed=0.130s
2026-07-25 17:03:23,929 INFO Progress 3376/8281 status=ok steps=37 confidence=0.999993 elapsed=0.105s
2026-07-25 17:03:24,025 INFO Progress 3377/8281 status=ok steps=35 confidence=0.999881 elapsed=0.096s
2026-07-25 17:03:24,091 INFO Progress 3378/8281 status=ok steps=23 confidence=0.999691 elapsed=0.065s
2026-07-25 17:03:24,333 INFO Progress 3379/8281 status=ok steps=95 confidence=0.999884 elapsed=0.242s
2026-07-25 17:03:24,463 INFO Progress 3380/8281 status=ok steps=47 confidence=0.997909 elapsed=0.130s
2026-07-25 17:03:24,640 INFO Progress 3381/8281 status=ok steps=68 confidence=0.999973 elapsed=0.177s
2026-07-25 17:03:24,711 INFO Progress 3382/8281 status=ok steps=25 confidence=0.999922 elapsed=0.070s
2026-07-25 17:03:24,819 INFO Progress 3383/8281 status=ok steps=40 confidence=0.999947 elapsed=0.109s
2026-07-25 17:03:24,881 INFO Progress 3384/8281 status=ok steps=21 confidence=0.999954 elapsed=0.061s
2026-07-25 17:03:24,944 INFO Progress 3385/8281 status=ok steps=23 confidence=0.999773 elapsed=0.063s
2026-07-25 17:03:25,008 INFO Progress 3386/8281 status=ok steps=23 confidence=0.999799 elapsed=0.064s
2026-07-25 17:03:25,086 INFO Progress 3387/8281 status=ok steps=29 confidence=0.999949 elapsed=0.077s
2026-07-25 17:03:25,174 INFO Progress 3388/8281 status=ok steps=33 confidence=0.999941 elapsed=0.088s
2026-07-25 17:03:25,272 INFO Progress 3389/8281 status=ok steps=37 confidence=0.999993 elapsed=0.098s
2026-07-25 17:03:25,412 INFO Progress 3390/8281 status=ok steps=55 confidence=0.999994 elapsed=0.139s
2026-07-25 17:03:25,533 INFO Progress 3391/8281 status=ok steps=45 confidence=0.999967 elapsed=0.120s
2026-07-25 17:03:25,620 INFO Progress 3392/8281 status=ok steps=33 confidence=0.998782 elapsed=0.088s
2026-07-25 17:03:25,728 INFO Progress 3393/8281 status=ok steps=40 confidence=0.999893 elapsed=0.107s
2026-07-25 17:03:25,830 INFO Progress 3394/8281 status=ok steps=35 confidence=0.999991 elapsed=0.102s
2026-07-25 17:03:25,956 INFO Progress 3395/8281 status=ok steps=47 confidence=0.999983 elapsed=0.126s
2026-07-25 17:03:26,039 INFO Progress 3396/8281 status=ok steps=30 confidence=0.999926 elapsed=0.083s
2026-07-25 17:03:26,142 INFO Progress 3397/8281 status=ok steps=37 confidence=0.999972 elapsed=0.102s
2026-07-25 17:03:26,201 INFO Progress 3398/8281 status=ok steps=20 confidence=0.999890 elapsed=0.059s
2026-07-25 17:03:26,349 INFO Progress 3399/8281 status=ok steps=60 confidence=0.999953 elapsed=0.148s
2026-07-25 17:03:26,568 INFO Progress 3400/8281 status=ok steps=29 confidence=0.999991 elapsed=0.083s
2026-07-25 17:03:26,648 INFO Progress 3401/8281 status=ok steps=29 confidence=0.999929 elapsed=0.080s
2026-07-25 17:03:26,751 INFO Progress 3402/8281 status=ok steps=40 confidence=0.999984 elapsed=0.103s
2026-07-25 17:03:26,809 INFO Progress 3403/8281 status=ok steps=20 confidence=0.999933 elapsed=0.057s
2026-07-25 17:03:26,918 INFO Progress 3404/8281 status=ok steps=41 confidence=0.999843 elapsed=0.109s
2026-07-25 17:03:27,034 INFO Progress 3405/8281 status=ok steps=40 confidence=0.999185 elapsed=0.115s
2026-07-25 17:03:27,153 INFO Progress 3406/8281 status=ok steps=45 confidence=0.999959 elapsed=0.118s
2026-07-25 17:03:27,263 INFO Progress 3407/8281 status=ok steps=41 confidence=0.999508 elapsed=0.110s
2026-07-25 17:03:27,364 INFO Progress 3408/8281 status=ok steps=37 confidence=0.999878 elapsed=0.101s
2026-07-25 17:03:27,435 INFO Progress 3409/8281 status=ok steps=25 confidence=0.999972 elapsed=0.070s
2026-07-25 17:03:27,529 INFO Progress 3410/8281 status=ok steps=35 confidence=0.997960 elapsed=0.094s
2026-07-25 17:03:27,607 INFO Progress 3411/8281 status=ok steps=29 confidence=0.999888 elapsed=0.078s
2026-07-25 17:03:27,725 INFO Progress 3412/8281 status=ok steps=45 confidence=0.999980 elapsed=0.118s
2026-07-25 17:03:27,796 INFO Progress 3413/8281 status=ok steps=25 confidence=0.999648 elapsed=0.070s
2026-07-25 17:03:27,875 INFO Progress 3414/8281 status=ok steps=29 confidence=0.999918 elapsed=0.079s
2026-07-25 17:03:27,971 INFO Progress 3415/8281 status=ok steps=37 confidence=0.999504 elapsed=0.097s
2026-07-25 17:03:28,063 INFO Progress 3416/8281 status=ok steps=35 confidence=0.999938 elapsed=0.091s
2026-07-25 17:03:28,186 INFO Progress 3417/8281 status=ok steps=47 confidence=0.999833 elapsed=0.123s
2026-07-25 17:03:28,278 INFO Progress 3418/8281 status=ok steps=35 confidence=0.999920 elapsed=0.092s
2026-07-25 17:03:28,376 INFO Progress 3419/8281 status=ok steps=37 confidence=0.999983 elapsed=0.098s
2026-07-25 17:03:28,445 INFO Progress 3420/8281 status=ok steps=25 confidence=0.999923 elapsed=0.069s
2026-07-25 17:03:28,553 INFO Progress 3421/8281 status=ok steps=41 confidence=0.999945 elapsed=0.107s
2026-07-25 17:03:28,658 INFO Progress 3422/8281 status=ok steps=40 confidence=0.999968 elapsed=0.105s
2026-07-25 17:03:28,752 INFO Progress 3423/8281 status=ok steps=35 confidence=0.999400 elapsed=0.093s
2026-07-25 17:03:28,856 INFO Progress 3424/8281 status=ok steps=41 confidence=0.999782 elapsed=0.104s
2026-07-25 17:03:29,111 INFO Progress 3425/8281 status=ok steps=55 confidence=0.999943 elapsed=0.141s
2026-07-25 17:03:29,201 INFO Progress 3426/8281 status=ok steps=33 confidence=0.999937 elapsed=0.090s
2026-07-25 17:03:29,265 INFO Progress 3427/8281 status=ok steps=23 confidence=0.999720 elapsed=0.064s
2026-07-25 17:03:29,379 INFO Progress 3428/8281 status=ok steps=41 confidence=0.999970 elapsed=0.114s
2026-07-25 17:03:29,504 INFO Progress 3429/8281 status=ok steps=45 confidence=0.999996 elapsed=0.124s
2026-07-25 17:03:29,661 INFO Progress 3430/8281 status=ok steps=61 confidence=0.999992 elapsed=0.157s
2026-07-25 17:03:29,729 INFO Progress 3431/8281 status=ok steps=25 confidence=0.999829 elapsed=0.068s
2026-07-25 17:03:29,821 INFO Progress 3432/8281 status=ok steps=35 confidence=0.999896 elapsed=0.091s
2026-07-25 17:03:29,915 INFO Progress 3433/8281 status=ok steps=37 confidence=0.999769 elapsed=0.094s
2026-07-25 17:03:30,009 INFO Progress 3434/8281 status=ok steps=35 confidence=0.999931 elapsed=0.093s
2026-07-25 17:03:30,113 INFO Progress 3435/8281 status=ok steps=41 confidence=0.999364 elapsed=0.104s
2026-07-25 17:03:30,204 INFO Progress 3436/8281 status=ok steps=35 confidence=0.999898 elapsed=0.091s
2026-07-25 17:03:30,310 INFO Progress 3437/8281 status=ok steps=41 confidence=0.999832 elapsed=0.105s
2026-07-25 17:03:30,374 INFO Progress 3438/8281 status=ok steps=23 confidence=0.999850 elapsed=0.064s
2026-07-25 17:03:30,499 INFO Progress 3439/8281 status=ok steps=50 confidence=0.999809 elapsed=0.125s
2026-07-25 17:03:30,589 INFO Progress 3440/8281 status=ok steps=35 confidence=0.999920 elapsed=0.090s
2026-07-25 17:03:30,765 INFO Progress 3441/8281 status=ok steps=71 confidence=0.999988 elapsed=0.176s
2026-07-25 17:03:30,827 INFO Progress 3442/8281 status=ok steps=23 confidence=0.999777 elapsed=0.062s
2026-07-25 17:03:30,929 INFO Progress 3443/8281 status=ok steps=37 confidence=0.999823 elapsed=0.101s
2026-07-25 17:03:31,075 INFO Progress 3444/8281 status=ok steps=59 confidence=0.999955 elapsed=0.146s
2026-07-25 17:03:31,154 INFO Progress 3445/8281 status=ok steps=30 confidence=0.999961 elapsed=0.079s
2026-07-25 17:03:31,230 INFO Progress 3446/8281 status=ok steps=29 confidence=0.999978 elapsed=0.076s
2026-07-25 17:03:31,297 INFO Progress 3447/8281 status=ok steps=25 confidence=0.999852 elapsed=0.067s
2026-07-25 17:03:31,352 INFO Progress 3448/8281 status=ok steps=20 confidence=0.999890 elapsed=0.056s
2026-07-25 17:03:31,489 INFO Progress 3449/8281 status=ok steps=55 confidence=0.999995 elapsed=0.136s
2026-07-25 17:03:31,717 INFO Progress 3450/8281 status=ok steps=35 confidence=0.999862 elapsed=0.091s
2026-07-25 17:03:31,886 INFO Progress 3451/8281 status=ok steps=68 confidence=0.999965 elapsed=0.169s
2026-07-25 17:03:32,010 INFO Progress 3452/8281 status=ok steps=50 confidence=0.999898 elapsed=0.123s
2026-07-25 17:03:32,089 INFO Progress 3453/8281 status=ok steps=30 confidence=0.999981 elapsed=0.079s
2026-07-25 17:03:32,232 INFO Progress 3454/8281 status=ok steps=54 confidence=0.998199 elapsed=0.143s
2026-07-25 17:03:32,327 INFO Progress 3455/8281 status=ok steps=35 confidence=0.999969 elapsed=0.096s
2026-07-25 17:03:32,422 INFO Progress 3456/8281 status=ok steps=35 confidence=0.999856 elapsed=0.095s
2026-07-25 17:03:32,525 INFO Progress 3457/8281 status=ok steps=41 confidence=0.999877 elapsed=0.103s
2026-07-25 17:03:32,665 INFO Progress 3458/8281 status=ok steps=35 confidence=0.999949 elapsed=0.140s
2026-07-25 17:03:32,773 INFO Progress 3459/8281 status=ok steps=41 confidence=0.999996 elapsed=0.107s
2026-07-25 17:03:32,867 INFO Progress 3460/8281 status=ok steps=37 confidence=0.999990 elapsed=0.094s
2026-07-25 17:03:32,986 INFO Progress 3461/8281 status=ok steps=47 confidence=0.999905 elapsed=0.119s
2026-07-25 17:03:33,221 INFO Progress 3462/8281 status=ok steps=96 confidence=0.999990 elapsed=0.235s
2026-07-25 17:03:33,299 INFO Progress 3463/8281 status=ok steps=29 confidence=0.999992 elapsed=0.078s
2026-07-25 17:03:33,413 INFO Progress 3464/8281 status=ok steps=45 confidence=0.999789 elapsed=0.114s
2026-07-25 17:03:33,521 INFO Progress 3465/8281 status=ok steps=41 confidence=0.999946 elapsed=0.108s
2026-07-25 17:03:33,659 INFO Progress 3466/8281 status=ok steps=54 confidence=0.999783 elapsed=0.137s
2026-07-25 17:03:33,739 INFO Progress 3467/8281 status=ok steps=29 confidence=0.999960 elapsed=0.080s
2026-07-25 17:03:33,893 INFO Progress 3468/8281 status=ok steps=61 confidence=0.990917 elapsed=0.154s
2026-07-25 17:03:33,998 INFO Progress 3469/8281 status=ok steps=40 confidence=0.999823 elapsed=0.105s
2026-07-25 17:03:34,088 INFO Progress 3470/8281 status=ok steps=35 confidence=0.999920 elapsed=0.090s
2026-07-25 17:03:34,164 INFO Progress 3471/8281 status=ok steps=29 confidence=0.999938 elapsed=0.076s
2026-07-25 17:03:34,289 INFO Progress 3472/8281 status=ok steps=50 confidence=0.999918 elapsed=0.125s
2026-07-25 17:03:34,378 INFO Progress 3473/8281 status=ok steps=35 confidence=0.999990 elapsed=0.089s
2026-07-25 17:03:34,470 INFO Progress 3474/8281 status=ok steps=35 confidence=0.999890 elapsed=0.091s
2026-07-25 17:03:34,671 INFO Progress 3475/8281 status=ok steps=41 confidence=0.999950 elapsed=0.103s
2026-07-25 17:03:34,756 INFO Progress 3476/8281 status=ok steps=33 confidence=0.998996 elapsed=0.086s
2026-07-25 17:03:34,815 INFO Progress 3477/8281 status=ok steps=20 confidence=0.999739 elapsed=0.059s
2026-07-25 17:03:34,964 INFO Progress 3478/8281 status=ok steps=61 confidence=0.999993 elapsed=0.149s
2026-07-25 17:03:35,027 INFO Progress 3479/8281 status=ok steps=23 confidence=0.999459 elapsed=0.063s
2026-07-25 17:03:35,119 INFO Progress 3480/8281 status=ok steps=35 confidence=0.999784 elapsed=0.091s
2026-07-25 17:03:35,215 INFO Progress 3481/8281 status=ok steps=37 confidence=0.999866 elapsed=0.097s
2026-07-25 17:03:35,305 INFO Progress 3482/8281 status=ok steps=35 confidence=0.999030 elapsed=0.090s
2026-07-25 17:03:35,466 INFO Progress 3483/8281 status=ok steps=65 confidence=0.999682 elapsed=0.161s
2026-07-25 17:03:35,543 INFO Progress 3484/8281 status=ok steps=29 confidence=0.999654 elapsed=0.077s
2026-07-25 17:03:35,699 INFO Progress 3485/8281 status=ok steps=61 confidence=0.997939 elapsed=0.155s
2026-07-25 17:03:35,784 INFO Progress 3486/8281 status=ok steps=33 confidence=0.999990 elapsed=0.085s
2026-07-25 17:03:35,876 INFO Progress 3487/8281 status=ok steps=35 confidence=0.999967 elapsed=0.092s
2026-07-25 17:03:35,958 INFO Progress 3488/8281 status=ok steps=29 confidence=0.999751 elapsed=0.082s
2026-07-25 17:03:36,020 INFO Progress 3489/8281 status=ok steps=23 confidence=0.999809 elapsed=0.062s
2026-07-25 17:03:36,104 INFO Progress 3490/8281 status=ok steps=33 confidence=0.994557 elapsed=0.084s
2026-07-25 17:03:36,207 INFO Progress 3491/8281 status=ok steps=41 confidence=0.999151 elapsed=0.102s
2026-07-25 17:03:36,296 INFO Progress 3492/8281 status=ok steps=35 confidence=0.999818 elapsed=0.089s
2026-07-25 17:03:36,415 INFO Progress 3493/8281 status=ok steps=47 confidence=0.999946 elapsed=0.119s
2026-07-25 17:03:36,557 INFO Progress 3494/8281 status=ok steps=55 confidence=0.999995 elapsed=0.142s
2026-07-25 17:03:36,642 INFO Progress 3495/8281 status=ok steps=33 confidence=0.999857 elapsed=0.085s
2026-07-25 17:03:36,710 INFO Progress 3496/8281 status=ok steps=25 confidence=0.999978 elapsed=0.068s
2026-07-25 17:03:36,797 INFO Progress 3497/8281 status=ok steps=33 confidence=0.999963 elapsed=0.087s
2026-07-25 17:03:36,898 INFO Progress 3498/8281 status=ok steps=40 confidence=0.999992 elapsed=0.101s
2026-07-25 17:03:37,031 INFO Progress 3499/8281 status=ok steps=53 confidence=0.999991 elapsed=0.133s
2026-07-25 17:03:37,254 INFO Progress 3500/8281 status=ok steps=35 confidence=0.999899 elapsed=0.091s
2026-07-25 17:03:37,350 INFO Progress 3501/8281 status=ok steps=33 confidence=0.999964 elapsed=0.096s
2026-07-25 17:03:37,446 INFO Progress 3502/8281 status=ok steps=37 confidence=0.999823 elapsed=0.096s
2026-07-25 17:03:37,576 INFO Progress 3503/8281 status=ok steps=53 confidence=0.999978 elapsed=0.130s
2026-07-25 17:03:37,671 INFO Progress 3504/8281 status=ok steps=37 confidence=0.999954 elapsed=0.095s
2026-07-25 17:03:37,730 INFO Progress 3505/8281 status=ok steps=21 confidence=0.999949 elapsed=0.058s
2026-07-25 17:03:37,851 INFO Progress 3506/8281 status=ok steps=47 confidence=0.999451 elapsed=0.122s
2026-07-25 17:03:37,977 INFO Progress 3507/8281 status=ok steps=50 confidence=0.999987 elapsed=0.126s
2026-07-25 17:03:38,094 INFO Progress 3508/8281 status=ok steps=47 confidence=0.999943 elapsed=0.117s
2026-07-25 17:03:38,187 INFO Progress 3509/8281 status=ok steps=35 confidence=0.999826 elapsed=0.093s
2026-07-25 17:03:38,274 INFO Progress 3510/8281 status=ok steps=33 confidence=0.999990 elapsed=0.087s
2026-07-25 17:03:38,410 INFO Progress 3511/8281 status=ok steps=54 confidence=0.999899 elapsed=0.135s
2026-07-25 17:03:38,512 INFO Progress 3512/8281 status=ok steps=41 confidence=0.999929 elapsed=0.103s
2026-07-25 17:03:38,581 INFO Progress 3513/8281 status=ok steps=25 confidence=0.999705 elapsed=0.069s
2026-07-25 17:03:38,651 INFO Progress 3514/8281 status=ok steps=26 confidence=0.999886 elapsed=0.069s
2026-07-25 17:03:38,712 INFO Progress 3515/8281 status=ok steps=23 confidence=0.999892 elapsed=0.062s
2026-07-25 17:03:38,825 INFO Progress 3516/8281 status=ok steps=45 confidence=0.999884 elapsed=0.113s
2026-07-25 17:03:38,941 INFO Progress 3517/8281 status=ok steps=47 confidence=0.999956 elapsed=0.116s
2026-07-25 17:03:39,061 INFO Progress 3518/8281 status=ok steps=47 confidence=0.999988 elapsed=0.119s
2026-07-25 17:03:39,164 INFO Progress 3519/8281 status=ok steps=41 confidence=0.999934 elapsed=0.103s
2026-07-25 17:03:39,227 INFO Progress 3520/8281 status=ok steps=23 confidence=0.998759 elapsed=0.062s
2026-07-25 17:03:39,351 INFO Progress 3521/8281 status=ok steps=50 confidence=0.999918 elapsed=0.124s
2026-07-25 17:03:39,418 INFO Progress 3522/8281 status=ok steps=25 confidence=0.999923 elapsed=0.067s
2026-07-25 17:03:39,503 INFO Progress 3523/8281 status=ok steps=33 confidence=0.999779 elapsed=0.085s
2026-07-25 17:03:39,617 INFO Progress 3524/8281 status=ok steps=45 confidence=0.999790 elapsed=0.114s
2026-07-25 17:03:40,330 INFO Progress 3525/8281 status=ok steps=29 confidence=0.999913 elapsed=0.078s
2026-07-25 17:03:40,478 INFO Progress 3526/8281 status=ok steps=59 confidence=0.999957 elapsed=0.148s
2026-07-25 17:03:40,570 INFO Progress 3527/8281 status=ok steps=35 confidence=0.998537 elapsed=0.091s
2026-07-25 17:03:40,742 INFO Progress 3528/8281 status=ok steps=68 confidence=0.999986 elapsed=0.172s
2026-07-25 17:03:40,822 INFO Progress 3529/8281 status=ok steps=29 confidence=0.999899 elapsed=0.080s
2026-07-25 17:03:40,916 INFO Progress 3530/8281 status=ok steps=37 confidence=0.999969 elapsed=0.093s
2026-07-25 17:03:41,010 INFO Progress 3531/8281 status=ok steps=37 confidence=0.999931 elapsed=0.094s
2026-07-25 17:03:41,112 INFO Progress 3532/8281 status=ok steps=41 confidence=0.999980 elapsed=0.102s
2026-07-25 17:03:41,215 INFO Progress 3533/8281 status=ok steps=40 confidence=0.999968 elapsed=0.102s
2026-07-25 17:03:41,347 INFO Progress 3534/8281 status=ok steps=53 confidence=0.999862 elapsed=0.132s
2026-07-25 17:03:41,417 INFO Progress 3535/8281 status=ok steps=25 confidence=0.998826 elapsed=0.069s
2026-07-25 17:03:41,508 INFO Progress 3536/8281 status=ok steps=35 confidence=0.999906 elapsed=0.091s
2026-07-25 17:03:41,609 INFO Progress 3537/8281 status=ok steps=40 confidence=0.999991 elapsed=0.101s
2026-07-25 17:03:41,727 INFO Progress 3538/8281 status=ok steps=47 confidence=0.999988 elapsed=0.118s
2026-07-25 17:03:41,783 INFO Progress 3539/8281 status=ok steps=20 confidence=0.999922 elapsed=0.057s
2026-07-25 17:03:41,918 INFO Progress 3540/8281 status=ok steps=53 confidence=0.999987 elapsed=0.135s
2026-07-25 17:03:42,068 INFO Progress 3541/8281 status=ok steps=59 confidence=0.999949 elapsed=0.149s
2026-07-25 17:03:42,185 INFO Progress 3542/8281 status=ok steps=45 confidence=0.999967 elapsed=0.117s
2026-07-25 17:03:42,289 INFO Progress 3543/8281 status=ok steps=37 confidence=0.999944 elapsed=0.103s
2026-07-25 17:03:42,431 INFO Progress 3544/8281 status=ok steps=55 confidence=0.999994 elapsed=0.142s
2026-07-25 17:03:42,500 INFO Progress 3545/8281 status=ok steps=25 confidence=0.999950 elapsed=0.069s
2026-07-25 17:03:42,738 INFO Progress 3546/8281 status=ok steps=95 confidence=0.999988 elapsed=0.238s
2026-07-25 17:03:42,842 INFO Progress 3547/8281 status=ok steps=41 confidence=0.999915 elapsed=0.103s
2026-07-25 17:03:42,946 INFO Progress 3548/8281 status=ok steps=41 confidence=0.999975 elapsed=0.104s
2026-07-25 17:03:43,059 INFO Progress 3549/8281 status=ok steps=45 confidence=0.999925 elapsed=0.112s
2026-07-25 17:03:43,220 INFO Progress 3550/8281 status=ok steps=20 confidence=0.999842 elapsed=0.057s
2026-07-25 17:03:43,332 INFO Progress 3551/8281 status=ok steps=45 confidence=0.999967 elapsed=0.112s
2026-07-25 17:03:43,434 INFO Progress 3552/8281 status=ok steps=40 confidence=0.999929 elapsed=0.101s
2026-07-25 17:03:43,732 INFO Progress 3553/8281 status=ok steps=117 confidence=0.999973 elapsed=0.298s
2026-07-25 17:03:43,837 INFO Progress 3554/8281 status=ok steps=41 confidence=0.999874 elapsed=0.105s
2026-07-25 17:03:43,951 INFO Progress 3555/8281 status=ok steps=45 confidence=0.999970 elapsed=0.114s
2026-07-25 17:03:44,069 INFO Progress 3556/8281 status=ok steps=45 confidence=0.999683 elapsed=0.117s
2026-07-25 17:03:44,145 INFO Progress 3557/8281 status=ok steps=29 confidence=0.999293 elapsed=0.076s
2026-07-25 17:03:44,235 INFO Progress 3558/8281 status=ok steps=35 confidence=0.999874 elapsed=0.090s
2026-07-25 17:03:44,379 INFO Progress 3559/8281 status=ok steps=59 confidence=0.999766 elapsed=0.144s
2026-07-25 17:03:44,490 INFO Progress 3560/8281 status=ok steps=45 confidence=0.999995 elapsed=0.112s
2026-07-25 17:03:44,566 INFO Progress 3561/8281 status=ok steps=29 confidence=0.992723 elapsed=0.076s
2026-07-25 17:03:44,669 INFO Progress 3562/8281 status=ok steps=40 confidence=0.999996 elapsed=0.102s
2026-07-25 17:03:44,754 INFO Progress 3563/8281 status=ok steps=33 confidence=0.999941 elapsed=0.085s
2026-07-25 17:03:44,857 INFO Progress 3564/8281 status=ok steps=41 confidence=0.999917 elapsed=0.103s
2026-07-25 17:03:44,959 INFO Progress 3565/8281 status=ok steps=41 confidence=0.999936 elapsed=0.103s
2026-07-25 17:03:45,050 INFO Progress 3566/8281 status=ok steps=35 confidence=0.999932 elapsed=0.090s
2026-07-25 17:03:45,141 INFO Progress 3567/8281 status=ok steps=33 confidence=0.989579 elapsed=0.091s
2026-07-25 17:03:45,272 INFO Progress 3568/8281 status=ok steps=53 confidence=0.999969 elapsed=0.131s
2026-07-25 17:03:45,349 INFO Progress 3569/8281 status=ok steps=29 confidence=0.999768 elapsed=0.077s
2026-07-25 17:03:45,440 INFO Progress 3570/8281 status=ok steps=35 confidence=0.999912 elapsed=0.091s
2026-07-25 17:03:45,578 INFO Progress 3571/8281 status=ok steps=54 confidence=0.999194 elapsed=0.137s
2026-07-25 17:03:45,669 INFO Progress 3572/8281 status=ok steps=35 confidence=0.996653 elapsed=0.091s
2026-07-25 17:03:45,790 INFO Progress 3573/8281 status=ok steps=47 confidence=0.999861 elapsed=0.122s
2026-07-25 17:03:45,847 INFO Progress 3574/8281 status=ok steps=20 confidence=0.999369 elapsed=0.056s
2026-07-25 17:03:46,084 INFO Progress 3575/8281 status=ok steps=41 confidence=0.999900 elapsed=0.102s
2026-07-25 17:03:46,243 INFO Progress 3576/8281 status=ok steps=65 confidence=0.999994 elapsed=0.158s
2026-07-25 17:03:46,301 INFO Progress 3577/8281 status=ok steps=21 confidence=0.999699 elapsed=0.058s
2026-07-25 17:03:46,390 INFO Progress 3578/8281 status=ok steps=35 confidence=0.999745 elapsed=0.089s
2026-07-25 17:03:46,493 INFO Progress 3579/8281 status=ok steps=41 confidence=0.999964 elapsed=0.103s
2026-07-25 17:03:46,620 INFO Progress 3580/8281 status=ok steps=50 confidence=0.999850 elapsed=0.126s
2026-07-25 17:03:46,717 INFO Progress 3581/8281 status=ok steps=37 confidence=0.999823 elapsed=0.098s
2026-07-25 17:03:46,780 INFO Progress 3582/8281 status=ok steps=23 confidence=0.999784 elapsed=0.063s
2026-07-25 17:03:46,898 INFO Progress 3583/8281 status=ok steps=47 confidence=0.999976 elapsed=0.118s
2026-07-25 17:03:47,042 INFO Progress 3584/8281 status=ok steps=59 confidence=0.999910 elapsed=0.144s
2026-07-25 17:03:47,210 INFO Progress 3585/8281 status=ok steps=68 confidence=0.999768 elapsed=0.168s
2026-07-25 17:03:47,464 INFO Progress 3586/8281 status=ok steps=105 confidence=0.999705 elapsed=0.254s
2026-07-25 17:03:47,589 INFO Progress 3587/8281 status=ok steps=50 confidence=0.999984 elapsed=0.125s
2026-07-25 17:03:48,061 INFO Progress 3588/8281 status=ok steps=185 confidence=0.999997 elapsed=0.473s
2026-07-25 17:03:48,141 INFO Progress 3589/8281 status=ok steps=30 confidence=0.999914 elapsed=0.079s
2026-07-25 17:03:48,190 INFO Progress 3590/8281 status=ok steps=17 confidence=0.999893 elapsed=0.050s
2026-07-25 17:03:48,250 INFO Progress 3591/8281 status=ok steps=21 confidence=0.999858 elapsed=0.060s
2026-07-25 17:03:48,397 INFO Progress 3592/8281 status=ok steps=59 confidence=0.999902 elapsed=0.147s
2026-07-25 17:03:48,515 INFO Progress 3593/8281 status=ok steps=47 confidence=0.999897 elapsed=0.118s
2026-07-25 17:03:48,620 INFO Progress 3594/8281 status=ok steps=41 confidence=0.999855 elapsed=0.105s
2026-07-25 17:03:48,710 INFO Progress 3595/8281 status=ok steps=35 confidence=0.999819 elapsed=0.089s
2026-07-25 17:03:48,793 INFO Progress 3596/8281 status=ok steps=33 confidence=0.999873 elapsed=0.084s
2026-07-25 17:03:48,905 INFO Progress 3597/8281 status=ok steps=45 confidence=0.999996 elapsed=0.112s
2026-07-25 17:03:49,024 INFO Progress 3598/8281 status=ok steps=47 confidence=0.999968 elapsed=0.118s
2026-07-25 17:03:49,111 INFO Progress 3599/8281 status=ok steps=33 confidence=0.999964 elapsed=0.087s
2026-07-25 17:03:49,334 INFO Progress 3600/8281 status=ok steps=37 confidence=0.999962 elapsed=0.105s
2026-07-25 17:03:49,463 INFO Progress 3601/8281 status=ok steps=50 confidence=0.999887 elapsed=0.129s
2026-07-25 17:03:49,567 INFO Progress 3602/8281 status=ok steps=41 confidence=0.999890 elapsed=0.104s
2026-07-25 17:03:49,684 INFO Progress 3603/8281 status=ok steps=47 confidence=0.999988 elapsed=0.118s
2026-07-25 17:03:49,830 INFO Progress 3604/8281 status=ok steps=59 confidence=0.999704 elapsed=0.145s
2026-07-25 17:03:49,915 INFO Progress 3605/8281 status=ok steps=33 confidence=0.999980 elapsed=0.085s
2026-07-25 17:03:50,018 INFO Progress 3606/8281 status=ok steps=41 confidence=0.999980 elapsed=0.103s
2026-07-25 17:03:50,155 INFO Progress 3607/8281 status=ok steps=55 confidence=0.999974 elapsed=0.138s
2026-07-25 17:03:50,291 INFO Progress 3608/8281 status=ok steps=53 confidence=0.999928 elapsed=0.136s
2026-07-25 17:03:50,375 INFO Progress 3609/8281 status=ok steps=33 confidence=0.999925 elapsed=0.084s
2026-07-25 17:03:50,497 INFO Progress 3610/8281 status=ok steps=50 confidence=0.999911 elapsed=0.122s
2026-07-25 17:03:50,599 INFO Progress 3611/8281 status=ok steps=41 confidence=0.999926 elapsed=0.102s
2026-07-25 17:03:50,718 INFO Progress 3612/8281 status=ok steps=47 confidence=0.999973 elapsed=0.118s
2026-07-25 17:03:50,821 INFO Progress 3613/8281 status=ok steps=41 confidence=0.999946 elapsed=0.103s
2026-07-25 17:03:50,938 INFO Progress 3614/8281 status=ok steps=47 confidence=0.999965 elapsed=0.116s
2026-07-25 17:03:51,041 INFO Progress 3615/8281 status=ok steps=41 confidence=0.999994 elapsed=0.103s
2026-07-25 17:03:51,125 INFO Progress 3616/8281 status=ok steps=33 confidence=0.999901 elapsed=0.084s
2026-07-25 17:03:51,291 INFO Progress 3617/8281 status=ok steps=69 confidence=0.999997 elapsed=0.166s
2026-07-25 17:03:51,395 INFO Progress 3618/8281 status=ok steps=41 confidence=0.999767 elapsed=0.104s
2026-07-25 17:03:51,486 INFO Progress 3619/8281 status=ok steps=35 confidence=0.999903 elapsed=0.091s
2026-07-25 17:03:51,588 INFO Progress 3620/8281 status=ok steps=41 confidence=0.999927 elapsed=0.102s
2026-07-25 17:03:51,648 INFO Progress 3621/8281 status=ok steps=21 confidence=0.999778 elapsed=0.059s
2026-07-25 17:03:51,804 INFO Progress 3622/8281 status=ok steps=65 confidence=0.999995 elapsed=0.156s
2026-07-25 17:03:51,927 INFO Progress 3623/8281 status=ok steps=49 confidence=0.999980 elapsed=0.123s
2026-07-25 17:03:52,017 INFO Progress 3624/8281 status=ok steps=35 confidence=0.999935 elapsed=0.090s
2026-07-25 17:03:52,230 INFO Progress 3625/8281 status=ok steps=29 confidence=0.999899 elapsed=0.076s
2026-07-25 17:03:52,418 INFO Progress 3626/8281 status=ok steps=75 confidence=0.999909 elapsed=0.188s
2026-07-25 17:03:52,509 INFO Progress 3627/8281 status=ok steps=35 confidence=0.999605 elapsed=0.090s
2026-07-25 17:03:52,622 INFO Progress 3628/8281 status=ok steps=45 confidence=0.999996 elapsed=0.113s
2026-07-25 17:03:52,783 INFO Progress 3629/8281 status=ok steps=65 confidence=0.999968 elapsed=0.161s
2026-07-25 17:03:52,884 INFO Progress 3630/8281 status=ok steps=40 confidence=0.999984 elapsed=0.102s
2026-07-25 17:03:52,999 INFO Progress 3631/8281 status=ok steps=45 confidence=0.999972 elapsed=0.114s
2026-07-25 17:03:53,079 INFO Progress 3632/8281 status=ok steps=29 confidence=0.999709 elapsed=0.080s
2026-07-25 17:03:53,170 INFO Progress 3633/8281 status=ok steps=35 confidence=0.999779 elapsed=0.090s
2026-07-25 17:03:53,302 INFO Progress 3634/8281 status=ok steps=53 confidence=0.999960 elapsed=0.132s
2026-07-25 17:03:53,427 INFO Progress 3635/8281 status=ok steps=50 confidence=0.999973 elapsed=0.124s
2026-07-25 17:03:53,610 INFO Progress 3636/8281 status=ok steps=75 confidence=0.999719 elapsed=0.183s
2026-07-25 17:03:53,726 INFO Progress 3637/8281 status=ok steps=45 confidence=0.999841 elapsed=0.115s
2026-07-25 17:03:53,804 INFO Progress 3638/8281 status=ok steps=29 confidence=0.999828 elapsed=0.078s
2026-07-25 17:03:53,927 INFO Progress 3639/8281 status=ok steps=47 confidence=0.999991 elapsed=0.124s
2026-07-25 17:03:54,064 INFO Progress 3640/8281 status=ok steps=55 confidence=0.999977 elapsed=0.137s
2026-07-25 17:03:54,141 INFO Progress 3641/8281 status=ok steps=29 confidence=0.999936 elapsed=0.076s
2026-07-25 17:03:54,297 INFO Progress 3642/8281 status=ok steps=61 confidence=0.977070 elapsed=0.156s
2026-07-25 17:03:54,418 INFO Progress 3643/8281 status=ok steps=47 confidence=0.999910 elapsed=0.122s
2026-07-25 17:03:54,529 INFO Progress 3644/8281 status=ok steps=41 confidence=0.999939 elapsed=0.110s
2026-07-25 17:03:54,619 INFO Progress 3645/8281 status=ok steps=35 confidence=0.999991 elapsed=0.090s
2026-07-25 17:03:54,704 INFO Progress 3646/8281 status=ok steps=33 confidence=0.999991 elapsed=0.085s
2026-07-25 17:03:54,793 INFO Progress 3647/8281 status=ok steps=35 confidence=0.999872 elapsed=0.089s
2026-07-25 17:03:54,925 INFO Progress 3648/8281 status=ok steps=53 confidence=0.999978 elapsed=0.132s
2026-07-25 17:03:55,039 INFO Progress 3649/8281 status=ok steps=45 confidence=0.999971 elapsed=0.113s
2026-07-25 17:03:55,357 INFO Progress 3650/8281 status=ok steps=45 confidence=0.999938 elapsed=0.112s
2026-07-25 17:03:55,439 INFO Progress 3651/8281 status=ok steps=29 confidence=0.999760 elapsed=0.082s
2026-07-25 17:03:55,804 INFO Progress 3652/8281 status=ok steps=141 confidence=0.999948 elapsed=0.365s
2026-07-25 17:03:55,902 INFO Progress 3653/8281 status=ok steps=37 confidence=0.999075 elapsed=0.098s
2026-07-25 17:03:55,961 INFO Progress 3654/8281 status=ok steps=21 confidence=0.997791 elapsed=0.059s
2026-07-25 17:03:56,058 INFO Progress 3655/8281 status=ok steps=37 confidence=0.999984 elapsed=0.097s
2026-07-25 17:03:56,292 INFO Progress 3656/8281 status=ok steps=93 confidence=0.992167 elapsed=0.234s
2026-07-25 17:03:56,394 INFO Progress 3657/8281 status=ok steps=41 confidence=0.999861 elapsed=0.102s
2026-07-25 17:03:56,509 INFO Progress 3658/8281 status=ok steps=45 confidence=0.999977 elapsed=0.115s
2026-07-25 17:03:56,577 INFO Progress 3659/8281 status=ok steps=25 confidence=0.999942 elapsed=0.068s
2026-07-25 17:03:56,654 INFO Progress 3660/8281 status=ok steps=29 confidence=0.999851 elapsed=0.077s
2026-07-25 17:03:56,738 INFO Progress 3661/8281 status=ok steps=33 confidence=0.999993 elapsed=0.084s
2026-07-25 17:03:56,824 INFO Progress 3662/8281 status=ok steps=33 confidence=0.999800 elapsed=0.085s
2026-07-25 17:03:56,899 INFO Progress 3663/8281 status=ok steps=29 confidence=0.999984 elapsed=0.076s
2026-07-25 17:03:57,053 INFO Progress 3664/8281 status=ok steps=61 confidence=0.990917 elapsed=0.153s
2026-07-25 17:03:57,131 INFO Progress 3665/8281 status=ok steps=29 confidence=0.999924 elapsed=0.078s
2026-07-25 17:03:57,223 INFO Progress 3666/8281 status=ok steps=35 confidence=0.999878 elapsed=0.092s
2026-07-25 17:03:57,290 INFO Progress 3667/8281 status=ok steps=25 confidence=0.999969 elapsed=0.067s
2026-07-25 17:03:57,403 INFO Progress 3668/8281 status=ok steps=45 confidence=0.999937 elapsed=0.113s
2026-07-25 17:03:57,524 INFO Progress 3669/8281 status=ok steps=47 confidence=0.999896 elapsed=0.121s
2026-07-25 17:03:57,629 INFO Progress 3670/8281 status=ok steps=41 confidence=0.999988 elapsed=0.105s
2026-07-25 17:03:57,716 INFO Progress 3671/8281 status=ok steps=33 confidence=0.999510 elapsed=0.087s
2026-07-25 17:03:57,808 INFO Progress 3672/8281 status=ok steps=35 confidence=0.985474 elapsed=0.091s
2026-07-25 17:03:57,918 INFO Progress 3673/8281 status=ok steps=41 confidence=0.999863 elapsed=0.110s
2026-07-25 17:03:57,986 INFO Progress 3674/8281 status=ok steps=25 confidence=0.999976 elapsed=0.067s
2026-07-25 17:03:58,224 INFO Progress 3675/8281 status=ok steps=32 confidence=0.999755 elapsed=0.085s
2026-07-25 17:03:58,357 INFO Progress 3676/8281 status=ok steps=53 confidence=0.999893 elapsed=0.133s
2026-07-25 17:03:58,559 INFO Progress 3677/8281 status=ok steps=83 confidence=0.999991 elapsed=0.202s
2026-07-25 17:03:58,654 INFO Progress 3678/8281 status=ok steps=37 confidence=0.999936 elapsed=0.095s
2026-07-25 17:03:58,757 INFO Progress 3679/8281 status=ok steps=41 confidence=0.999782 elapsed=0.102s
2026-07-25 17:03:58,870 INFO Progress 3680/8281 status=ok steps=45 confidence=0.999819 elapsed=0.113s
2026-07-25 17:03:58,937 INFO Progress 3681/8281 status=ok steps=25 confidence=0.999981 elapsed=0.067s
2026-07-25 17:03:59,075 INFO Progress 3682/8281 status=ok steps=53 confidence=0.999993 elapsed=0.137s
2026-07-25 17:03:59,155 INFO Progress 3683/8281 status=ok steps=29 confidence=0.999293 elapsed=0.080s
2026-07-25 17:03:59,299 INFO Progress 3684/8281 status=ok steps=59 confidence=0.999957 elapsed=0.144s
2026-07-25 17:03:59,349 INFO Progress 3685/8281 status=ok steps=17 confidence=0.999855 elapsed=0.049s
2026-07-25 17:03:59,426 INFO Progress 3686/8281 status=ok steps=29 confidence=0.999955 elapsed=0.078s
2026-07-25 17:03:59,479 INFO Progress 3687/8281 status=ok steps=17 confidence=0.999929 elapsed=0.052s
2026-07-25 17:03:59,588 INFO Progress 3688/8281 status=ok steps=41 confidence=0.999560 elapsed=0.109s
2026-07-25 17:03:59,724 INFO Progress 3689/8281 status=ok steps=54 confidence=0.999550 elapsed=0.135s
2026-07-25 17:03:59,850 INFO Progress 3690/8281 status=ok steps=50 confidence=0.999973 elapsed=0.126s
2026-07-25 17:03:59,914 INFO Progress 3691/8281 status=ok steps=23 confidence=0.999713 elapsed=0.064s
2026-07-25 17:04:00,031 INFO Progress 3692/8281 status=ok steps=41 confidence=0.999953 elapsed=0.117s
2026-07-25 17:04:00,132 INFO Progress 3693/8281 status=ok steps=35 confidence=0.999745 elapsed=0.101s
2026-07-25 17:04:00,204 INFO Progress 3694/8281 status=ok steps=23 confidence=0.999807 elapsed=0.071s
2026-07-25 17:04:00,343 INFO Progress 3695/8281 status=ok steps=53 confidence=0.999960 elapsed=0.139s
2026-07-25 17:04:00,419 INFO Progress 3696/8281 status=ok steps=29 confidence=0.999932 elapsed=0.077s
2026-07-25 17:04:00,509 INFO Progress 3697/8281 status=ok steps=35 confidence=0.999969 elapsed=0.090s
2026-07-25 17:04:00,577 INFO Progress 3698/8281 status=ok steps=25 confidence=0.999944 elapsed=0.068s
2026-07-25 17:04:00,680 INFO Progress 3699/8281 status=ok steps=41 confidence=0.999855 elapsed=0.103s
2026-07-25 17:04:00,967 INFO Progress 3700/8281 status=ok steps=61 confidence=0.999756 elapsed=0.151s
2026-07-25 17:04:01,065 INFO Progress 3701/8281 status=ok steps=37 confidence=0.999995 elapsed=0.098s
2026-07-25 17:04:01,197 INFO Progress 3702/8281 status=ok steps=54 confidence=0.999948 elapsed=0.132s
2026-07-25 17:04:01,333 INFO Progress 3703/8281 status=ok steps=55 confidence=0.999941 elapsed=0.136s
2026-07-25 17:04:01,400 INFO Progress 3704/8281 status=ok steps=25 confidence=0.999923 elapsed=0.067s
2026-07-25 17:04:01,517 INFO Progress 3705/8281 status=ok steps=47 confidence=0.999965 elapsed=0.117s
2026-07-25 17:04:01,585 INFO Progress 3706/8281 status=ok steps=25 confidence=0.999891 elapsed=0.068s
2026-07-25 17:04:01,648 INFO Progress 3707/8281 status=ok steps=23 confidence=0.999686 elapsed=0.063s
2026-07-25 17:04:01,780 INFO Progress 3708/8281 status=ok steps=53 confidence=0.999938 elapsed=0.132s
2026-07-25 17:04:01,855 INFO Progress 3709/8281 status=ok steps=29 confidence=0.999991 elapsed=0.075s
2026-07-25 17:04:01,989 INFO Progress 3710/8281 status=ok steps=53 confidence=0.999771 elapsed=0.134s
2026-07-25 17:04:02,161 INFO Progress 3711/8281 status=ok steps=70 confidence=0.999936 elapsed=0.172s
2026-07-25 17:04:02,274 INFO Progress 3712/8281 status=ok steps=45 confidence=0.999988 elapsed=0.113s
2026-07-25 17:04:02,378 INFO Progress 3713/8281 status=ok steps=41 confidence=0.999910 elapsed=0.104s
2026-07-25 17:04:02,448 INFO Progress 3714/8281 status=ok steps=25 confidence=0.999813 elapsed=0.070s
2026-07-25 17:04:02,527 INFO Progress 3715/8281 status=ok steps=29 confidence=0.999856 elapsed=0.078s
2026-07-25 17:04:02,629 INFO Progress 3716/8281 status=ok steps=41 confidence=0.999581 elapsed=0.103s
2026-07-25 17:04:02,735 INFO Progress 3717/8281 status=ok steps=40 confidence=0.999943 elapsed=0.106s
2026-07-25 17:04:03,011 INFO Progress 3718/8281 status=ok steps=113 confidence=0.999966 elapsed=0.276s
2026-07-25 17:04:03,131 INFO Progress 3719/8281 status=ok steps=47 confidence=0.999973 elapsed=0.120s
2026-07-25 17:04:03,188 INFO Progress 3720/8281 status=ok steps=20 confidence=0.999975 elapsed=0.057s
2026-07-25 17:04:03,233 INFO Progress 3721/8281 status=ok steps=15 confidence=0.999805 elapsed=0.046s
2026-07-25 17:04:03,318 INFO Progress 3722/8281 status=ok steps=33 confidence=0.998854 elapsed=0.085s
2026-07-25 17:04:03,404 INFO Progress 3723/8281 status=ok steps=33 confidence=0.999963 elapsed=0.086s
2026-07-25 17:04:03,489 INFO Progress 3724/8281 status=ok steps=33 confidence=0.999717 elapsed=0.085s
2026-07-25 17:04:03,651 INFO Progress 3725/8281 status=ok steps=17 confidence=0.999905 elapsed=0.049s
2026-07-25 17:04:03,798 INFO Progress 3726/8281 status=ok steps=53 confidence=0.999926 elapsed=0.147s
2026-07-25 17:04:03,911 INFO Progress 3727/8281 status=ok steps=45 confidence=0.999934 elapsed=0.113s
2026-07-25 17:04:04,006 INFO Progress 3728/8281 status=ok steps=37 confidence=0.999982 elapsed=0.094s
2026-07-25 17:04:04,096 INFO Progress 3729/8281 status=ok steps=35 confidence=0.999975 elapsed=0.090s
2026-07-25 17:04:04,289 INFO Progress 3730/8281 status=ok steps=77 confidence=0.999664 elapsed=0.193s
2026-07-25 17:04:04,385 INFO Progress 3731/8281 status=ok steps=35 confidence=0.999993 elapsed=0.096s
2026-07-25 17:04:04,445 INFO Progress 3732/8281 status=ok steps=21 confidence=0.999732 elapsed=0.060s
2026-07-25 17:04:04,541 INFO Progress 3733/8281 status=ok steps=37 confidence=0.999931 elapsed=0.096s
2026-07-25 17:04:04,617 INFO Progress 3734/8281 status=ok steps=29 confidence=0.999887 elapsed=0.076s
2026-07-25 17:04:04,751 INFO Progress 3735/8281 status=ok steps=53 confidence=0.999931 elapsed=0.134s
2026-07-25 17:04:04,898 INFO Progress 3736/8281 status=ok steps=59 confidence=0.999978 elapsed=0.147s
2026-07-25 17:04:04,975 INFO Progress 3737/8281 status=ok steps=29 confidence=0.999898 elapsed=0.076s
2026-07-25 17:04:05,080 INFO Progress 3738/8281 status=ok steps=41 confidence=0.999996 elapsed=0.105s
2026-07-25 17:04:05,143 INFO Progress 3739/8281 status=ok steps=23 confidence=0.999806 elapsed=0.063s
2026-07-25 17:04:05,262 INFO Progress 3740/8281 status=ok steps=45 confidence=0.999992 elapsed=0.119s
2026-07-25 17:04:05,365 INFO Progress 3741/8281 status=ok steps=40 confidence=0.999873 elapsed=0.103s
2026-07-25 17:04:05,433 INFO Progress 3742/8281 status=ok steps=25 confidence=0.999980 elapsed=0.068s
2026-07-25 17:04:05,501 INFO Progress 3743/8281 status=ok steps=25 confidence=0.999922 elapsed=0.069s
2026-07-25 17:04:05,586 INFO Progress 3744/8281 status=ok steps=33 confidence=0.999857 elapsed=0.084s
2026-07-25 17:04:05,703 INFO Progress 3745/8281 status=ok steps=47 confidence=0.999912 elapsed=0.117s
2026-07-25 17:04:05,771 INFO Progress 3746/8281 status=ok steps=25 confidence=0.999931 elapsed=0.068s
2026-07-25 17:04:05,852 INFO Progress 3747/8281 status=ok steps=30 confidence=0.999968 elapsed=0.081s
2026-07-25 17:04:05,933 INFO Progress 3748/8281 status=ok steps=29 confidence=0.999571 elapsed=0.080s
2026-07-25 17:04:06,025 INFO Progress 3749/8281 status=ok steps=35 confidence=0.998962 elapsed=0.092s
2026-07-25 17:04:06,285 INFO Progress 3750/8281 status=ok steps=50 confidence=0.999984 elapsed=0.124s
2026-07-25 17:04:06,366 INFO Progress 3751/8281 status=ok steps=29 confidence=0.999920 elapsed=0.081s
2026-07-25 17:04:06,503 INFO Progress 3752/8281 status=ok steps=55 confidence=0.999944 elapsed=0.137s
2026-07-25 17:04:06,604 INFO Progress 3753/8281 status=ok steps=40 confidence=0.999989 elapsed=0.101s
2026-07-25 17:04:06,701 INFO Progress 3754/8281 status=ok steps=37 confidence=0.999946 elapsed=0.097s
2026-07-25 17:04:06,833 INFO Progress 3755/8281 status=ok steps=53 confidence=0.999995 elapsed=0.132s
2026-07-25 17:04:06,932 INFO Progress 3756/8281 status=ok steps=37 confidence=0.999599 elapsed=0.099s
2026-07-25 17:04:07,028 INFO Progress 3757/8281 status=ok steps=37 confidence=0.999969 elapsed=0.096s
2026-07-25 17:04:07,132 INFO Progress 3758/8281 status=ok steps=41 confidence=0.999845 elapsed=0.104s
2026-07-25 17:04:07,221 INFO Progress 3759/8281 status=ok steps=35 confidence=0.999908 elapsed=0.089s
2026-07-25 17:04:07,312 INFO Progress 3760/8281 status=ok steps=35 confidence=0.995920 elapsed=0.090s
2026-07-25 17:04:07,370 INFO Progress 3761/8281 status=ok steps=21 confidence=0.999913 elapsed=0.058s
2026-07-25 17:04:07,438 INFO Progress 3762/8281 status=ok steps=25 confidence=0.999982 elapsed=0.068s
2026-07-25 17:04:07,534 INFO Progress 3763/8281 status=ok steps=37 confidence=0.999986 elapsed=0.096s
2026-07-25 17:04:07,770 INFO Progress 3764/8281 status=ok steps=95 confidence=0.999971 elapsed=0.236s
2026-07-25 17:04:07,861 INFO Progress 3765/8281 status=ok steps=35 confidence=0.999797 elapsed=0.090s
2026-07-25 17:04:07,916 INFO Progress 3766/8281 status=ok steps=20 confidence=0.998524 elapsed=0.056s
2026-07-25 17:04:07,985 INFO Progress 3767/8281 status=ok steps=25 confidence=0.999965 elapsed=0.069s
2026-07-25 17:04:08,064 INFO Progress 3768/8281 status=ok steps=29 confidence=0.999873 elapsed=0.079s
2026-07-25 17:04:08,157 INFO Progress 3769/8281 status=ok steps=35 confidence=0.999987 elapsed=0.093s
2026-07-25 17:04:08,300 INFO Progress 3770/8281 status=ok steps=59 confidence=0.999920 elapsed=0.143s
2026-07-25 17:04:08,404 INFO Progress 3771/8281 status=ok steps=40 confidence=0.999847 elapsed=0.104s
2026-07-25 17:04:08,528 INFO Progress 3772/8281 status=ok steps=49 confidence=0.999837 elapsed=0.124s
2026-07-25 17:04:08,606 INFO Progress 3773/8281 status=ok steps=29 confidence=0.999885 elapsed=0.078s
2026-07-25 17:04:08,812 INFO Progress 3774/8281 status=ok steps=85 confidence=0.999963 elapsed=0.205s
2026-07-25 17:04:09,038 INFO Progress 3775/8281 status=ok steps=35 confidence=0.999916 elapsed=0.092s
2026-07-25 17:04:09,145 INFO Progress 3776/8281 status=ok steps=41 confidence=0.999934 elapsed=0.107s
2026-07-25 17:04:09,194 INFO Progress 3777/8281 status=ok steps=17 confidence=0.999960 elapsed=0.049s
2026-07-25 17:04:09,283 INFO Progress 3778/8281 status=ok steps=35 confidence=0.999857 elapsed=0.089s
2026-07-25 17:04:09,353 INFO Progress 3779/8281 status=ok steps=26 confidence=0.999358 elapsed=0.070s
2026-07-25 17:04:09,439 INFO Progress 3780/8281 status=ok steps=33 confidence=0.999991 elapsed=0.085s
2026-07-25 17:04:09,542 INFO Progress 3781/8281 status=ok steps=41 confidence=0.999976 elapsed=0.104s
2026-07-25 17:04:09,635 INFO Progress 3782/8281 status=ok steps=35 confidence=0.999837 elapsed=0.092s
2026-07-25 17:04:09,738 INFO Progress 3783/8281 status=ok steps=41 confidence=0.999874 elapsed=0.103s
2026-07-25 17:04:09,883 INFO Progress 3784/8281 status=ok steps=59 confidence=0.999957 elapsed=0.144s
2026-07-25 17:04:10,002 INFO Progress 3785/8281 status=ok steps=47 confidence=0.999960 elapsed=0.119s
2026-07-25 17:04:10,151 INFO Progress 3786/8281 status=ok steps=61 confidence=0.999989 elapsed=0.149s
2026-07-25 17:04:10,235 INFO Progress 3787/8281 status=ok steps=32 confidence=0.999769 elapsed=0.083s
2026-07-25 17:04:10,425 INFO Progress 3788/8281 status=ok steps=77 confidence=0.999855 elapsed=0.190s
2026-07-25 17:04:10,554 INFO Progress 3789/8281 status=ok steps=50 confidence=0.999990 elapsed=0.129s
2026-07-25 17:04:10,623 INFO Progress 3790/8281 status=ok steps=25 confidence=0.999926 elapsed=0.068s
2026-07-25 17:04:10,770 INFO Progress 3791/8281 status=ok steps=59 confidence=0.999944 elapsed=0.147s
2026-07-25 17:04:10,846 INFO Progress 3792/8281 status=ok steps=29 confidence=0.999995 elapsed=0.076s
2026-07-25 17:04:10,926 INFO Progress 3793/8281 status=ok steps=30 confidence=0.999965 elapsed=0.079s
2026-07-25 17:04:10,995 INFO Progress 3794/8281 status=ok steps=25 confidence=0.999573 elapsed=0.069s
2026-07-25 17:04:11,099 INFO Progress 3795/8281 status=ok steps=41 confidence=0.999909 elapsed=0.104s
2026-07-25 17:04:11,169 INFO Progress 3796/8281 status=ok steps=25 confidence=0.999573 elapsed=0.070s
2026-07-25 17:04:11,258 INFO Progress 3797/8281 status=ok steps=35 confidence=0.999927 elapsed=0.089s
2026-07-25 17:04:11,350 INFO Progress 3798/8281 status=ok steps=35 confidence=0.999960 elapsed=0.092s
2026-07-25 17:04:11,440 INFO Progress 3799/8281 status=ok steps=35 confidence=0.999938 elapsed=0.090s
2026-07-25 17:04:11,673 INFO Progress 3800/8281 status=ok steps=40 confidence=0.999776 elapsed=0.107s
2026-07-25 17:04:11,761 INFO Progress 3801/8281 status=ok steps=29 confidence=0.999571 elapsed=0.087s
2026-07-25 17:04:11,830 INFO Progress 3802/8281 status=ok steps=25 confidence=0.999935 elapsed=0.069s
2026-07-25 17:04:11,925 INFO Progress 3803/8281 status=ok steps=37 confidence=0.999992 elapsed=0.095s
2026-07-25 17:04:12,003 INFO Progress 3804/8281 status=ok steps=29 confidence=0.999856 elapsed=0.078s
2026-07-25 17:04:12,122 INFO Progress 3805/8281 status=ok steps=47 confidence=0.999989 elapsed=0.119s
2026-07-25 17:04:12,200 INFO Progress 3806/8281 status=ok steps=29 confidence=0.997122 elapsed=0.077s
2026-07-25 17:04:12,357 INFO Progress 3807/8281 status=ok steps=53 confidence=0.999975 elapsed=0.157s
2026-07-25 17:04:12,540 INFO Progress 3808/8281 status=ok steps=68 confidence=0.999986 elapsed=0.183s
2026-07-25 17:04:12,660 INFO Progress 3809/8281 status=ok steps=47 confidence=0.999976 elapsed=0.120s
2026-07-25 17:04:12,765 INFO Progress 3810/8281 status=ok steps=41 confidence=0.999915 elapsed=0.105s
2026-07-25 17:04:12,845 INFO Progress 3811/8281 status=ok steps=29 confidence=0.999856 elapsed=0.080s
2026-07-25 17:04:12,931 INFO Progress 3812/8281 status=ok steps=33 confidence=0.999990 elapsed=0.086s
2026-07-25 17:04:13,065 INFO Progress 3813/8281 status=ok steps=53 confidence=0.999344 elapsed=0.134s
2026-07-25 17:04:13,170 INFO Progress 3814/8281 status=ok steps=41 confidence=0.999852 elapsed=0.105s
2026-07-25 17:04:13,247 INFO Progress 3815/8281 status=ok steps=29 confidence=0.999949 elapsed=0.077s
2026-07-25 17:04:13,569 INFO Progress 3816/8281 status=ok steps=125 confidence=0.999987 elapsed=0.322s
2026-07-25 17:04:13,680 INFO Progress 3817/8281 status=ok steps=40 confidence=0.999764 elapsed=0.111s
2026-07-25 17:04:13,740 INFO Progress 3818/8281 status=ok steps=21 confidence=0.999945 elapsed=0.060s
2026-07-25 17:04:13,889 INFO Progress 3819/8281 status=ok steps=59 confidence=0.999982 elapsed=0.149s
2026-07-25 17:04:13,969 INFO Progress 3820/8281 status=ok steps=30 confidence=0.998192 elapsed=0.080s
2026-07-25 17:04:14,208 INFO Progress 3821/8281 status=ok steps=95 confidence=0.999829 elapsed=0.238s
2026-07-25 17:04:14,302 INFO Progress 3822/8281 status=ok steps=35 confidence=0.999938 elapsed=0.095s
2026-07-25 17:04:14,387 INFO Progress 3823/8281 status=ok steps=32 confidence=0.999430 elapsed=0.084s
2026-07-25 17:04:14,492 INFO Progress 3824/8281 status=ok steps=40 confidence=0.999840 elapsed=0.105s
2026-07-25 17:04:14,731 INFO Progress 3825/8281 status=ok steps=33 confidence=0.998905 elapsed=0.089s
2026-07-25 17:04:14,824 INFO Progress 3826/8281 status=ok steps=35 confidence=0.998558 elapsed=0.092s
2026-07-25 17:04:14,915 INFO Progress 3827/8281 status=ok steps=35 confidence=0.999923 elapsed=0.091s
2026-07-25 17:04:15,019 INFO Progress 3828/8281 status=ok steps=41 confidence=0.999936 elapsed=0.104s
2026-07-25 17:04:15,085 INFO Progress 3829/8281 status=ok steps=23 confidence=0.999810 elapsed=0.065s
2026-07-25 17:04:15,212 INFO Progress 3830/8281 status=ok steps=50 confidence=0.999973 elapsed=0.127s
2026-07-25 17:04:15,339 INFO Progress 3831/8281 status=ok steps=50 confidence=0.999988 elapsed=0.127s
2026-07-25 17:04:15,408 INFO Progress 3832/8281 status=ok steps=25 confidence=0.999920 elapsed=0.069s
2026-07-25 17:04:15,494 INFO Progress 3833/8281 status=ok steps=29 confidence=0.999886 elapsed=0.086s
2026-07-25 17:04:15,581 INFO Progress 3834/8281 status=ok steps=30 confidence=0.999956 elapsed=0.087s
2026-07-25 17:04:15,719 INFO Progress 3835/8281 status=ok steps=47 confidence=0.999986 elapsed=0.138s
2026-07-25 17:04:15,890 INFO Progress 3836/8281 status=ok steps=61 confidence=0.999683 elapsed=0.171s
2026-07-25 17:04:16,018 INFO Progress 3837/8281 status=ok steps=45 confidence=0.999971 elapsed=0.128s
2026-07-25 17:04:16,114 INFO Progress 3838/8281 status=ok steps=33 confidence=0.999981 elapsed=0.096s
2026-07-25 17:04:16,190 INFO Progress 3839/8281 status=ok steps=25 confidence=0.999935 elapsed=0.076s
2026-07-25 17:04:16,259 INFO Progress 3840/8281 status=ok steps=23 confidence=0.999729 elapsed=0.069s
2026-07-25 17:04:16,345 INFO Progress 3841/8281 status=ok steps=29 confidence=0.999920 elapsed=0.085s
2026-07-25 17:04:16,552 INFO Progress 3842/8281 status=ok steps=75 confidence=0.999951 elapsed=0.208s
2026-07-25 17:04:16,622 INFO Progress 3843/8281 status=ok steps=23 confidence=0.999853 elapsed=0.070s
2026-07-25 17:04:16,781 INFO Progress 3844/8281 status=ok steps=61 confidence=0.999994 elapsed=0.158s
2026-07-25 17:04:16,872 INFO Progress 3845/8281 status=ok steps=35 confidence=0.999768 elapsed=0.091s
2026-07-25 17:04:16,966 INFO Progress 3846/8281 status=ok steps=35 confidence=0.999862 elapsed=0.094s
2026-07-25 17:04:17,052 INFO Progress 3847/8281 status=ok steps=33 confidence=0.999990 elapsed=0.086s
2026-07-25 17:04:17,185 INFO Progress 3848/8281 status=ok steps=53 confidence=0.999825 elapsed=0.133s
2026-07-25 17:04:17,279 INFO Progress 3849/8281 status=ok steps=35 confidence=0.999960 elapsed=0.094s
2026-07-25 17:04:17,526 INFO Progress 3850/8281 status=ok steps=40 confidence=0.999943 elapsed=0.104s
2026-07-25 17:04:17,749 INFO Progress 3851/8281 status=ok steps=89 confidence=0.999971 elapsed=0.223s
2026-07-25 17:04:17,897 INFO Progress 3852/8281 status=ok steps=59 confidence=0.999962 elapsed=0.148s
2026-07-25 17:04:18,003 INFO Progress 3853/8281 status=ok steps=40 confidence=0.999670 elapsed=0.106s
2026-07-25 17:04:18,099 INFO Progress 3854/8281 status=ok steps=37 confidence=0.999985 elapsed=0.096s
2026-07-25 17:04:18,209 INFO Progress 3855/8281 status=ok steps=41 confidence=0.999690 elapsed=0.109s
2026-07-25 17:04:18,311 INFO Progress 3856/8281 status=ok steps=40 confidence=0.983122 elapsed=0.102s
2026-07-25 17:04:18,429 INFO Progress 3857/8281 status=ok steps=45 confidence=0.999969 elapsed=0.118s
2026-07-25 17:04:18,524 INFO Progress 3858/8281 status=ok steps=37 confidence=0.999818 elapsed=0.095s
2026-07-25 17:04:18,652 INFO Progress 3859/8281 status=ok steps=50 confidence=0.999678 elapsed=0.127s
2026-07-25 17:04:18,767 INFO Progress 3860/8281 status=ok steps=45 confidence=0.999819 elapsed=0.115s
2026-07-25 17:04:18,848 INFO Progress 3861/8281 status=ok steps=30 confidence=0.999960 elapsed=0.081s
2026-07-25 17:04:18,965 INFO Progress 3862/8281 status=ok steps=45 confidence=0.999824 elapsed=0.116s
2026-07-25 17:04:19,096 INFO Progress 3863/8281 status=ok steps=50 confidence=0.999853 elapsed=0.131s
2026-07-25 17:04:19,202 INFO Progress 3864/8281 status=ok steps=40 confidence=0.999961 elapsed=0.106s
2026-07-25 17:04:19,371 INFO Progress 3865/8281 status=ok steps=69 confidence=0.999957 elapsed=0.169s
2026-07-25 17:04:19,462 INFO Progress 3866/8281 status=ok steps=35 confidence=0.999950 elapsed=0.090s
2026-07-25 17:04:19,601 INFO Progress 3867/8281 status=ok steps=53 confidence=0.996180 elapsed=0.139s
2026-07-25 17:04:19,688 INFO Progress 3868/8281 status=ok steps=33 confidence=0.999994 elapsed=0.087s
2026-07-25 17:04:19,807 INFO Progress 3869/8281 status=ok steps=47 confidence=0.999910 elapsed=0.120s
2026-07-25 17:04:19,925 INFO Progress 3870/8281 status=ok steps=45 confidence=0.999683 elapsed=0.117s
2026-07-25 17:04:20,016 INFO Progress 3871/8281 status=ok steps=35 confidence=0.999876 elapsed=0.091s
2026-07-25 17:04:20,162 INFO Progress 3872/8281 status=ok steps=59 confidence=0.998890 elapsed=0.146s
2026-07-25 17:04:20,419 INFO Progress 3873/8281 status=ok steps=101 confidence=0.999963 elapsed=0.257s
2026-07-25 17:04:20,496 INFO Progress 3874/8281 status=ok steps=29 confidence=0.999991 elapsed=0.077s
2026-07-25 17:04:20,691 INFO Progress 3875/8281 status=ok steps=26 confidence=0.999358 elapsed=0.070s
2026-07-25 17:04:20,809 INFO Progress 3876/8281 status=ok steps=45 confidence=0.999985 elapsed=0.118s
2026-07-25 17:04:20,954 INFO Progress 3877/8281 status=ok steps=57 confidence=0.999986 elapsed=0.145s
2026-07-25 17:04:21,012 INFO Progress 3878/8281 status=ok steps=20 confidence=0.999961 elapsed=0.058s
2026-07-25 17:04:21,185 INFO Progress 3879/8281 status=ok steps=69 confidence=0.999901 elapsed=0.173s
2026-07-25 17:04:21,380 INFO Progress 3880/8281 status=ok steps=77 confidence=0.999680 elapsed=0.195s
2026-07-25 17:04:21,444 INFO Progress 3881/8281 status=ok steps=23 confidence=0.999831 elapsed=0.063s
2026-07-25 17:04:21,529 INFO Progress 3882/8281 status=ok steps=33 confidence=0.999598 elapsed=0.085s
2026-07-25 17:04:21,634 INFO Progress 3883/8281 status=ok steps=41 confidence=0.999931 elapsed=0.106s
2026-07-25 17:04:21,798 INFO Progress 3884/8281 status=ok steps=65 confidence=0.999930 elapsed=0.164s
2026-07-25 17:04:21,892 INFO Progress 3885/8281 status=ok steps=35 confidence=0.999817 elapsed=0.093s
2026-07-25 17:04:21,956 INFO Progress 3886/8281 status=ok steps=23 confidence=0.999665 elapsed=0.064s
2026-07-25 17:04:22,060 INFO Progress 3887/8281 status=ok steps=41 confidence=0.999929 elapsed=0.104s
2026-07-25 17:04:22,111 INFO Progress 3888/8281 status=ok steps=17 confidence=0.999933 elapsed=0.051s
2026-07-25 17:04:22,303 INFO Progress 3889/8281 status=ok steps=75 confidence=0.999987 elapsed=0.192s
2026-07-25 17:04:22,409 INFO Progress 3890/8281 status=ok steps=41 confidence=0.999701 elapsed=0.106s
2026-07-25 17:04:22,488 INFO Progress 3891/8281 status=ok steps=29 confidence=0.999899 elapsed=0.079s
2026-07-25 17:04:22,572 INFO Progress 3892/8281 status=ok steps=29 confidence=0.999293 elapsed=0.083s
2026-07-25 17:04:22,670 INFO Progress 3893/8281 status=ok steps=37 confidence=0.999984 elapsed=0.098s
2026-07-25 17:04:22,806 INFO Progress 3894/8281 status=ok steps=53 confidence=0.999684 elapsed=0.136s
2026-07-25 17:04:22,928 INFO Progress 3895/8281 status=ok steps=47 confidence=0.999912 elapsed=0.122s
2026-07-25 17:04:23,032 INFO Progress 3896/8281 status=ok steps=40 confidence=0.999741 elapsed=0.104s
2026-07-25 17:04:23,124 INFO Progress 3897/8281 status=ok steps=35 confidence=0.999916 elapsed=0.092s
2026-07-25 17:04:23,216 INFO Progress 3898/8281 status=ok steps=35 confidence=0.999968 elapsed=0.092s
2026-07-25 17:04:23,301 INFO Progress 3899/8281 status=ok steps=33 confidence=0.995833 elapsed=0.085s
2026-07-25 17:04:23,559 INFO Progress 3900/8281 status=ok steps=41 confidence=0.999980 elapsed=0.105s
2026-07-25 17:04:23,641 INFO Progress 3901/8281 status=ok steps=30 confidence=0.998770 elapsed=0.082s
2026-07-25 17:04:23,718 INFO Progress 3902/8281 status=ok steps=29 confidence=0.999976 elapsed=0.076s
2026-07-25 17:04:23,889 INFO Progress 3903/8281 status=ok steps=69 confidence=0.999804 elapsed=0.171s
2026-07-25 17:04:23,993 INFO Progress 3904/8281 status=ok steps=40 confidence=0.999991 elapsed=0.105s
2026-07-25 17:04:24,116 INFO Progress 3905/8281 status=ok steps=47 confidence=0.999887 elapsed=0.122s
2026-07-25 17:04:24,180 INFO Progress 3906/8281 status=ok steps=23 confidence=0.999778 elapsed=0.064s
2026-07-25 17:04:24,269 INFO Progress 3907/8281 status=ok steps=33 confidence=0.999976 elapsed=0.089s
2026-07-25 17:04:24,363 INFO Progress 3908/8281 status=ok steps=35 confidence=0.999741 elapsed=0.094s
2026-07-25 17:04:24,414 INFO Progress 3909/8281 status=ok steps=17 confidence=0.999934 elapsed=0.050s
2026-07-25 17:04:24,606 INFO Progress 3910/8281 status=ok steps=77 confidence=0.999158 elapsed=0.193s
2026-07-25 17:04:24,756 INFO Progress 3911/8281 status=ok steps=59 confidence=0.999989 elapsed=0.150s
2026-07-25 17:04:24,873 INFO Progress 3912/8281 status=ok steps=45 confidence=0.999988 elapsed=0.116s
2026-07-25 17:04:25,086 INFO Progress 3913/8281 status=ok steps=86 confidence=0.999938 elapsed=0.213s
2026-07-25 17:04:25,224 INFO Progress 3914/8281 status=ok steps=55 confidence=0.999958 elapsed=0.138s
2026-07-25 17:04:25,382 INFO Progress 3915/8281 status=ok steps=61 confidence=0.999943 elapsed=0.158s
2026-07-25 17:04:25,474 INFO Progress 3916/8281 status=ok steps=35 confidence=0.999886 elapsed=0.092s
2026-07-25 17:04:25,554 INFO Progress 3917/8281 status=ok steps=30 confidence=0.999910 elapsed=0.080s
2026-07-25 17:04:25,674 INFO Progress 3918/8281 status=ok steps=47 confidence=0.999636 elapsed=0.120s
2026-07-25 17:04:25,751 INFO Progress 3919/8281 status=ok steps=29 confidence=0.999830 elapsed=0.077s
2026-07-25 17:04:25,938 INFO Progress 3920/8281 status=ok steps=75 confidence=0.999864 elapsed=0.187s
2026-07-25 17:04:26,027 INFO Progress 3921/8281 status=ok steps=33 confidence=0.999963 elapsed=0.089s
2026-07-25 17:04:26,113 INFO Progress 3922/8281 status=ok steps=33 confidence=0.999315 elapsed=0.086s
2026-07-25 17:04:26,200 INFO Progress 3923/8281 status=ok steps=33 confidence=0.999978 elapsed=0.086s
2026-07-25 17:04:26,376 INFO Progress 3924/8281 status=ok steps=71 confidence=0.999993 elapsed=0.176s
2026-07-25 17:04:26,611 INFO Progress 3925/8281 status=ok steps=29 confidence=0.999947 elapsed=0.078s
2026-07-25 17:04:26,706 INFO Progress 3926/8281 status=ok steps=35 confidence=0.999955 elapsed=0.095s
2026-07-25 17:04:26,756 INFO Progress 3927/8281 status=ok steps=17 confidence=0.999918 elapsed=0.050s
2026-07-25 17:04:26,836 INFO Progress 3928/8281 status=ok steps=29 confidence=0.999765 elapsed=0.079s
2026-07-25 17:04:26,932 INFO Progress 3929/8281 status=ok steps=37 confidence=0.999931 elapsed=0.096s
2026-07-25 17:04:27,123 INFO Progress 3930/8281 status=ok steps=77 confidence=0.999972 elapsed=0.191s
2026-07-25 17:04:27,260 INFO Progress 3931/8281 status=ok steps=55 confidence=0.999916 elapsed=0.137s
2026-07-25 17:04:27,355 INFO Progress 3932/8281 status=ok steps=35 confidence=0.999987 elapsed=0.095s
2026-07-25 17:04:27,419 INFO Progress 3933/8281 status=ok steps=23 confidence=0.999839 elapsed=0.064s
2026-07-25 17:04:27,487 INFO Progress 3934/8281 status=ok steps=25 confidence=0.999920 elapsed=0.068s
2026-07-25 17:04:27,593 INFO Progress 3935/8281 status=ok steps=40 confidence=0.999884 elapsed=0.106s
2026-07-25 17:04:27,658 INFO Progress 3936/8281 status=ok steps=23 confidence=0.997484 elapsed=0.065s
2026-07-25 17:04:27,724 INFO Progress 3937/8281 status=ok steps=23 confidence=0.999705 elapsed=0.066s
2026-07-25 17:04:27,957 INFO Progress 3938/8281 status=ok steps=92 confidence=0.992102 elapsed=0.232s
2026-07-25 17:04:28,095 INFO Progress 3939/8281 status=ok steps=55 confidence=0.999944 elapsed=0.138s
2026-07-25 17:04:28,268 INFO Progress 3940/8281 status=ok steps=69 confidence=0.999833 elapsed=0.173s
2026-07-25 17:04:28,360 INFO Progress 3941/8281 status=ok steps=35 confidence=0.999920 elapsed=0.091s
2026-07-25 17:04:28,449 INFO Progress 3942/8281 status=ok steps=33 confidence=0.999993 elapsed=0.089s
2026-07-25 17:04:28,530 INFO Progress 3943/8281 status=ok steps=30 confidence=0.999882 elapsed=0.081s
2026-07-25 17:04:28,634 INFO Progress 3944/8281 status=ok steps=41 confidence=0.999910 elapsed=0.104s
2026-07-25 17:04:28,728 INFO Progress 3945/8281 status=ok steps=37 confidence=0.999965 elapsed=0.094s
2026-07-25 17:04:28,877 INFO Progress 3946/8281 status=ok steps=59 confidence=0.999902 elapsed=0.149s
2026-07-25 17:04:29,027 INFO Progress 3947/8281 status=ok steps=59 confidence=0.999838 elapsed=0.150s
2026-07-25 17:04:29,135 INFO Progress 3948/8281 status=ok steps=41 confidence=0.999945 elapsed=0.107s
2026-07-25 17:04:29,200 INFO Progress 3949/8281 status=ok steps=23 confidence=0.999665 elapsed=0.065s
2026-07-25 17:04:29,498 INFO Progress 3950/8281 status=ok steps=29 confidence=0.999760 elapsed=0.079s
2026-07-25 17:04:29,590 INFO Progress 3951/8281 status=ok steps=33 confidence=0.999697 elapsed=0.092s
2026-07-25 17:04:29,741 INFO Progress 3952/8281 status=ok steps=60 confidence=0.999970 elapsed=0.151s
2026-07-25 17:04:29,828 INFO Progress 3953/8281 status=ok steps=33 confidence=0.999881 elapsed=0.087s
2026-07-25 17:04:29,905 INFO Progress 3954/8281 status=ok steps=29 confidence=0.997479 elapsed=0.077s
2026-07-25 17:04:30,019 INFO Progress 3955/8281 status=ok steps=45 confidence=0.999991 elapsed=0.114s
2026-07-25 17:04:30,115 INFO Progress 3956/8281 status=ok steps=37 confidence=0.999931 elapsed=0.097s
2026-07-25 17:04:30,195 INFO Progress 3957/8281 status=ok steps=29 confidence=0.998868 elapsed=0.079s
2026-07-25 17:04:30,311 INFO Progress 3958/8281 status=ok steps=45 confidence=0.999970 elapsed=0.115s
2026-07-25 17:04:30,369 INFO Progress 3959/8281 status=ok steps=21 confidence=0.910873 elapsed=0.058s
2026-07-25 17:04:30,543 INFO Progress 3960/8281 status=ok steps=69 confidence=0.999901 elapsed=0.174s
2026-07-25 17:04:30,621 INFO Progress 3961/8281 status=ok steps=30 confidence=0.997672 elapsed=0.078s
2026-07-25 17:04:30,678 INFO Progress 3962/8281 status=ok steps=20 confidence=0.999667 elapsed=0.057s
2026-07-25 17:04:30,782 INFO Progress 3963/8281 status=ok steps=41 confidence=0.999986 elapsed=0.104s
2026-07-25 17:04:30,875 INFO Progress 3964/8281 status=ok steps=35 confidence=0.999952 elapsed=0.093s
2026-07-25 17:04:31,023 INFO Progress 3965/8281 status=ok steps=59 confidence=0.999974 elapsed=0.148s
2026-07-25 17:04:31,143 INFO Progress 3966/8281 status=ok steps=47 confidence=0.999988 elapsed=0.120s
2026-07-25 17:04:31,230 INFO Progress 3967/8281 status=ok steps=33 confidence=0.999963 elapsed=0.087s
2026-07-25 17:04:31,355 INFO Progress 3968/8281 status=ok steps=50 confidence=0.999539 elapsed=0.125s
2026-07-25 17:04:31,450 INFO Progress 3969/8281 status=ok steps=37 confidence=0.999985 elapsed=0.095s
2026-07-25 17:04:31,537 INFO Progress 3970/8281 status=ok steps=33 confidence=0.999795 elapsed=0.087s
2026-07-25 17:04:31,596 INFO Progress 3971/8281 status=ok steps=21 confidence=0.999977 elapsed=0.059s
2026-07-25 17:04:31,714 INFO Progress 3972/8281 status=ok steps=47 confidence=0.999976 elapsed=0.118s
2026-07-25 17:04:31,833 INFO Progress 3973/8281 status=ok steps=47 confidence=0.999991 elapsed=0.119s
2026-07-25 17:04:31,957 INFO Progress 3974/8281 status=ok steps=50 confidence=0.999913 elapsed=0.124s
2026-07-25 17:04:32,193 INFO Progress 3975/8281 status=ok steps=35 confidence=0.996653 elapsed=0.091s
2026-07-25 17:04:32,292 INFO Progress 3976/8281 status=ok steps=37 confidence=0.999974 elapsed=0.099s
2026-07-25 17:04:32,395 INFO Progress 3977/8281 status=ok steps=41 confidence=0.999994 elapsed=0.103s
2026-07-25 17:04:32,484 INFO Progress 3978/8281 status=ok steps=33 confidence=0.999960 elapsed=0.088s
2026-07-25 17:04:32,608 INFO Progress 3979/8281 status=ok steps=50 confidence=0.995739 elapsed=0.124s
2026-07-25 17:04:32,671 INFO Progress 3980/8281 status=ok steps=23 confidence=0.999695 elapsed=0.063s
2026-07-25 17:04:32,756 INFO Progress 3981/8281 status=ok steps=33 confidence=0.999884 elapsed=0.085s
2026-07-25 17:04:32,825 INFO Progress 3982/8281 status=ok steps=25 confidence=0.999648 elapsed=0.069s
2026-07-25 17:04:32,950 INFO Progress 3983/8281 status=ok steps=50 confidence=0.999953 elapsed=0.125s
2026-07-25 17:04:33,075 INFO Progress 3984/8281 status=ok steps=47 confidence=0.999984 elapsed=0.125s
2026-07-25 17:04:33,163 INFO Progress 3985/8281 status=ok steps=33 confidence=0.999963 elapsed=0.088s
2026-07-25 17:04:33,240 INFO Progress 3986/8281 status=ok steps=29 confidence=0.999982 elapsed=0.077s
2026-07-25 17:04:33,322 INFO Progress 3987/8281 status=ok steps=30 confidence=0.999905 elapsed=0.082s
2026-07-25 17:04:33,427 INFO Progress 3988/8281 status=ok steps=40 confidence=0.999992 elapsed=0.104s
2026-07-25 17:04:33,569 INFO Progress 3989/8281 status=ok steps=55 confidence=0.999995 elapsed=0.141s
2026-07-25 17:04:33,634 INFO Progress 3990/8281 status=ok steps=23 confidence=0.999780 elapsed=0.065s
2026-07-25 17:04:33,761 INFO Progress 3991/8281 status=ok steps=50 confidence=0.999982 elapsed=0.127s
2026-07-25 17:04:33,826 INFO Progress 3992/8281 status=ok steps=23 confidence=0.999008 elapsed=0.065s
2026-07-25 17:04:33,890 INFO Progress 3993/8281 status=ok steps=23 confidence=0.999801 elapsed=0.063s
2026-07-25 17:04:34,243 INFO Progress 3994/8281 status=ok steps=141 confidence=0.999987 elapsed=0.353s
2026-07-25 17:04:34,360 INFO Progress 3995/8281 status=ok steps=47 confidence=0.999997 elapsed=0.117s
2026-07-25 17:04:34,466 INFO Progress 3996/8281 status=ok steps=41 confidence=0.999869 elapsed=0.106s
2026-07-25 17:04:34,572 INFO Progress 3997/8281 status=ok steps=40 confidence=0.999909 elapsed=0.106s
2026-07-25 17:04:34,692 INFO Progress 3998/8281 status=ok steps=47 confidence=0.999905 elapsed=0.120s
2026-07-25 17:04:34,779 INFO Progress 3999/8281 status=ok steps=33 confidence=0.999979 elapsed=0.087s
2026-07-25 17:04:34,987 INFO Progress 4000/8281 status=ok steps=23 confidence=0.999702 elapsed=0.063s
2026-07-25 17:04:35,052 INFO Progress 4001/8281 status=ok steps=23 confidence=0.999741 elapsed=0.065s
2026-07-25 17:04:35,116 INFO Progress 4002/8281 status=ok steps=23 confidence=0.999807 elapsed=0.063s
2026-07-25 17:04:35,231 INFO Progress 4003/8281 status=ok steps=45 confidence=0.999962 elapsed=0.115s
2026-07-25 17:04:35,322 INFO Progress 4004/8281 status=ok steps=35 confidence=0.999924 elapsed=0.090s
2026-07-25 17:04:35,460 INFO Progress 4005/8281 status=ok steps=55 confidence=0.999916 elapsed=0.138s
2026-07-25 17:04:35,565 INFO Progress 4006/8281 status=ok steps=40 confidence=0.999899 elapsed=0.105s
2026-07-25 17:04:35,661 INFO Progress 4007/8281 status=ok steps=37 confidence=0.999985 elapsed=0.096s
2026-07-25 17:04:35,781 INFO Progress 4008/8281 status=ok steps=47 confidence=0.999959 elapsed=0.120s
2026-07-25 17:04:35,859 INFO Progress 4009/8281 status=ok steps=29 confidence=0.997562 elapsed=0.078s
2026-07-25 17:04:35,962 INFO Progress 4010/8281 status=ok steps=41 confidence=0.999929 elapsed=0.103s
2026-07-25 17:04:36,054 INFO Progress 4011/8281 status=ok steps=35 confidence=0.999788 elapsed=0.091s
2026-07-25 17:04:36,160 INFO Progress 4012/8281 status=ok steps=41 confidence=0.999988 elapsed=0.107s
2026-07-25 17:04:36,265 INFO Progress 4013/8281 status=ok steps=41 confidence=0.999905 elapsed=0.104s
2026-07-25 17:04:36,417 INFO Progress 4014/8281 status=ok steps=61 confidence=0.999989 elapsed=0.152s
2026-07-25 17:04:36,531 INFO Progress 4015/8281 status=ok steps=45 confidence=0.999973 elapsed=0.114s
2026-07-25 17:04:36,619 INFO Progress 4016/8281 status=ok steps=33 confidence=0.999981 elapsed=0.088s
2026-07-25 17:04:36,698 INFO Progress 4017/8281 status=ok steps=29 confidence=0.999949 elapsed=0.079s
2026-07-25 17:04:36,775 INFO Progress 4018/8281 status=ok steps=29 confidence=0.999840 elapsed=0.077s
2026-07-25 17:04:36,914 INFO Progress 4019/8281 status=ok steps=53 confidence=0.996180 elapsed=0.139s
2026-07-25 17:04:37,062 INFO Progress 4020/8281 status=ok steps=59 confidence=0.999989 elapsed=0.148s
2026-07-25 17:04:37,153 INFO Progress 4021/8281 status=ok steps=35 confidence=0.999818 elapsed=0.091s
2026-07-25 17:04:37,316 INFO Progress 4022/8281 status=ok steps=65 confidence=0.999930 elapsed=0.163s
2026-07-25 17:04:37,407 INFO Progress 4023/8281 status=ok steps=35 confidence=0.999030 elapsed=0.091s
2026-07-25 17:04:37,467 INFO Progress 4024/8281 status=ok steps=21 confidence=0.999648 elapsed=0.060s
2026-07-25 17:04:37,724 INFO Progress 4025/8281 status=ok steps=41 confidence=0.999970 elapsed=0.108s
2026-07-25 17:04:37,791 INFO Progress 4026/8281 status=ok steps=23 confidence=0.999505 elapsed=0.066s
2026-07-25 17:04:37,870 INFO Progress 4027/8281 status=ok steps=30 confidence=0.999983 elapsed=0.079s
2026-07-25 17:04:38,015 INFO Progress 4028/8281 status=ok steps=59 confidence=0.999878 elapsed=0.145s
2026-07-25 17:04:38,112 INFO Progress 4029/8281 status=ok steps=37 confidence=0.999987 elapsed=0.097s
2026-07-25 17:04:38,248 INFO Progress 4030/8281 status=ok steps=54 confidence=0.999990 elapsed=0.136s
2026-07-25 17:04:38,335 INFO Progress 4031/8281 status=ok steps=33 confidence=0.999994 elapsed=0.086s
2026-07-25 17:04:38,439 INFO Progress 4032/8281 status=ok steps=40 confidence=0.999952 elapsed=0.104s
2026-07-25 17:04:38,566 INFO Progress 4033/8281 status=ok steps=50 confidence=0.999986 elapsed=0.127s
2026-07-25 17:04:38,647 INFO Progress 4034/8281 status=ok steps=30 confidence=0.999986 elapsed=0.080s
2026-07-25 17:04:38,734 INFO Progress 4035/8281 status=ok steps=33 confidence=0.999957 elapsed=0.087s
2026-07-25 17:04:38,797 INFO Progress 4036/8281 status=ok steps=23 confidence=0.999775 elapsed=0.063s
2026-07-25 17:04:39,013 INFO Progress 4037/8281 status=ok steps=89 confidence=0.999971 elapsed=0.216s
2026-07-25 17:04:39,104 INFO Progress 4038/8281 status=ok steps=35 confidence=0.999984 elapsed=0.091s
2026-07-25 17:04:39,224 INFO Progress 4039/8281 status=ok steps=47 confidence=0.999564 elapsed=0.120s
2026-07-25 17:04:39,349 INFO Progress 4040/8281 status=ok steps=47 confidence=0.999021 elapsed=0.124s
2026-07-25 17:04:39,468 INFO Progress 4041/8281 status=ok steps=45 confidence=0.999977 elapsed=0.119s
2026-07-25 17:04:39,537 INFO Progress 4042/8281 status=ok steps=25 confidence=0.999919 elapsed=0.069s
2026-07-25 17:04:39,682 INFO Progress 4043/8281 status=ok steps=59 confidence=0.999959 elapsed=0.145s
2026-07-25 17:04:39,751 INFO Progress 4044/8281 status=ok steps=25 confidence=0.999981 elapsed=0.069s
2026-07-25 17:04:39,842 INFO Progress 4045/8281 status=ok steps=35 confidence=0.999992 elapsed=0.091s
2026-07-25 17:04:39,933 INFO Progress 4046/8281 status=ok steps=35 confidence=0.999980 elapsed=0.091s
2026-07-25 17:04:40,082 INFO Progress 4047/8281 status=ok steps=59 confidence=0.999961 elapsed=0.149s
2026-07-25 17:04:40,220 INFO Progress 4048/8281 status=ok steps=55 confidence=0.999989 elapsed=0.138s
2026-07-25 17:04:40,352 INFO Progress 4049/8281 status=ok steps=53 confidence=0.999951 elapsed=0.132s
2026-07-25 17:04:40,649 INFO Progress 4050/8281 status=ok steps=57 confidence=0.999989 elapsed=0.144s
2026-07-25 17:04:40,756 INFO Progress 4051/8281 status=ok steps=41 confidence=0.999868 elapsed=0.107s
2026-07-25 17:04:40,860 INFO Progress 4052/8281 status=ok steps=41 confidence=0.999854 elapsed=0.104s
2026-07-25 17:04:40,978 INFO Progress 4053/8281 status=ok steps=47 confidence=0.999925 elapsed=0.118s
2026-07-25 17:04:41,066 INFO Progress 4054/8281 status=ok steps=33 confidence=0.999978 elapsed=0.087s
2026-07-25 17:04:41,146 INFO Progress 4055/8281 status=ok steps=30 confidence=0.999171 elapsed=0.080s
2026-07-25 17:04:41,233 INFO Progress 4056/8281 status=ok steps=33 confidence=0.999996 elapsed=0.087s
2026-07-25 17:04:41,310 INFO Progress 4057/8281 status=ok steps=29 confidence=0.999949 elapsed=0.076s
2026-07-25 17:04:41,424 INFO Progress 4058/8281 status=ok steps=45 confidence=0.999992 elapsed=0.114s
2026-07-25 17:04:41,562 INFO Progress 4059/8281 status=ok steps=53 confidence=0.999987 elapsed=0.138s
2026-07-25 17:04:41,677 INFO Progress 4060/8281 status=ok steps=45 confidence=0.999937 elapsed=0.114s
2026-07-25 17:04:41,782 INFO Progress 4061/8281 status=ok steps=41 confidence=0.999978 elapsed=0.106s
2026-07-25 17:04:41,833 INFO Progress 4062/8281 status=ok steps=17 confidence=0.999349 elapsed=0.050s
2026-07-25 17:04:42,089 INFO Progress 4063/8281 status=ok steps=100 confidence=0.999991 elapsed=0.256s
2026-07-25 17:04:42,192 INFO Progress 4064/8281 status=ok steps=41 confidence=0.999430 elapsed=0.103s
2026-07-25 17:04:42,250 INFO Progress 4065/8281 status=ok steps=20 confidence=0.999922 elapsed=0.057s
2026-07-25 17:04:42,369 INFO Progress 4066/8281 status=ok steps=41 confidence=0.999871 elapsed=0.119s
2026-07-25 17:04:42,466 INFO Progress 4067/8281 status=ok steps=37 confidence=0.999954 elapsed=0.097s
2026-07-25 17:04:42,727 INFO Progress 4068/8281 status=ok steps=105 confidence=0.999998 elapsed=0.261s
2026-07-25 17:04:42,848 INFO Progress 4069/8281 status=ok steps=47 confidence=0.999887 elapsed=0.122s
2026-07-25 17:04:42,912 INFO Progress 4070/8281 status=ok steps=23 confidence=0.999695 elapsed=0.064s
2026-07-25 17:04:43,070 INFO Progress 4071/8281 status=ok steps=65 confidence=0.999994 elapsed=0.158s
2026-07-25 17:04:43,140 INFO Progress 4072/8281 status=ok steps=25 confidence=0.999744 elapsed=0.069s
2026-07-25 17:04:43,304 INFO Progress 4073/8281 status=ok steps=65 confidence=0.999959 elapsed=0.164s
2026-07-25 17:04:43,407 INFO Progress 4074/8281 status=ok steps=40 confidence=0.999995 elapsed=0.103s
2026-07-25 17:04:43,695 INFO Progress 4075/8281 status=ok steps=53 confidence=0.999991 elapsed=0.139s
2026-07-25 17:04:43,822 INFO Progress 4076/8281 status=ok steps=47 confidence=0.999946 elapsed=0.127s
2026-07-25 17:04:44,036 INFO Progress 4077/8281 status=ok steps=83 confidence=0.999990 elapsed=0.213s
2026-07-25 17:04:44,099 INFO Progress 4078/8281 status=ok steps=23 confidence=0.999802 elapsed=0.064s
2026-07-25 17:04:44,310 INFO Progress 4079/8281 status=ok steps=81 confidence=0.999979 elapsed=0.211s
2026-07-25 17:04:44,418 INFO Progress 4080/8281 status=ok steps=41 confidence=0.999879 elapsed=0.108s
2026-07-25 17:04:44,487 INFO Progress 4081/8281 status=ok steps=25 confidence=0.999933 elapsed=0.069s
2026-07-25 17:04:44,594 INFO Progress 4082/8281 status=ok steps=40 confidence=0.999619 elapsed=0.107s
2026-07-25 17:04:44,674 INFO Progress 4083/8281 status=ok steps=29 confidence=0.999948 elapsed=0.080s
2026-07-25 17:04:44,764 INFO Progress 4084/8281 status=ok steps=35 confidence=0.999966 elapsed=0.090s
2026-07-25 17:04:44,883 INFO Progress 4085/8281 status=ok steps=47 confidence=0.999821 elapsed=0.118s
2026-07-25 17:04:44,962 INFO Progress 4086/8281 status=ok steps=30 confidence=0.999153 elapsed=0.079s
2026-07-25 17:04:45,067 INFO Progress 4087/8281 status=ok steps=41 confidence=0.999906 elapsed=0.105s
2026-07-25 17:04:45,157 INFO Progress 4088/8281 status=ok steps=35 confidence=0.999956 elapsed=0.090s
2026-07-25 17:04:45,263 INFO Progress 4089/8281 status=ok steps=41 confidence=0.999990 elapsed=0.105s
2026-07-25 17:04:45,358 INFO Progress 4090/8281 status=ok steps=35 confidence=0.998871 elapsed=0.095s
2026-07-25 17:04:45,511 INFO Progress 4091/8281 status=ok steps=61 confidence=0.999916 elapsed=0.153s
2026-07-25 17:04:45,632 INFO Progress 4092/8281 status=ok steps=47 confidence=0.999992 elapsed=0.121s
2026-07-25 17:04:45,764 INFO Progress 4093/8281 status=ok steps=53 confidence=0.999990 elapsed=0.132s
2026-07-25 17:04:45,844 INFO Progress 4094/8281 status=ok steps=29 confidence=0.999948 elapsed=0.080s
2026-07-25 17:04:45,982 INFO Progress 4095/8281 status=ok steps=55 confidence=0.999996 elapsed=0.137s
2026-07-25 17:04:46,078 INFO Progress 4096/8281 status=ok steps=37 confidence=0.999504 elapsed=0.096s
2026-07-25 17:04:46,134 INFO Progress 4097/8281 status=ok steps=20 confidence=0.999975 elapsed=0.057s
2026-07-25 17:04:46,229 INFO Progress 4098/8281 status=ok steps=37 confidence=0.999985 elapsed=0.094s
2026-07-25 17:04:46,305 INFO Progress 4099/8281 status=ok steps=29 confidence=0.999885 elapsed=0.076s
2026-07-25 17:04:46,575 INFO Progress 4100/8281 status=ok steps=40 confidence=0.999979 elapsed=0.103s
2026-07-25 17:04:46,641 INFO Progress 4101/8281 status=ok steps=23 confidence=0.999799 elapsed=0.066s
2026-07-25 17:04:46,737 INFO Progress 4102/8281 status=ok steps=37 confidence=0.999972 elapsed=0.096s
2026-07-25 17:04:46,843 INFO Progress 4103/8281 status=ok steps=41 confidence=0.999978 elapsed=0.105s
2026-07-25 17:04:46,912 INFO Progress 4104/8281 status=ok steps=25 confidence=0.999981 elapsed=0.068s
2026-07-25 17:04:46,975 INFO Progress 4105/8281 status=ok steps=23 confidence=0.999853 elapsed=0.063s
2026-07-25 17:04:47,081 INFO Progress 4106/8281 status=ok steps=41 confidence=0.999978 elapsed=0.106s
2026-07-25 17:04:47,161 INFO Progress 4107/8281 status=ok steps=29 confidence=0.999936 elapsed=0.079s
2026-07-25 17:04:47,295 INFO Progress 4108/8281 status=ok steps=53 confidence=0.999755 elapsed=0.134s
2026-07-25 17:04:47,445 INFO Progress 4109/8281 status=ok steps=59 confidence=0.999838 elapsed=0.150s
2026-07-25 17:04:47,617 INFO Progress 4110/8281 status=ok steps=71 confidence=0.999979 elapsed=0.172s
2026-07-25 17:04:47,732 INFO Progress 4111/8281 status=ok steps=45 confidence=0.999987 elapsed=0.115s
2026-07-25 17:04:47,825 INFO Progress 4112/8281 status=ok steps=35 confidence=0.999982 elapsed=0.093s
2026-07-25 17:04:47,916 INFO Progress 4113/8281 status=ok steps=35 confidence=0.999893 elapsed=0.091s
2026-07-25 17:04:48,093 INFO Progress 4114/8281 status=ok steps=69 confidence=0.996040 elapsed=0.177s
2026-07-25 17:04:48,198 INFO Progress 4115/8281 status=ok steps=41 confidence=0.999948 elapsed=0.104s
2026-07-25 17:04:48,289 INFO Progress 4116/8281 status=ok steps=35 confidence=0.999898 elapsed=0.091s
2026-07-25 17:04:48,358 INFO Progress 4117/8281 status=ok steps=25 confidence=0.999797 elapsed=0.069s
2026-07-25 17:04:48,427 INFO Progress 4118/8281 status=ok steps=25 confidence=0.999943 elapsed=0.068s
2026-07-25 17:04:48,504 INFO Progress 4119/8281 status=ok steps=29 confidence=0.999904 elapsed=0.077s
2026-07-25 17:04:48,627 INFO Progress 4120/8281 status=ok steps=47 confidence=0.999833 elapsed=0.123s
2026-07-25 17:04:48,718 INFO Progress 4121/8281 status=ok steps=35 confidence=0.999931 elapsed=0.090s
2026-07-25 17:04:48,823 INFO Progress 4122/8281 status=ok steps=41 confidence=0.999998 elapsed=0.105s
2026-07-25 17:04:49,022 INFO Progress 4123/8281 status=ok steps=80 confidence=0.999997 elapsed=0.199s
2026-07-25 17:04:49,167 INFO Progress 4124/8281 status=ok steps=59 confidence=0.999957 elapsed=0.145s
2026-07-25 17:04:49,443 INFO Progress 4125/8281 status=ok steps=37 confidence=0.999987 elapsed=0.095s
2026-07-25 17:04:49,560 INFO Progress 4126/8281 status=ok steps=45 confidence=0.999824 elapsed=0.117s
2026-07-25 17:04:49,647 INFO Progress 4127/8281 status=ok steps=33 confidence=0.999873 elapsed=0.086s
2026-07-25 17:04:49,826 INFO Progress 4128/8281 status=ok steps=71 confidence=0.999988 elapsed=0.179s
2026-07-25 17:04:49,896 INFO Progress 4129/8281 status=ok steps=26 confidence=0.999779 elapsed=0.070s
2026-07-25 17:04:49,955 INFO Progress 4130/8281 status=ok steps=21 confidence=0.997791 elapsed=0.059s
2026-07-25 17:04:50,048 INFO Progress 4131/8281 status=ok steps=35 confidence=0.999888 elapsed=0.093s
2026-07-25 17:04:50,166 INFO Progress 4132/8281 status=ok steps=47 confidence=0.999991 elapsed=0.118s
2026-07-25 17:04:50,213 INFO Progress 4133/8281 status=ok steps=15 confidence=0.999805 elapsed=0.046s
2026-07-25 17:04:50,317 INFO Progress 4134/8281 status=ok steps=41 confidence=0.999936 elapsed=0.104s
2026-07-25 17:04:50,401 INFO Progress 4135/8281 status=ok steps=33 confidence=0.999511 elapsed=0.085s
2026-07-25 17:04:50,506 INFO Progress 4136/8281 status=ok steps=41 confidence=0.999953 elapsed=0.104s
2026-07-25 17:04:50,661 INFO Progress 4137/8281 status=ok steps=59 confidence=0.999974 elapsed=0.155s
2026-07-25 17:04:50,752 INFO Progress 4138/8281 status=ok steps=35 confidence=0.999955 elapsed=0.091s
2026-07-25 17:04:50,829 INFO Progress 4139/8281 status=ok steps=29 confidence=0.999933 elapsed=0.077s
2026-07-25 17:04:50,979 INFO Progress 4140/8281 status=ok steps=59 confidence=0.999949 elapsed=0.150s
2026-07-25 17:04:51,058 INFO Progress 4141/8281 status=ok steps=30 confidence=0.997695 elapsed=0.079s
2026-07-25 17:04:51,163 INFO Progress 4142/8281 status=ok steps=41 confidence=0.999887 elapsed=0.105s
2026-07-25 17:04:51,278 INFO Progress 4143/8281 status=ok steps=45 confidence=0.999970 elapsed=0.115s
2026-07-25 17:04:51,342 INFO Progress 4144/8281 status=ok steps=23 confidence=0.999689 elapsed=0.064s
2026-07-25 17:04:51,432 INFO Progress 4145/8281 status=ok steps=35 confidence=0.999826 elapsed=0.090s
2026-07-25 17:04:51,508 INFO Progress 4146/8281 status=ok steps=29 confidence=0.999543 elapsed=0.076s
2026-07-25 17:04:51,572 INFO Progress 4147/8281 status=ok steps=23 confidence=0.999686 elapsed=0.064s
2026-07-25 17:04:51,634 INFO Progress 4148/8281 status=ok steps=23 confidence=0.999704 elapsed=0.062s
2026-07-25 17:04:51,890 INFO Progress 4149/8281 status=ok steps=105 confidence=0.999909 elapsed=0.255s
2026-07-25 17:04:52,213 INFO Progress 4150/8281 status=ok steps=40 confidence=0.999994 elapsed=0.104s
2026-07-25 17:04:52,337 INFO Progress 4151/8281 status=ok steps=47 confidence=0.999953 elapsed=0.123s
2026-07-25 17:04:52,456 INFO Progress 4152/8281 status=ok steps=47 confidence=0.999939 elapsed=0.119s
2026-07-25 17:04:52,561 INFO Progress 4153/8281 status=ok steps=40 confidence=0.999688 elapsed=0.105s
2026-07-25 17:04:52,712 INFO Progress 4154/8281 status=ok steps=61 confidence=0.999993 elapsed=0.151s
2026-07-25 17:04:52,826 INFO Progress 4155/8281 status=ok steps=45 confidence=0.999970 elapsed=0.114s
2026-07-25 17:04:52,932 INFO Progress 4156/8281 status=ok steps=40 confidence=0.999644 elapsed=0.105s
2026-07-25 17:04:53,037 INFO Progress 4157/8281 status=ok steps=40 confidence=0.999884 elapsed=0.105s
2026-07-25 17:04:53,116 INFO Progress 4158/8281 status=ok steps=29 confidence=0.999893 elapsed=0.079s
2026-07-25 17:04:53,430 INFO Progress 4159/8281 status=ok steps=125 confidence=0.999996 elapsed=0.314s
2026-07-25 17:04:53,516 INFO Progress 4160/8281 status=ok steps=33 confidence=0.999994 elapsed=0.086s
2026-07-25 17:04:53,596 INFO Progress 4161/8281 status=ok steps=30 confidence=0.999979 elapsed=0.080s
2026-07-25 17:04:53,659 INFO Progress 4162/8281 status=ok steps=23 confidence=0.999706 elapsed=0.063s
2026-07-25 17:04:53,746 INFO Progress 4163/8281 status=ok steps=33 confidence=0.999545 elapsed=0.087s
2026-07-25 17:04:53,837 INFO Progress 4164/8281 status=ok steps=35 confidence=0.999927 elapsed=0.091s
2026-07-25 17:04:53,943 INFO Progress 4165/8281 status=ok steps=41 confidence=0.999855 elapsed=0.106s
2026-07-25 17:04:54,003 INFO Progress 4166/8281 status=ok steps=21 confidence=0.999699 elapsed=0.060s
2026-07-25 17:04:54,070 INFO Progress 4167/8281 status=ok steps=25 confidence=0.999503 elapsed=0.067s
2026-07-25 17:04:54,157 INFO Progress 4168/8281 status=ok steps=33 confidence=0.999745 elapsed=0.087s
2026-07-25 17:04:54,357 INFO Progress 4169/8281 status=ok steps=80 confidence=0.999948 elapsed=0.199s
2026-07-25 17:04:54,534 INFO Progress 4170/8281 status=ok steps=69 confidence=0.996020 elapsed=0.177s
2026-07-25 17:04:54,640 INFO Progress 4171/8281 status=ok steps=41 confidence=0.999989 elapsed=0.105s
2026-07-25 17:04:54,731 INFO Progress 4172/8281 status=ok steps=35 confidence=0.999914 elapsed=0.092s
2026-07-25 17:04:54,823 INFO Progress 4173/8281 status=ok steps=35 confidence=0.999937 elapsed=0.092s
2026-07-25 17:04:54,891 INFO Progress 4174/8281 status=ok steps=25 confidence=0.999935 elapsed=0.068s
2026-07-25 17:04:55,103 INFO Progress 4175/8281 status=ok steps=21 confidence=0.999956 elapsed=0.061s
2026-07-25 17:04:55,197 INFO Progress 4176/8281 status=ok steps=35 confidence=0.999893 elapsed=0.095s
2026-07-25 17:04:55,290 INFO Progress 4177/8281 status=ok steps=35 confidence=0.999868 elapsed=0.092s
2026-07-25 17:04:55,387 INFO Progress 4178/8281 status=ok steps=37 confidence=0.999917 elapsed=0.097s
2026-07-25 17:04:55,450 INFO Progress 4179/8281 status=ok steps=23 confidence=0.999876 elapsed=0.063s
2026-07-25 17:04:55,570 INFO Progress 4180/8281 status=ok steps=47 confidence=0.999991 elapsed=0.120s
2026-07-25 17:04:55,699 INFO Progress 4181/8281 status=ok steps=50 confidence=0.999763 elapsed=0.129s
2026-07-25 17:04:55,804 INFO Progress 4182/8281 status=ok steps=41 confidence=0.999968 elapsed=0.105s
2026-07-25 17:04:55,937 INFO Progress 4183/8281 status=ok steps=53 confidence=0.999995 elapsed=0.133s
2026-07-25 17:04:56,052 INFO Progress 4184/8281 status=ok steps=45 confidence=0.999970 elapsed=0.115s
2026-07-25 17:04:56,190 INFO Progress 4185/8281 status=ok steps=55 confidence=0.999877 elapsed=0.138s
2026-07-25 17:04:56,338 INFO Progress 4186/8281 status=ok steps=59 confidence=0.999989 elapsed=0.147s
2026-07-25 17:04:56,408 INFO Progress 4187/8281 status=ok steps=25 confidence=0.999883 elapsed=0.070s
2026-07-25 17:04:56,472 INFO Progress 4188/8281 status=ok steps=23 confidence=0.999891 elapsed=0.063s
2026-07-25 17:04:56,564 INFO Progress 4189/8281 status=ok steps=35 confidence=0.999797 elapsed=0.091s
2026-07-25 17:04:56,654 INFO Progress 4190/8281 status=ok steps=35 confidence=0.999882 elapsed=0.091s
2026-07-25 17:04:56,757 INFO Progress 4191/8281 status=ok steps=40 confidence=0.999818 elapsed=0.102s
2026-07-25 17:04:56,850 INFO Progress 4192/8281 status=ok steps=35 confidence=0.999976 elapsed=0.093s
2026-07-25 17:04:56,926 INFO Progress 4193/8281 status=ok steps=29 confidence=0.999915 elapsed=0.076s
2026-07-25 17:04:57,032 INFO Progress 4194/8281 status=ok steps=41 confidence=0.999915 elapsed=0.106s
2026-07-25 17:04:57,137 INFO Progress 4195/8281 status=ok steps=41 confidence=0.999855 elapsed=0.105s
2026-07-25 17:04:57,243 INFO Progress 4196/8281 status=ok steps=41 confidence=0.999508 elapsed=0.106s
2026-07-25 17:04:57,362 INFO Progress 4197/8281 status=ok steps=47 confidence=0.999933 elapsed=0.119s
2026-07-25 17:04:57,440 INFO Progress 4198/8281 status=ok steps=29 confidence=0.999890 elapsed=0.077s
2026-07-25 17:04:57,606 INFO Progress 4199/8281 status=ok steps=68 confidence=0.999974 elapsed=0.166s
2026-07-25 17:04:57,874 INFO Progress 4200/8281 status=ok steps=47 confidence=0.999988 elapsed=0.121s
2026-07-25 17:04:57,938 INFO Progress 4201/8281 status=ok steps=21 confidence=0.999954 elapsed=0.064s
2026-07-25 17:04:58,075 INFO Progress 4202/8281 status=ok steps=53 confidence=0.999987 elapsed=0.136s
2026-07-25 17:04:58,252 INFO Progress 4203/8281 status=ok steps=71 confidence=0.999800 elapsed=0.177s
2026-07-25 17:04:58,321 INFO Progress 4204/8281 status=ok steps=25 confidence=0.999926 elapsed=0.069s
2026-07-25 17:04:58,391 INFO Progress 4205/8281 status=ok steps=25 confidence=0.999885 elapsed=0.069s
2026-07-25 17:04:58,551 INFO Progress 4206/8281 status=ok steps=65 confidence=0.999995 elapsed=0.160s
2026-07-25 17:04:58,642 INFO Progress 4207/8281 status=ok steps=35 confidence=0.999817 elapsed=0.091s
2026-07-25 17:04:58,734 INFO Progress 4208/8281 status=ok steps=35 confidence=0.999745 elapsed=0.092s
2026-07-25 17:04:58,824 INFO Progress 4209/8281 status=ok steps=33 confidence=0.999930 elapsed=0.089s
2026-07-25 17:04:58,915 INFO Progress 4210/8281 status=ok steps=35 confidence=0.999946 elapsed=0.091s
2026-07-25 17:04:59,069 INFO Progress 4211/8281 status=ok steps=61 confidence=0.999843 elapsed=0.154s
2026-07-25 17:04:59,214 INFO Progress 4212/8281 status=ok steps=59 confidence=0.999970 elapsed=0.145s
2026-07-25 17:04:59,317 INFO Progress 4213/8281 status=ok steps=40 confidence=0.999943 elapsed=0.102s
2026-07-25 17:04:59,477 INFO Progress 4214/8281 status=ok steps=65 confidence=0.999859 elapsed=0.160s
2026-07-25 17:04:59,555 INFO Progress 4215/8281 status=ok steps=29 confidence=0.999823 elapsed=0.078s
2026-07-25 17:04:59,619 INFO Progress 4216/8281 status=ok steps=23 confidence=0.999734 elapsed=0.063s
2026-07-25 17:04:59,753 INFO Progress 4217/8281 status=ok steps=53 confidence=0.999892 elapsed=0.134s
2026-07-25 17:04:59,858 INFO Progress 4218/8281 status=ok steps=41 confidence=0.999966 elapsed=0.105s
2026-07-25 17:04:59,964 INFO Progress 4219/8281 status=ok steps=41 confidence=0.999941 elapsed=0.107s
2026-07-25 17:05:00,028 INFO Progress 4220/8281 status=ok steps=23 confidence=0.999706 elapsed=0.064s
2026-07-25 17:05:00,108 INFO Progress 4221/8281 status=ok steps=29 confidence=0.999857 elapsed=0.080s
2026-07-25 17:05:00,346 INFO Progress 4222/8281 status=ok steps=95 confidence=0.999991 elapsed=0.238s
2026-07-25 17:05:00,453 INFO Progress 4223/8281 status=ok steps=41 confidence=0.999991 elapsed=0.107s
2026-07-25 17:05:00,545 INFO Progress 4224/8281 status=ok steps=35 confidence=0.999833 elapsed=0.092s
2026-07-25 17:05:00,810 INFO Progress 4225/8281 status=ok steps=40 confidence=0.999847 elapsed=0.107s
2026-07-25 17:05:00,903 INFO Progress 4226/8281 status=ok steps=35 confidence=0.999994 elapsed=0.093s
2026-07-25 17:05:00,980 INFO Progress 4227/8281 status=ok steps=29 confidence=0.999830 elapsed=0.077s
2026-07-25 17:05:01,072 INFO Progress 4228/8281 status=ok steps=35 confidence=0.999961 elapsed=0.091s
2026-07-25 17:05:01,166 INFO Progress 4229/8281 status=ok steps=37 confidence=0.999975 elapsed=0.095s
2026-07-25 17:05:01,246 INFO Progress 4230/8281 status=ok steps=30 confidence=0.999943 elapsed=0.080s
2026-07-25 17:05:01,327 INFO Progress 4231/8281 status=ok steps=30 confidence=0.999171 elapsed=0.080s
2026-07-25 17:05:01,464 INFO Progress 4232/8281 status=ok steps=55 confidence=0.999922 elapsed=0.138s
2026-07-25 17:05:01,569 INFO Progress 4233/8281 status=ok steps=41 confidence=0.999995 elapsed=0.104s
2026-07-25 17:05:01,690 INFO Progress 4234/8281 status=ok steps=47 confidence=0.999953 elapsed=0.120s
2026-07-25 17:05:01,783 INFO Progress 4235/8281 status=ok steps=35 confidence=0.999912 elapsed=0.093s
2026-07-25 17:05:01,889 INFO Progress 4236/8281 status=ok steps=41 confidence=0.999978 elapsed=0.107s
2026-07-25 17:05:01,969 INFO Progress 4237/8281 status=ok steps=30 confidence=0.999971 elapsed=0.080s
2026-07-25 17:05:02,108 INFO Progress 4238/8281 status=ok steps=55 confidence=0.999989 elapsed=0.139s
2026-07-25 17:05:02,167 INFO Progress 4239/8281 status=ok steps=20 confidence=0.999797 elapsed=0.059s
2026-07-25 17:05:02,231 INFO Progress 4240/8281 status=ok steps=23 confidence=0.999665 elapsed=0.063s
2026-07-25 17:05:02,361 INFO Progress 4241/8281 status=ok steps=50 confidence=0.999942 elapsed=0.130s
2026-07-25 17:05:02,465 INFO Progress 4242/8281 status=ok steps=41 confidence=0.999717 elapsed=0.104s
2026-07-25 17:05:02,526 INFO Progress 4243/8281 status=ok steps=21 confidence=0.999794 elapsed=0.061s
2026-07-25 17:05:02,641 INFO Progress 4244/8281 status=ok steps=45 confidence=0.999694 elapsed=0.115s
2026-07-25 17:05:02,721 INFO Progress 4245/8281 status=ok steps=30 confidence=0.999867 elapsed=0.079s
2026-07-25 17:05:02,806 INFO Progress 4246/8281 status=ok steps=33 confidence=0.999885 elapsed=0.085s
2026-07-25 17:05:02,902 INFO Progress 4247/8281 status=ok steps=37 confidence=0.999963 elapsed=0.096s
2026-07-25 17:05:03,012 INFO Progress 4248/8281 status=ok steps=41 confidence=0.999990 elapsed=0.109s
2026-07-25 17:05:03,133 INFO Progress 4249/8281 status=ok steps=49 confidence=0.999907 elapsed=0.121s
2026-07-25 17:05:03,364 INFO Progress 4250/8281 status=ok steps=37 confidence=0.999987 elapsed=0.096s
2026-07-25 17:05:03,559 INFO Progress 4251/8281 status=ok steps=77 confidence=0.999992 elapsed=0.195s
2026-07-25 17:05:03,680 INFO Progress 4252/8281 status=ok steps=47 confidence=0.999959 elapsed=0.120s
2026-07-25 17:05:03,734 INFO Progress 4253/8281 status=ok steps=19 confidence=0.999918 elapsed=0.054s
2026-07-25 17:05:03,840 INFO Progress 4254/8281 status=ok steps=40 confidence=0.999818 elapsed=0.105s
2026-07-25 17:05:03,944 INFO Progress 4255/8281 status=ok steps=41 confidence=0.999916 elapsed=0.104s
2026-07-25 17:05:04,008 INFO Progress 4256/8281 status=ok steps=23 confidence=0.999705 elapsed=0.064s
2026-07-25 17:05:04,106 INFO Progress 4257/8281 status=ok steps=37 confidence=0.999891 elapsed=0.098s
2026-07-25 17:05:04,174 INFO Progress 4258/8281 status=ok steps=25 confidence=0.999972 elapsed=0.068s
2026-07-25 17:05:04,278 INFO Progress 4259/8281 status=ok steps=41 confidence=0.999992 elapsed=0.104s
2026-07-25 17:05:04,369 INFO Progress 4260/8281 status=ok steps=35 confidence=0.999994 elapsed=0.091s
2026-07-25 17:05:04,447 INFO Progress 4261/8281 status=ok steps=29 confidence=0.999640 elapsed=0.078s
2026-07-25 17:05:04,539 INFO Progress 4262/8281 status=ok steps=35 confidence=0.999954 elapsed=0.091s
2026-07-25 17:05:04,763 INFO Progress 4263/8281 status=ok steps=90 confidence=0.999990 elapsed=0.225s
2026-07-25 17:05:04,826 INFO Progress 4264/8281 status=ok steps=23 confidence=0.999809 elapsed=0.063s
2026-07-25 17:05:04,946 INFO Progress 4265/8281 status=ok steps=45 confidence=0.999969 elapsed=0.120s
2026-07-25 17:05:05,053 INFO Progress 4266/8281 status=ok steps=37 confidence=0.999931 elapsed=0.107s
2026-07-25 17:05:05,143 INFO Progress 4267/8281 status=ok steps=35 confidence=0.999862 elapsed=0.090s
2026-07-25 17:05:05,288 INFO Progress 4268/8281 status=ok steps=59 confidence=0.999959 elapsed=0.145s
2026-07-25 17:05:05,429 INFO Progress 4269/8281 status=ok steps=55 confidence=0.999658 elapsed=0.141s
2026-07-25 17:05:05,516 INFO Progress 4270/8281 status=ok steps=33 confidence=0.999800 elapsed=0.086s
2026-07-25 17:05:05,628 INFO Progress 4271/8281 status=ok steps=45 confidence=0.999938 elapsed=0.112s
2026-07-25 17:05:05,726 INFO Progress 4272/8281 status=ok steps=37 confidence=0.999575 elapsed=0.098s
2026-07-25 17:05:05,803 INFO Progress 4273/8281 status=ok steps=29 confidence=0.999973 elapsed=0.077s
2026-07-25 17:05:05,889 INFO Progress 4274/8281 status=ok steps=33 confidence=0.999991 elapsed=0.085s
2026-07-25 17:05:06,114 INFO Progress 4275/8281 status=ok steps=37 confidence=0.999967 elapsed=0.094s
2026-07-25 17:05:06,213 INFO Progress 4276/8281 status=ok steps=37 confidence=0.999992 elapsed=0.098s
2026-07-25 17:05:06,316 INFO Progress 4277/8281 status=ok steps=40 confidence=0.999741 elapsed=0.103s
2026-07-25 17:05:06,407 INFO Progress 4278/8281 status=ok steps=35 confidence=0.999942 elapsed=0.091s
2026-07-25 17:05:06,486 INFO Progress 4279/8281 status=ok steps=30 confidence=0.999966 elapsed=0.079s
2026-07-25 17:05:06,564 INFO Progress 4280/8281 status=ok steps=29 confidence=0.999927 elapsed=0.077s
2026-07-25 17:05:06,655 INFO Progress 4281/8281 status=ok steps=35 confidence=0.999912 elapsed=0.091s
2026-07-25 17:05:06,747 INFO Progress 4282/8281 status=ok steps=35 confidence=0.999942 elapsed=0.092s
2026-07-25 17:05:06,849 INFO Progress 4283/8281 status=ok steps=40 confidence=0.999990 elapsed=0.102s
2026-07-25 17:05:06,908 INFO Progress 4284/8281 status=ok steps=21 confidence=0.999937 elapsed=0.059s
2026-07-25 17:05:07,050 INFO Progress 4285/8281 status=ok steps=57 confidence=0.999958 elapsed=0.142s
2026-07-25 17:05:07,140 INFO Progress 4286/8281 status=ok steps=35 confidence=0.999961 elapsed=0.090s
2026-07-25 17:05:07,278 INFO Progress 4287/8281 status=ok steps=55 confidence=0.999997 elapsed=0.137s
2026-07-25 17:05:07,382 INFO Progress 4288/8281 status=ok steps=41 confidence=0.999877 elapsed=0.105s
2026-07-25 17:05:07,468 INFO Progress 4289/8281 status=ok steps=33 confidence=0.999993 elapsed=0.085s
2026-07-25 17:05:07,531 INFO Progress 4290/8281 status=ok steps=23 confidence=0.998759 elapsed=0.063s
2026-07-25 17:05:07,599 INFO Progress 4291/8281 status=ok steps=25 confidence=0.999983 elapsed=0.068s
2026-07-25 17:05:07,708 INFO Progress 4292/8281 status=ok steps=41 confidence=0.999906 elapsed=0.109s
2026-07-25 17:05:07,818 INFO Progress 4293/8281 status=ok steps=41 confidence=0.999909 elapsed=0.110s
2026-07-25 17:05:07,909 INFO Progress 4294/8281 status=ok steps=35 confidence=0.999982 elapsed=0.091s
2026-07-25 17:05:08,009 INFO Progress 4295/8281 status=ok steps=37 confidence=0.999955 elapsed=0.100s
2026-07-25 17:05:08,157 INFO Progress 4296/8281 status=ok steps=59 confidence=0.999910 elapsed=0.148s
2026-07-25 17:05:08,301 INFO Progress 4297/8281 status=ok steps=54 confidence=0.999333 elapsed=0.144s
2026-07-25 17:05:08,393 INFO Progress 4298/8281 status=ok steps=35 confidence=0.999942 elapsed=0.092s
2026-07-25 17:05:08,443 INFO Progress 4299/8281 status=ok steps=17 confidence=0.999846 elapsed=0.050s
2026-07-25 17:05:08,670 INFO Progress 4300/8281 status=ok steps=25 confidence=0.999986 elapsed=0.070s
2026-07-25 17:05:08,824 INFO Progress 4301/8281 status=ok steps=61 confidence=0.999993 elapsed=0.153s
2026-07-25 17:05:08,914 INFO Progress 4302/8281 status=ok steps=35 confidence=0.999886 elapsed=0.090s
2026-07-25 17:05:09,017 INFO Progress 4303/8281 status=ok steps=40 confidence=0.999959 elapsed=0.103s
2026-07-25 17:05:09,151 INFO Progress 4304/8281 status=ok steps=53 confidence=0.999960 elapsed=0.133s
2026-07-25 17:05:09,272 INFO Progress 4305/8281 status=ok steps=47 confidence=0.999988 elapsed=0.121s
2026-07-25 17:05:09,355 INFO Progress 4306/8281 status=ok steps=30 confidence=0.999950 elapsed=0.083s
2026-07-25 17:05:09,534 INFO Progress 4307/8281 status=ok steps=69 confidence=0.999535 elapsed=0.179s
2026-07-25 17:05:09,673 INFO Progress 4308/8281 status=ok steps=54 confidence=0.999989 elapsed=0.139s
2026-07-25 17:05:09,775 INFO Progress 4309/8281 status=ok steps=40 confidence=0.999929 elapsed=0.102s
2026-07-25 17:05:09,993 INFO Progress 4310/8281 status=ok steps=89 confidence=0.999982 elapsed=0.218s
2026-07-25 17:05:10,111 INFO Progress 4311/8281 status=ok steps=47 confidence=0.999988 elapsed=0.118s
2026-07-25 17:05:10,233 INFO Progress 4312/8281 status=ok steps=47 confidence=0.999988 elapsed=0.121s
2026-07-25 17:05:10,341 INFO Progress 4313/8281 status=ok steps=40 confidence=0.999898 elapsed=0.108s
2026-07-25 17:05:10,430 INFO Progress 4314/8281 status=ok steps=33 confidence=0.999795 elapsed=0.089s
2026-07-25 17:05:10,507 INFO Progress 4315/8281 status=ok steps=29 confidence=0.997122 elapsed=0.077s
2026-07-25 17:05:10,596 INFO Progress 4316/8281 status=ok steps=35 confidence=0.999966 elapsed=0.089s
2026-07-25 17:05:10,682 INFO Progress 4317/8281 status=ok steps=33 confidence=0.999809 elapsed=0.086s
2026-07-25 17:05:10,767 INFO Progress 4318/8281 status=ok steps=33 confidence=0.999990 elapsed=0.085s
2026-07-25 17:05:10,873 INFO Progress 4319/8281 status=ok steps=40 confidence=0.999847 elapsed=0.106s
2026-07-25 17:05:10,990 INFO Progress 4320/8281 status=ok steps=45 confidence=0.999741 elapsed=0.117s
2026-07-25 17:05:11,094 INFO Progress 4321/8281 status=ok steps=40 confidence=0.999884 elapsed=0.104s
2026-07-25 17:05:11,198 INFO Progress 4322/8281 status=ok steps=41 confidence=0.999910 elapsed=0.104s
2026-07-25 17:05:11,324 INFO Progress 4323/8281 status=ok steps=50 confidence=0.999981 elapsed=0.126s
2026-07-25 17:05:11,442 INFO Progress 4324/8281 status=ok steps=47 confidence=0.999978 elapsed=0.118s
2026-07-25 17:05:11,723 INFO Progress 4325/8281 status=ok steps=45 confidence=0.999969 elapsed=0.114s
2026-07-25 17:05:11,822 INFO Progress 4326/8281 status=ok steps=37 confidence=0.999605 elapsed=0.100s
2026-07-25 17:05:11,907 INFO Progress 4327/8281 status=ok steps=32 confidence=0.999755 elapsed=0.084s
2026-07-25 17:05:12,054 INFO Progress 4328/8281 status=ok steps=59 confidence=0.999902 elapsed=0.147s
2026-07-25 17:05:12,306 INFO Progress 4329/8281 status=ok steps=103 confidence=0.999990 elapsed=0.252s
2026-07-25 17:05:12,406 INFO Progress 4330/8281 status=ok steps=35 confidence=0.999997 elapsed=0.099s
2026-07-25 17:05:12,536 INFO Progress 4331/8281 status=ok steps=53 confidence=0.999989 elapsed=0.130s
2026-07-25 17:05:12,700 INFO Progress 4332/8281 status=ok steps=68 confidence=0.999965 elapsed=0.164s
2026-07-25 17:05:12,767 INFO Progress 4333/8281 status=ok steps=25 confidence=0.999920 elapsed=0.067s
2026-07-25 17:05:12,834 INFO Progress 4334/8281 status=ok steps=25 confidence=0.999883 elapsed=0.067s
2026-07-25 17:05:12,937 INFO Progress 4335/8281 status=ok steps=41 confidence=0.999885 elapsed=0.103s
2026-07-25 17:05:13,028 INFO Progress 4336/8281 status=ok steps=35 confidence=0.999885 elapsed=0.090s
2026-07-25 17:05:13,109 INFO Progress 4337/8281 status=ok steps=29 confidence=0.999223 elapsed=0.081s
2026-07-25 17:05:13,234 INFO Progress 4338/8281 status=ok steps=49 confidence=0.999975 elapsed=0.125s
2026-07-25 17:05:13,339 INFO Progress 4339/8281 status=ok steps=41 confidence=0.999824 elapsed=0.105s
2026-07-25 17:05:13,496 INFO Progress 4340/8281 status=ok steps=61 confidence=0.999941 elapsed=0.157s
2026-07-25 17:05:13,756 INFO Progress 4341/8281 status=ok steps=105 confidence=0.999573 elapsed=0.260s
2026-07-25 17:05:13,845 INFO Progress 4342/8281 status=ok steps=33 confidence=0.999960 elapsed=0.088s
2026-07-25 17:05:13,965 INFO Progress 4343/8281 status=ok steps=47 confidence=0.999940 elapsed=0.120s
2026-07-25 17:05:14,032 INFO Progress 4344/8281 status=ok steps=25 confidence=0.999959 elapsed=0.067s
2026-07-25 17:05:14,165 INFO Progress 4345/8281 status=ok steps=53 confidence=0.999833 elapsed=0.134s
2026-07-25 17:05:14,279 INFO Progress 4346/8281 status=ok steps=45 confidence=0.999974 elapsed=0.113s
2026-07-25 17:05:14,364 INFO Progress 4347/8281 status=ok steps=33 confidence=0.998782 elapsed=0.085s
2026-07-25 17:05:14,467 INFO Progress 4348/8281 status=ok steps=40 confidence=0.999930 elapsed=0.102s
2026-07-25 17:05:14,613 INFO Progress 4349/8281 status=ok steps=59 confidence=0.998890 elapsed=0.146s
2026-07-25 17:05:14,895 INFO Progress 4350/8281 status=ok steps=47 confidence=0.999861 elapsed=0.125s
2026-07-25 17:05:15,003 INFO Progress 4351/8281 status=ok steps=41 confidence=0.999988 elapsed=0.108s
2026-07-25 17:05:15,071 INFO Progress 4352/8281 status=ok steps=25 confidence=0.999944 elapsed=0.067s
2026-07-25 17:05:15,137 INFO Progress 4353/8281 status=ok steps=25 confidence=0.999940 elapsed=0.067s
2026-07-25 17:05:15,232 INFO Progress 4354/8281 status=ok steps=37 confidence=0.999954 elapsed=0.094s
2026-07-25 17:05:15,363 INFO Progress 4355/8281 status=ok steps=53 confidence=0.999989 elapsed=0.131s
2026-07-25 17:05:15,482 INFO Progress 4356/8281 status=ok steps=47 confidence=0.999969 elapsed=0.119s
2026-07-25 17:05:15,599 INFO Progress 4357/8281 status=ok steps=47 confidence=0.999825 elapsed=0.117s
2026-07-25 17:05:15,793 INFO Progress 4358/8281 status=ok steps=77 confidence=0.996421 elapsed=0.193s
2026-07-25 17:05:15,898 INFO Progress 4359/8281 status=ok steps=41 confidence=0.999870 elapsed=0.105s
2026-07-25 17:05:15,988 INFO Progress 4360/8281 status=ok steps=35 confidence=0.999910 elapsed=0.090s
2026-07-25 17:05:16,066 INFO Progress 4361/8281 status=ok steps=29 confidence=0.999765 elapsed=0.078s
2026-07-25 17:05:16,141 INFO Progress 4362/8281 status=ok steps=29 confidence=0.999973 elapsed=0.075s
2026-07-25 17:05:16,256 INFO Progress 4363/8281 status=ok steps=45 confidence=0.999937 elapsed=0.114s
2026-07-25 17:05:16,391 INFO Progress 4364/8281 status=ok steps=55 confidence=0.999963 elapsed=0.136s
2026-07-25 17:05:16,449 INFO Progress 4365/8281 status=ok steps=20 confidence=0.999715 elapsed=0.057s
2026-07-25 17:05:16,689 INFO Progress 4366/8281 status=ok steps=95 confidence=0.999466 elapsed=0.240s
2026-07-25 17:05:16,753 INFO Progress 4367/8281 status=ok steps=23 confidence=0.999835 elapsed=0.064s
2026-07-25 17:05:16,847 INFO Progress 4368/8281 status=ok steps=37 confidence=0.999985 elapsed=0.094s
2026-07-25 17:05:16,952 INFO Progress 4369/8281 status=ok steps=41 confidence=0.999889 elapsed=0.104s
2026-07-25 17:05:17,040 INFO Progress 4370/8281 status=ok steps=33 confidence=0.998943 elapsed=0.088s
2026-07-25 17:05:17,133 INFO Progress 4371/8281 status=ok steps=35 confidence=0.999798 elapsed=0.093s
2026-07-25 17:05:17,240 INFO Progress 4372/8281 status=ok steps=41 confidence=0.999972 elapsed=0.106s
2026-07-25 17:05:17,344 INFO Progress 4373/8281 status=ok steps=41 confidence=0.999905 elapsed=0.104s
2026-07-25 17:05:17,407 INFO Progress 4374/8281 status=ok steps=23 confidence=0.999671 elapsed=0.062s
2026-07-25 17:05:17,729 INFO Progress 4375/8281 status=ok steps=65 confidence=0.989052 elapsed=0.165s
2026-07-25 17:05:17,847 INFO Progress 4376/8281 status=ok steps=45 confidence=0.999980 elapsed=0.117s
2026-07-25 17:05:17,952 INFO Progress 4377/8281 status=ok steps=41 confidence=0.999949 elapsed=0.105s
2026-07-25 17:05:18,087 INFO Progress 4378/8281 status=ok steps=53 confidence=0.999594 elapsed=0.135s
2026-07-25 17:05:18,218 INFO Progress 4379/8281 status=ok steps=53 confidence=0.999969 elapsed=0.131s
2026-07-25 17:05:18,298 INFO Progress 4380/8281 status=ok steps=30 confidence=0.999983 elapsed=0.080s
2026-07-25 17:05:18,388 INFO Progress 4381/8281 status=ok steps=35 confidence=0.999939 elapsed=0.090s
2026-07-25 17:05:18,492 INFO Progress 4382/8281 status=ok steps=41 confidence=0.999926 elapsed=0.104s
2026-07-25 17:05:18,569 INFO Progress 4383/8281 status=ok steps=29 confidence=0.999914 elapsed=0.077s
2026-07-25 17:05:18,618 INFO Progress 4384/8281 status=ok steps=17 confidence=0.999917 elapsed=0.049s
2026-07-25 17:05:18,704 INFO Progress 4385/8281 status=ok steps=33 confidence=0.999990 elapsed=0.085s
2026-07-25 17:05:18,807 INFO Progress 4386/8281 status=ok steps=41 confidence=0.999861 elapsed=0.103s
2026-07-25 17:05:18,926 INFO Progress 4387/8281 status=ok steps=47 confidence=0.999715 elapsed=0.119s
2026-07-25 17:05:19,031 INFO Progress 4388/8281 status=ok steps=41 confidence=0.999931 elapsed=0.105s
2026-07-25 17:05:19,126 INFO Progress 4389/8281 status=ok steps=37 confidence=0.999931 elapsed=0.095s
2026-07-25 17:05:19,184 INFO Progress 4390/8281 status=ok steps=20 confidence=0.998951 elapsed=0.057s
2026-07-25 17:05:19,241 INFO Progress 4391/8281 status=ok steps=20 confidence=0.999478 elapsed=0.057s
2026-07-25 17:05:19,305 INFO Progress 4392/8281 status=ok steps=23 confidence=0.999643 elapsed=0.064s
2026-07-25 17:05:19,517 INFO Progress 4393/8281 status=ok steps=83 confidence=0.999955 elapsed=0.212s
2026-07-25 17:05:19,621 INFO Progress 4394/8281 status=ok steps=41 confidence=0.999782 elapsed=0.104s
2026-07-25 17:05:19,711 INFO Progress 4395/8281 status=ok steps=35 confidence=0.999993 elapsed=0.090s
2026-07-25 17:05:19,848 INFO Progress 4396/8281 status=ok steps=53 confidence=0.995829 elapsed=0.137s
2026-07-25 17:05:19,934 INFO Progress 4397/8281 status=ok steps=33 confidence=0.999993 elapsed=0.085s
2026-07-25 17:05:20,013 INFO Progress 4398/8281 status=ok steps=29 confidence=0.999240 elapsed=0.079s
2026-07-25 17:05:20,202 INFO Progress 4399/8281 status=ok steps=77 confidence=0.999971 elapsed=0.189s
2026-07-25 17:05:20,447 INFO Progress 4400/8281 status=ok steps=37 confidence=0.999986 elapsed=0.095s
2026-07-25 17:05:20,546 INFO Progress 4401/8281 status=ok steps=35 confidence=0.999790 elapsed=0.099s
2026-07-25 17:05:20,661 INFO Progress 4402/8281 status=ok steps=45 confidence=0.999988 elapsed=0.114s
2026-07-25 17:05:20,774 INFO Progress 4403/8281 status=ok steps=45 confidence=0.999969 elapsed=0.113s
2026-07-25 17:05:20,878 INFO Progress 4404/8281 status=ok steps=40 confidence=0.999864 elapsed=0.104s
2026-07-25 17:05:20,941 INFO Progress 4405/8281 status=ok steps=23 confidence=0.999666 elapsed=0.063s
2026-07-25 17:05:21,035 INFO Progress 4406/8281 status=ok steps=37 confidence=0.999963 elapsed=0.095s
2026-07-25 17:05:21,084 INFO Progress 4407/8281 status=ok steps=17 confidence=0.970234 elapsed=0.049s
2026-07-25 17:05:21,130 INFO Progress 4408/8281 status=ok steps=15 confidence=0.999800 elapsed=0.045s
2026-07-25 17:05:21,205 INFO Progress 4409/8281 status=ok steps=29 confidence=0.999949 elapsed=0.076s
2026-07-25 17:05:21,286 INFO Progress 4410/8281 status=ok steps=30 confidence=0.999956 elapsed=0.081s
2026-07-25 17:05:21,344 INFO Progress 4411/8281 status=ok steps=20 confidence=0.999951 elapsed=0.057s
2026-07-25 17:05:21,447 INFO Progress 4412/8281 status=ok steps=41 confidence=0.999931 elapsed=0.103s
2026-07-25 17:05:21,532 INFO Progress 4413/8281 status=ok steps=33 confidence=0.999994 elapsed=0.084s
2026-07-25 17:05:21,618 INFO Progress 4414/8281 status=ok steps=33 confidence=0.999993 elapsed=0.086s
2026-07-25 17:05:21,711 INFO Progress 4415/8281 status=ok steps=37 confidence=0.999879 elapsed=0.093s
2026-07-25 17:05:21,796 INFO Progress 4416/8281 status=ok steps=33 confidence=0.999990 elapsed=0.085s
2026-07-25 17:05:21,902 INFO Progress 4417/8281 status=ok steps=41 confidence=0.999870 elapsed=0.106s
2026-07-25 17:05:21,983 INFO Progress 4418/8281 status=ok steps=30 confidence=0.999981 elapsed=0.080s
2026-07-25 17:05:22,044 INFO Progress 4419/8281 status=ok steps=21 confidence=0.999794 elapsed=0.060s
2026-07-25 17:05:22,158 INFO Progress 4420/8281 status=ok steps=45 confidence=0.999975 elapsed=0.115s
2026-07-25 17:05:22,238 INFO Progress 4421/8281 status=ok steps=29 confidence=0.999879 elapsed=0.079s
2026-07-25 17:05:22,396 INFO Progress 4422/8281 status=ok steps=61 confidence=0.997939 elapsed=0.158s
2026-07-25 17:05:22,474 INFO Progress 4423/8281 status=ok steps=29 confidence=0.999949 elapsed=0.078s
2026-07-25 17:05:22,554 INFO Progress 4424/8281 status=ok steps=29 confidence=0.999881 elapsed=0.080s
2026-07-25 17:05:22,853 INFO Progress 4425/8281 status=ok steps=50 confidence=0.999003 elapsed=0.124s
2026-07-25 17:05:22,970 INFO Progress 4426/8281 status=ok steps=45 confidence=0.999983 elapsed=0.118s
2026-07-25 17:05:23,016 INFO Progress 4427/8281 status=ok steps=15 confidence=0.999800 elapsed=0.046s
2026-07-25 17:05:23,093 INFO Progress 4428/8281 status=ok steps=29 confidence=0.999858 elapsed=0.076s
2026-07-25 17:05:23,304 INFO Progress 4429/8281 status=ok steps=85 confidence=0.999942 elapsed=0.211s
2026-07-25 17:05:23,364 INFO Progress 4430/8281 status=ok steps=21 confidence=0.999198 elapsed=0.060s
2026-07-25 17:05:23,414 INFO Progress 4431/8281 status=ok steps=17 confidence=0.999933 elapsed=0.050s
2026-07-25 17:05:23,517 INFO Progress 4432/8281 status=ok steps=41 confidence=0.999995 elapsed=0.103s
2026-07-25 17:05:23,637 INFO Progress 4433/8281 status=ok steps=47 confidence=0.999841 elapsed=0.119s
2026-07-25 17:05:23,699 INFO Progress 4434/8281 status=ok steps=23 confidence=0.999748 elapsed=0.062s
2026-07-25 17:05:23,817 INFO Progress 4435/8281 status=ok steps=47 confidence=0.999965 elapsed=0.118s
2026-07-25 17:05:23,942 INFO Progress 4436/8281 status=ok steps=50 confidence=0.999963 elapsed=0.125s
2026-07-25 17:05:24,132 INFO Progress 4437/8281 status=ok steps=75 confidence=0.999930 elapsed=0.190s
2026-07-25 17:05:24,211 INFO Progress 4438/8281 status=ok steps=29 confidence=0.999948 elapsed=0.079s
2026-07-25 17:05:24,292 INFO Progress 4439/8281 status=ok steps=29 confidence=0.999293 elapsed=0.081s
2026-07-25 17:05:24,387 INFO Progress 4440/8281 status=ok steps=37 confidence=0.999944 elapsed=0.094s
2026-07-25 17:05:24,467 INFO Progress 4441/8281 status=ok steps=29 confidence=0.999223 elapsed=0.081s
2026-07-25 17:05:24,555 INFO Progress 4442/8281 status=ok steps=33 confidence=0.999965 elapsed=0.087s
2026-07-25 17:05:24,633 INFO Progress 4443/8281 status=ok steps=29 confidence=0.999833 elapsed=0.078s
2026-07-25 17:05:24,710 INFO Progress 4444/8281 status=ok steps=29 confidence=0.991099 elapsed=0.077s
2026-07-25 17:05:24,772 INFO Progress 4445/8281 status=ok steps=23 confidence=0.999798 elapsed=0.062s
2026-07-25 17:05:24,857 INFO Progress 4446/8281 status=ok steps=33 confidence=0.999993 elapsed=0.086s
2026-07-25 17:05:24,920 INFO Progress 4447/8281 status=ok steps=23 confidence=0.999801 elapsed=0.062s
2026-07-25 17:05:24,989 INFO Progress 4448/8281 status=ok steps=25 confidence=0.999972 elapsed=0.069s
2026-07-25 17:05:25,126 INFO Progress 4449/8281 status=ok steps=54 confidence=0.999194 elapsed=0.137s
2026-07-25 17:05:25,475 INFO Progress 4450/8281 status=ok steps=23 confidence=0.990089 elapsed=0.063s
2026-07-25 17:05:25,650 INFO Progress 4451/8281 status=ok steps=68 confidence=0.999280 elapsed=0.175s
2026-07-25 17:05:25,726 INFO Progress 4452/8281 status=ok steps=29 confidence=0.999886 elapsed=0.076s
2026-07-25 17:05:25,832 INFO Progress 4453/8281 status=ok steps=41 confidence=0.999941 elapsed=0.105s
2026-07-25 17:05:25,977 INFO Progress 4454/8281 status=ok steps=59 confidence=0.999926 elapsed=0.145s
2026-07-25 17:05:26,064 INFO Progress 4455/8281 status=ok steps=33 confidence=0.999992 elapsed=0.087s
2026-07-25 17:05:26,154 INFO Progress 4456/8281 status=ok steps=35 confidence=0.999975 elapsed=0.090s
2026-07-25 17:05:26,261 INFO Progress 4457/8281 status=ok steps=41 confidence=0.999717 elapsed=0.107s
2026-07-25 17:05:26,385 INFO Progress 4458/8281 status=ok steps=47 confidence=0.999983 elapsed=0.125s
2026-07-25 17:05:26,494 INFO Progress 4459/8281 status=ok steps=41 confidence=0.999978 elapsed=0.108s
2026-07-25 17:05:26,661 INFO Progress 4460/8281 status=ok steps=65 confidence=0.999971 elapsed=0.167s
2026-07-25 17:05:26,813 INFO Progress 4461/8281 status=ok steps=59 confidence=0.999949 elapsed=0.152s
2026-07-25 17:05:26,932 INFO Progress 4462/8281 status=ok steps=45 confidence=0.999907 elapsed=0.119s
2026-07-25 17:05:27,074 INFO Progress 4463/8281 status=ok steps=53 confidence=0.999977 elapsed=0.141s
2026-07-25 17:05:27,230 INFO Progress 4464/8281 status=ok steps=61 confidence=0.999989 elapsed=0.157s
2026-07-25 17:05:27,282 INFO Progress 4465/8281 status=ok steps=17 confidence=0.999918 elapsed=0.051s
2026-07-25 17:05:27,350 INFO Progress 4466/8281 status=ok steps=25 confidence=0.999863 elapsed=0.068s
2026-07-25 17:05:27,554 INFO Progress 4467/8281 status=ok steps=83 confidence=0.999994 elapsed=0.204s
2026-07-25 17:05:27,675 INFO Progress 4468/8281 status=ok steps=47 confidence=0.999988 elapsed=0.121s
2026-07-25 17:05:27,815 INFO Progress 4469/8281 status=ok steps=55 confidence=0.999990 elapsed=0.140s
2026-07-25 17:05:27,948 INFO Progress 4470/8281 status=ok steps=53 confidence=0.999969 elapsed=0.133s
2026-07-25 17:05:28,106 INFO Progress 4471/8281 status=ok steps=61 confidence=0.996822 elapsed=0.157s
2026-07-25 17:05:28,238 INFO Progress 4472/8281 status=ok steps=53 confidence=0.999973 elapsed=0.132s
2026-07-25 17:05:28,331 INFO Progress 4473/8281 status=ok steps=35 confidence=0.999066 elapsed=0.093s
2026-07-25 17:05:28,438 INFO Progress 4474/8281 status=ok steps=41 confidence=0.999831 elapsed=0.106s
2026-07-25 17:05:28,718 INFO Progress 4475/8281 status=ok steps=41 confidence=0.999924 elapsed=0.104s
2026-07-25 17:05:28,828 INFO Progress 4476/8281 status=ok steps=41 confidence=0.999885 elapsed=0.110s
2026-07-25 17:05:28,931 INFO Progress 4477/8281 status=ok steps=41 confidence=0.999694 elapsed=0.103s
2026-07-25 17:05:29,163 INFO Progress 4478/8281 status=ok steps=95 confidence=0.999993 elapsed=0.231s
2026-07-25 17:05:29,221 INFO Progress 4479/8281 status=ok steps=21 confidence=0.999959 elapsed=0.058s
2026-07-25 17:05:29,359 INFO Progress 4480/8281 status=ok steps=55 confidence=0.999968 elapsed=0.138s
2026-07-25 17:05:29,491 INFO Progress 4481/8281 status=ok steps=53 confidence=0.999983 elapsed=0.132s
2026-07-25 17:05:29,642 INFO Progress 4482/8281 status=ok steps=59 confidence=0.999978 elapsed=0.151s
2026-07-25 17:05:29,737 INFO Progress 4483/8281 status=ok steps=37 confidence=0.999985 elapsed=0.095s
2026-07-25 17:05:29,877 INFO Progress 4484/8281 status=ok steps=55 confidence=0.999783 elapsed=0.139s
2026-07-25 17:05:30,111 INFO Progress 4485/8281 status=ok steps=95 confidence=0.999961 elapsed=0.234s
2026-07-25 17:05:30,242 INFO Progress 4486/8281 status=ok steps=50 confidence=0.999984 elapsed=0.131s
2026-07-25 17:05:30,312 INFO Progress 4487/8281 status=ok steps=26 confidence=0.999952 elapsed=0.070s
2026-07-25 17:05:30,427 INFO Progress 4488/8281 status=ok steps=45 confidence=0.999989 elapsed=0.115s
2026-07-25 17:05:30,487 INFO Progress 4489/8281 status=ok steps=21 confidence=0.999956 elapsed=0.060s
2026-07-25 17:05:30,556 INFO Progress 4490/8281 status=ok steps=25 confidence=0.999902 elapsed=0.069s
2026-07-25 17:05:30,673 INFO Progress 4491/8281 status=ok steps=45 confidence=0.999996 elapsed=0.118s
2026-07-25 17:05:30,769 INFO Progress 4492/8281 status=ok steps=37 confidence=0.999869 elapsed=0.095s
2026-07-25 17:05:30,837 INFO Progress 4493/8281 status=ok steps=25 confidence=0.999945 elapsed=0.068s
2026-07-25 17:05:30,941 INFO Progress 4494/8281 status=ok steps=41 confidence=0.999989 elapsed=0.104s
2026-07-25 17:05:31,031 INFO Progress 4495/8281 status=ok steps=35 confidence=0.999544 elapsed=0.090s
2026-07-25 17:05:31,113 INFO Progress 4496/8281 status=ok steps=30 confidence=0.999961 elapsed=0.081s
2026-07-25 17:05:31,249 INFO Progress 4497/8281 status=ok steps=54 confidence=0.999908 elapsed=0.136s
2026-07-25 17:05:31,396 INFO Progress 4498/8281 status=ok steps=59 confidence=0.999874 elapsed=0.147s
2026-07-25 17:05:31,488 INFO Progress 4499/8281 status=ok steps=35 confidence=0.999941 elapsed=0.092s
2026-07-25 17:05:31,738 INFO Progress 4500/8281 status=ok steps=33 confidence=0.987311 elapsed=0.084s
2026-07-25 17:05:31,861 INFO Progress 4501/8281 status=ok steps=47 confidence=0.999993 elapsed=0.123s
2026-07-25 17:05:31,952 INFO Progress 4502/8281 status=ok steps=35 confidence=0.999885 elapsed=0.091s
2026-07-25 17:05:32,047 INFO Progress 4503/8281 status=ok steps=37 confidence=0.999990 elapsed=0.095s
2026-07-25 17:05:32,127 INFO Progress 4504/8281 status=ok steps=30 confidence=0.991014 elapsed=0.080s
2026-07-25 17:05:32,222 INFO Progress 4505/8281 status=ok steps=35 confidence=0.999951 elapsed=0.095s
2026-07-25 17:05:32,328 INFO Progress 4506/8281 status=ok steps=41 confidence=0.999874 elapsed=0.106s
2026-07-25 17:05:32,433 INFO Progress 4507/8281 status=ok steps=40 confidence=0.999993 elapsed=0.105s
2026-07-25 17:05:32,582 INFO Progress 4508/8281 status=ok steps=57 confidence=0.999989 elapsed=0.149s
2026-07-25 17:05:32,682 INFO Progress 4509/8281 status=ok steps=37 confidence=0.999990 elapsed=0.099s
2026-07-25 17:05:32,780 INFO Progress 4510/8281 status=ok steps=37 confidence=0.999985 elapsed=0.098s
2026-07-25 17:05:32,889 INFO Progress 4511/8281 status=ok steps=41 confidence=0.999966 elapsed=0.109s
2026-07-25 17:05:32,984 INFO Progress 4512/8281 status=ok steps=35 confidence=0.999869 elapsed=0.095s
2026-07-25 17:05:33,089 INFO Progress 4513/8281 status=ok steps=41 confidence=0.999866 elapsed=0.106s
2026-07-25 17:05:33,184 INFO Progress 4514/8281 status=ok steps=35 confidence=0.999872 elapsed=0.095s
2026-07-25 17:05:33,277 INFO Progress 4515/8281 status=ok steps=35 confidence=0.999993 elapsed=0.093s
2026-07-25 17:05:33,395 INFO Progress 4516/8281 status=ok steps=45 confidence=0.999977 elapsed=0.118s
2026-07-25 17:05:33,530 INFO Progress 4517/8281 status=ok steps=53 confidence=0.999926 elapsed=0.135s
2026-07-25 17:05:33,692 INFO Progress 4518/8281 status=ok steps=61 confidence=0.999687 elapsed=0.161s
2026-07-25 17:05:33,819 INFO Progress 4519/8281 status=ok steps=50 confidence=0.999967 elapsed=0.127s
2026-07-25 17:05:33,910 INFO Progress 4520/8281 status=ok steps=35 confidence=0.999817 elapsed=0.090s
2026-07-25 17:05:34,019 INFO Progress 4521/8281 status=ok steps=40 confidence=0.999862 elapsed=0.109s
2026-07-25 17:05:34,129 INFO Progress 4522/8281 status=ok steps=40 confidence=0.999996 elapsed=0.110s
2026-07-25 17:05:34,222 INFO Progress 4523/8281 status=ok steps=35 confidence=0.999887 elapsed=0.093s
2026-07-25 17:05:34,273 INFO Progress 4524/8281 status=ok steps=17 confidence=0.999934 elapsed=0.051s
2026-07-25 17:05:34,567 INFO Progress 4525/8281 status=ok steps=50 confidence=0.999911 elapsed=0.130s
2026-07-25 17:05:34,629 INFO Progress 4526/8281 status=ok steps=20 confidence=0.999975 elapsed=0.062s
2026-07-25 17:05:34,869 INFO Progress 4527/8281 status=ok steps=93 confidence=0.991183 elapsed=0.240s
2026-07-25 17:05:34,938 INFO Progress 4528/8281 status=ok steps=25 confidence=0.999866 elapsed=0.069s
2026-07-25 17:05:35,031 INFO Progress 4529/8281 status=ok steps=35 confidence=0.999997 elapsed=0.093s
2026-07-25 17:05:35,112 INFO Progress 4530/8281 status=ok steps=30 confidence=0.999963 elapsed=0.081s
2026-07-25 17:05:35,207 INFO Progress 4531/8281 status=ok steps=35 confidence=0.999916 elapsed=0.095s
2026-07-25 17:05:35,300 INFO Progress 4532/8281 status=ok steps=35 confidence=0.999956 elapsed=0.093s
2026-07-25 17:05:35,395 INFO Progress 4533/8281 status=ok steps=37 confidence=0.999954 elapsed=0.095s
2026-07-25 17:05:35,460 INFO Progress 4534/8281 status=ok steps=23 confidence=0.999008 elapsed=0.064s
2026-07-25 17:05:35,574 INFO Progress 4535/8281 status=ok steps=45 confidence=0.999937 elapsed=0.115s
2026-07-25 17:05:35,667 INFO Progress 4536/8281 status=ok steps=35 confidence=0.999927 elapsed=0.093s
2026-07-25 17:05:35,759 INFO Progress 4537/8281 status=ok steps=35 confidence=0.999862 elapsed=0.092s
2026-07-25 17:05:35,962 INFO Progress 4538/8281 status=ok steps=83 confidence=0.999968 elapsed=0.203s
2026-07-25 17:05:36,044 INFO Progress 4539/8281 status=ok steps=29 confidence=0.999532 elapsed=0.082s
2026-07-25 17:05:36,148 INFO Progress 4540/8281 status=ok steps=41 confidence=0.999948 elapsed=0.104s
2026-07-25 17:05:36,382 INFO Progress 4541/8281 status=ok steps=95 confidence=0.999977 elapsed=0.234s
2026-07-25 17:05:36,468 INFO Progress 4542/8281 status=ok steps=30 confidence=0.999666 elapsed=0.085s
2026-07-25 17:05:36,553 INFO Progress 4543/8281 status=ok steps=30 confidence=0.999666 elapsed=0.085s
2026-07-25 17:05:36,661 INFO Progress 4544/8281 status=ok steps=41 confidence=0.999878 elapsed=0.108s
2026-07-25 17:05:36,772 INFO Progress 4545/8281 status=ok steps=41 confidence=0.999967 elapsed=0.110s
2026-07-25 17:05:36,899 INFO Progress 4546/8281 status=ok steps=50 confidence=0.999995 elapsed=0.127s
2026-07-25 17:05:37,051 INFO Progress 4547/8281 status=ok steps=59 confidence=0.999990 elapsed=0.152s
2026-07-25 17:05:37,131 INFO Progress 4548/8281 status=ok steps=29 confidence=0.999918 elapsed=0.080s
2026-07-25 17:05:37,212 INFO Progress 4549/8281 status=ok steps=29 confidence=0.999441 elapsed=0.081s
2026-07-25 17:05:37,435 INFO Progress 4550/8281 status=ok steps=17 confidence=0.999855 elapsed=0.050s
2026-07-25 17:05:37,535 INFO Progress 4551/8281 status=ok steps=37 confidence=0.999967 elapsed=0.099s
2026-07-25 17:05:37,621 INFO Progress 4552/8281 status=ok steps=33 confidence=0.999990 elapsed=0.086s
2026-07-25 17:05:37,711 INFO Progress 4553/8281 status=ok steps=35 confidence=0.999872 elapsed=0.090s
2026-07-25 17:05:37,792 INFO Progress 4554/8281 status=ok steps=29 confidence=0.999751 elapsed=0.081s
2026-07-25 17:05:37,881 INFO Progress 4555/8281 status=ok steps=35 confidence=0.999826 elapsed=0.090s
2026-07-25 17:05:37,958 INFO Progress 4556/8281 status=ok steps=29 confidence=0.999989 elapsed=0.076s
2026-07-25 17:05:38,153 INFO Progress 4557/8281 status=ok steps=80 confidence=0.999847 elapsed=0.195s
2026-07-25 17:05:38,279 INFO Progress 4558/8281 status=ok steps=50 confidence=0.999918 elapsed=0.126s
2026-07-25 17:05:38,369 INFO Progress 4559/8281 status=ok steps=35 confidence=0.999938 elapsed=0.090s
2026-07-25 17:05:38,449 INFO Progress 4560/8281 status=ok steps=30 confidence=0.999941 elapsed=0.079s
2026-07-25 17:05:38,604 INFO Progress 4561/8281 status=ok steps=61 confidence=0.995267 elapsed=0.155s
2026-07-25 17:05:38,658 INFO Progress 4562/8281 status=ok steps=19 confidence=0.999274 elapsed=0.053s
2026-07-25 17:05:38,796 INFO Progress 4563/8281 status=ok steps=54 confidence=0.999330 elapsed=0.138s
2026-07-25 17:05:38,900 INFO Progress 4564/8281 status=ok steps=37 confidence=0.999995 elapsed=0.104s
2026-07-25 17:05:39,053 INFO Progress 4565/8281 status=ok steps=59 confidence=0.999961 elapsed=0.152s
2026-07-25 17:05:39,171 INFO Progress 4566/8281 status=ok steps=45 confidence=0.999970 elapsed=0.118s
2026-07-25 17:05:39,254 INFO Progress 4567/8281 status=ok steps=30 confidence=0.999889 elapsed=0.084s
2026-07-25 17:05:39,342 INFO Progress 4568/8281 status=ok steps=33 confidence=0.999814 elapsed=0.088s
2026-07-25 17:05:39,400 INFO Progress 4569/8281 status=ok steps=20 confidence=0.999666 elapsed=0.058s
2026-07-25 17:05:39,471 INFO Progress 4570/8281 status=ok steps=26 confidence=0.999358 elapsed=0.071s
2026-07-25 17:05:39,589 INFO Progress 4571/8281 status=ok steps=45 confidence=0.999861 elapsed=0.117s
2026-07-25 17:05:39,725 INFO Progress 4572/8281 status=ok steps=55 confidence=0.999997 elapsed=0.136s
2026-07-25 17:05:39,850 INFO Progress 4573/8281 status=ok steps=50 confidence=0.998582 elapsed=0.125s
2026-07-25 17:05:39,931 INFO Progress 4574/8281 status=ok steps=29 confidence=0.999672 elapsed=0.081s
2026-07-25 17:05:40,192 INFO Progress 4575/8281 status=ok steps=35 confidence=0.999759 elapsed=0.090s
2026-07-25 17:05:40,271 INFO Progress 4576/8281 status=ok steps=29 confidence=0.999973 elapsed=0.079s
2026-07-25 17:05:40,440 INFO Progress 4577/8281 status=ok steps=65 confidence=0.999938 elapsed=0.169s
2026-07-25 17:05:40,530 INFO Progress 4578/8281 status=ok steps=33 confidence=0.999994 elapsed=0.089s
2026-07-25 17:05:40,600 INFO Progress 4579/8281 status=ok steps=25 confidence=0.999944 elapsed=0.070s
2026-07-25 17:05:40,676 INFO Progress 4580/8281 status=ok steps=29 confidence=0.999861 elapsed=0.075s
2026-07-25 17:05:40,778 INFO Progress 4581/8281 status=ok steps=40 confidence=0.999929 elapsed=0.103s
2026-07-25 17:05:40,874 INFO Progress 4582/8281 status=ok steps=37 confidence=0.999985 elapsed=0.095s
2026-07-25 17:05:41,031 INFO Progress 4583/8281 status=ok steps=61 confidence=0.995267 elapsed=0.158s
2026-07-25 17:05:41,184 INFO Progress 4584/8281 status=ok steps=59 confidence=0.999976 elapsed=0.152s
2026-07-25 17:05:41,307 INFO Progress 4585/8281 status=ok steps=47 confidence=0.999992 elapsed=0.123s
2026-07-25 17:05:41,463 INFO Progress 4586/8281 status=ok steps=61 confidence=0.997168 elapsed=0.156s
2026-07-25 17:05:41,531 INFO Progress 4587/8281 status=ok steps=25 confidence=0.999696 elapsed=0.067s
2026-07-25 17:05:41,778 INFO Progress 4588/8281 status=ok steps=95 confidence=0.999466 elapsed=0.248s
2026-07-25 17:05:41,942 INFO Progress 4589/8281 status=ok steps=65 confidence=0.999894 elapsed=0.164s
2026-07-25 17:05:42,046 INFO Progress 4590/8281 status=ok steps=40 confidence=0.999995 elapsed=0.103s
2026-07-25 17:05:42,172 INFO Progress 4591/8281 status=ok steps=50 confidence=0.999986 elapsed=0.126s
2026-07-25 17:05:42,312 INFO Progress 4592/8281 status=ok steps=55 confidence=0.999997 elapsed=0.140s
2026-07-25 17:05:42,464 INFO Progress 4593/8281 status=ok steps=55 confidence=0.999991 elapsed=0.152s
2026-07-25 17:05:42,550 INFO Progress 4594/8281 status=ok steps=33 confidence=0.995833 elapsed=0.085s
2026-07-25 17:05:42,664 INFO Progress 4595/8281 status=ok steps=45 confidence=0.999824 elapsed=0.114s
2026-07-25 17:05:42,818 INFO Progress 4596/8281 status=ok steps=61 confidence=0.999948 elapsed=0.154s
2026-07-25 17:05:42,966 INFO Progress 4597/8281 status=ok steps=59 confidence=0.999962 elapsed=0.148s
2026-07-25 17:05:43,070 INFO Progress 4598/8281 status=ok steps=41 confidence=0.999845 elapsed=0.104s
2026-07-25 17:05:43,166 INFO Progress 4599/8281 status=ok steps=37 confidence=0.999986 elapsed=0.096s
2026-07-25 17:05:43,602 INFO Progress 4600/8281 status=ok steps=45 confidence=0.994642 elapsed=0.113s
2026-07-25 17:05:43,699 INFO Progress 4601/8281 status=ok steps=33 confidence=0.999996 elapsed=0.097s
2026-07-25 17:05:43,813 INFO Progress 4602/8281 status=ok steps=45 confidence=0.999996 elapsed=0.113s
2026-07-25 17:05:43,904 INFO Progress 4603/8281 status=ok steps=35 confidence=0.999991 elapsed=0.091s
2026-07-25 17:05:43,989 INFO Progress 4604/8281 status=ok steps=33 confidence=0.999992 elapsed=0.086s
2026-07-25 17:05:44,096 INFO Progress 4605/8281 status=ok steps=41 confidence=0.999946 elapsed=0.106s
2026-07-25 17:05:44,182 INFO Progress 4606/8281 status=ok steps=33 confidence=0.999922 elapsed=0.086s
2026-07-25 17:05:44,333 INFO Progress 4607/8281 status=ok steps=61 confidence=0.999993 elapsed=0.151s
2026-07-25 17:05:44,489 INFO Progress 4608/8281 status=ok steps=61 confidence=0.999641 elapsed=0.155s
2026-07-25 17:05:44,608 INFO Progress 4609/8281 status=ok steps=47 confidence=0.999877 elapsed=0.119s
2026-07-25 17:05:44,700 INFO Progress 4610/8281 status=ok steps=35 confidence=0.999971 elapsed=0.092s
2026-07-25 17:05:44,826 INFO Progress 4611/8281 status=ok steps=47 confidence=0.999600 elapsed=0.126s
2026-07-25 17:05:44,906 INFO Progress 4612/8281 status=ok steps=30 confidence=0.999950 elapsed=0.079s
2026-07-25 17:05:44,974 INFO Progress 4613/8281 status=ok steps=25 confidence=0.999929 elapsed=0.068s
2026-07-25 17:05:45,053 INFO Progress 4614/8281 status=ok steps=30 confidence=0.999153 elapsed=0.079s
2026-07-25 17:05:45,132 INFO Progress 4615/8281 status=ok steps=29 confidence=0.999974 elapsed=0.079s
2026-07-25 17:05:45,324 INFO Progress 4616/8281 status=ok steps=77 confidence=0.999158 elapsed=0.193s
2026-07-25 17:05:45,427 INFO Progress 4617/8281 status=ok steps=40 confidence=0.999930 elapsed=0.103s
2026-07-25 17:05:45,532 INFO Progress 4618/8281 status=ok steps=41 confidence=0.999889 elapsed=0.104s
2026-07-25 17:05:45,691 INFO Progress 4619/8281 status=ok steps=65 confidence=0.999992 elapsed=0.159s
2026-07-25 17:05:45,841 INFO Progress 4620/8281 status=ok steps=59 confidence=0.999950 elapsed=0.151s
2026-07-25 17:05:45,917 INFO Progress 4621/8281 status=ok steps=29 confidence=0.999808 elapsed=0.075s
2026-07-25 17:05:46,015 INFO Progress 4622/8281 status=ok steps=37 confidence=0.999896 elapsed=0.098s
2026-07-25 17:05:46,079 INFO Progress 4623/8281 status=ok steps=23 confidence=0.999799 elapsed=0.064s
2026-07-25 17:05:46,193 INFO Progress 4624/8281 status=ok steps=45 confidence=0.999945 elapsed=0.115s
2026-07-25 17:05:46,536 INFO Progress 4625/8281 status=ok steps=41 confidence=0.999910 elapsed=0.109s
2026-07-25 17:05:46,642 INFO Progress 4626/8281 status=ok steps=40 confidence=0.999979 elapsed=0.106s
2026-07-25 17:05:46,740 INFO Progress 4627/8281 status=ok steps=37 confidence=0.999995 elapsed=0.097s
2026-07-25 17:05:46,876 INFO Progress 4628/8281 status=ok steps=53 confidence=0.999978 elapsed=0.136s
2026-07-25 17:05:46,965 INFO Progress 4629/8281 status=ok steps=35 confidence=0.999994 elapsed=0.090s
2026-07-25 17:05:47,080 INFO Progress 4630/8281 status=ok steps=45 confidence=0.999926 elapsed=0.115s
2026-07-25 17:05:47,184 INFO Progress 4631/8281 status=ok steps=41 confidence=0.999994 elapsed=0.103s
2026-07-25 17:05:47,330 INFO Progress 4632/8281 status=ok steps=59 confidence=0.999942 elapsed=0.146s
2026-07-25 17:05:47,422 INFO Progress 4633/8281 status=ok steps=35 confidence=0.999976 elapsed=0.092s
2026-07-25 17:05:47,492 INFO Progress 4634/8281 status=ok steps=25 confidence=0.999915 elapsed=0.069s
2026-07-25 17:05:47,555 INFO Progress 4635/8281 status=ok steps=23 confidence=0.999713 elapsed=0.063s
2026-07-25 17:05:47,649 INFO Progress 4636/8281 status=ok steps=37 confidence=0.999605 elapsed=0.095s
2026-07-25 17:05:47,743 INFO Progress 4637/8281 status=ok steps=35 confidence=0.999912 elapsed=0.094s
2026-07-25 17:05:47,806 INFO Progress 4638/8281 status=ok steps=20 confidence=0.999852 elapsed=0.062s
2026-07-25 17:05:47,939 INFO Progress 4639/8281 status=ok steps=53 confidence=0.999983 elapsed=0.133s
2026-07-25 17:05:48,025 INFO Progress 4640/8281 status=ok steps=33 confidence=0.999967 elapsed=0.087s
2026-07-25 17:05:48,197 INFO Progress 4641/8281 status=ok steps=70 confidence=0.999965 elapsed=0.172s
2026-07-25 17:05:48,284 INFO Progress 4642/8281 status=ok steps=33 confidence=0.999990 elapsed=0.087s
2026-07-25 17:05:48,496 INFO Progress 4643/8281 status=ok steps=85 confidence=0.999900 elapsed=0.212s
2026-07-25 17:05:48,592 INFO Progress 4644/8281 status=ok steps=37 confidence=0.999954 elapsed=0.096s
2026-07-25 17:05:48,671 INFO Progress 4645/8281 status=ok steps=29 confidence=0.999913 elapsed=0.078s
2026-07-25 17:05:48,818 INFO Progress 4646/8281 status=ok steps=59 confidence=0.999961 elapsed=0.148s
2026-07-25 17:05:48,908 INFO Progress 4647/8281 status=ok steps=35 confidence=0.999821 elapsed=0.090s
2026-07-25 17:05:48,995 INFO Progress 4648/8281 status=ok steps=33 confidence=0.999995 elapsed=0.087s
2026-07-25 17:05:49,141 INFO Progress 4649/8281 status=ok steps=59 confidence=0.999964 elapsed=0.146s
2026-07-25 17:05:49,598 INFO Progress 4650/8281 status=ok steps=37 confidence=0.999914 elapsed=0.096s
2026-07-25 17:05:49,682 INFO Progress 4651/8281 status=ok steps=29 confidence=0.999741 elapsed=0.083s
2026-07-25 17:05:49,776 INFO Progress 4652/8281 status=ok steps=35 confidence=0.999566 elapsed=0.094s
2026-07-25 17:05:49,854 INFO Progress 4653/8281 status=ok steps=29 confidence=0.999973 elapsed=0.078s
2026-07-25 17:05:49,975 INFO Progress 4654/8281 status=ok steps=47 confidence=0.999989 elapsed=0.121s
2026-07-25 17:05:50,076 INFO Progress 4655/8281 status=ok steps=40 confidence=0.999988 elapsed=0.101s
2026-07-25 17:05:50,139 INFO Progress 4656/8281 status=ok steps=23 confidence=0.999720 elapsed=0.063s
2026-07-25 17:05:50,230 INFO Progress 4657/8281 status=ok steps=35 confidence=0.999939 elapsed=0.091s
2026-07-25 17:05:50,349 INFO Progress 4658/8281 status=ok steps=47 confidence=0.999887 elapsed=0.119s
2026-07-25 17:05:50,464 INFO Progress 4659/8281 status=ok steps=45 confidence=0.999956 elapsed=0.115s
2026-07-25 17:05:50,522 INFO Progress 4660/8281 status=ok steps=21 confidence=0.999943 elapsed=0.058s
2026-07-25 17:05:50,590 INFO Progress 4661/8281 status=ok steps=25 confidence=0.999866 elapsed=0.067s
2026-07-25 17:05:50,647 INFO Progress 4662/8281 status=ok steps=20 confidence=0.998951 elapsed=0.056s
2026-07-25 17:05:50,767 INFO Progress 4663/8281 status=ok steps=47 confidence=0.999600 elapsed=0.120s
2026-07-25 17:05:50,929 INFO Progress 4664/8281 status=ok steps=61 confidence=0.995267 elapsed=0.162s
2026-07-25 17:05:51,007 INFO Progress 4665/8281 status=ok steps=29 confidence=0.999833 elapsed=0.078s
2026-07-25 17:05:51,064 INFO Progress 4666/8281 status=ok steps=20 confidence=0.999858 elapsed=0.057s
2026-07-25 17:05:51,130 INFO Progress 4667/8281 status=ok steps=23 confidence=0.999891 elapsed=0.066s
2026-07-25 17:05:51,228 INFO Progress 4668/8281 status=ok steps=37 confidence=0.999075 elapsed=0.097s
2026-07-25 17:05:51,295 INFO Progress 4669/8281 status=ok steps=25 confidence=0.999983 elapsed=0.067s
2026-07-25 17:05:51,401 INFO Progress 4670/8281 status=ok steps=40 confidence=0.999688 elapsed=0.106s
2026-07-25 17:05:51,495 INFO Progress 4671/8281 status=ok steps=35 confidence=0.999887 elapsed=0.094s
2026-07-25 17:05:51,614 INFO Progress 4672/8281 status=ok steps=47 confidence=0.999834 elapsed=0.118s
2026-07-25 17:05:51,725 INFO Progress 4673/8281 status=ok steps=41 confidence=0.999988 elapsed=0.112s
2026-07-25 17:05:51,815 INFO Progress 4674/8281 status=ok steps=35 confidence=0.999956 elapsed=0.089s
2026-07-25 17:05:52,069 INFO Progress 4675/8281 status=ok steps=35 confidence=0.999884 elapsed=0.091s
2026-07-25 17:05:52,244 INFO Progress 4676/8281 status=ok steps=69 confidence=0.999833 elapsed=0.175s
2026-07-25 17:05:52,378 INFO Progress 4677/8281 status=ok steps=55 confidence=0.999996 elapsed=0.134s
2026-07-25 17:05:52,463 INFO Progress 4678/8281 status=ok steps=33 confidence=0.999983 elapsed=0.084s
2026-07-25 17:05:52,567 INFO Progress 4679/8281 status=ok steps=41 confidence=0.999915 elapsed=0.104s
2026-07-25 17:05:52,652 INFO Progress 4680/8281 status=ok steps=33 confidence=0.999717 elapsed=0.085s
2026-07-25 17:05:52,747 INFO Progress 4681/8281 status=ok steps=37 confidence=0.999878 elapsed=0.095s
2026-07-25 17:05:52,872 INFO Progress 4682/8281 status=ok steps=50 confidence=0.999990 elapsed=0.124s
2026-07-25 17:05:52,961 INFO Progress 4683/8281 status=ok steps=35 confidence=0.999552 elapsed=0.089s
2026-07-25 17:05:53,050 INFO Progress 4684/8281 status=ok steps=33 confidence=0.999963 elapsed=0.089s
2026-07-25 17:05:53,140 INFO Progress 4685/8281 status=ok steps=35 confidence=0.999808 elapsed=0.090s
2026-07-25 17:05:53,196 INFO Progress 4686/8281 status=ok steps=20 confidence=0.999512 elapsed=0.056s
2026-07-25 17:05:53,300 INFO Progress 4687/8281 status=ok steps=40 confidence=0.999879 elapsed=0.104s
2026-07-25 17:05:53,386 INFO Progress 4688/8281 status=ok steps=33 confidence=0.999877 elapsed=0.086s
2026-07-25 17:05:53,520 INFO Progress 4689/8281 status=ok steps=53 confidence=0.999684 elapsed=0.134s
2026-07-25 17:05:53,610 INFO Progress 4690/8281 status=ok steps=35 confidence=0.996928 elapsed=0.090s
2026-07-25 17:05:53,725 INFO Progress 4691/8281 status=ok steps=45 confidence=0.999962 elapsed=0.115s
2026-07-25 17:05:53,819 INFO Progress 4692/8281 status=ok steps=37 confidence=0.999944 elapsed=0.094s
2026-07-25 17:05:53,887 INFO Progress 4693/8281 status=ok steps=25 confidence=0.999935 elapsed=0.067s
2026-07-25 17:05:53,976 INFO Progress 4694/8281 status=ok steps=35 confidence=0.999908 elapsed=0.089s
2026-07-25 17:05:54,063 INFO Progress 4695/8281 status=ok steps=33 confidence=0.999907 elapsed=0.087s
2026-07-25 17:05:54,175 INFO Progress 4696/8281 status=ok steps=45 confidence=0.999989 elapsed=0.112s
2026-07-25 17:05:54,307 INFO Progress 4697/8281 status=ok steps=53 confidence=0.999825 elapsed=0.132s
2026-07-25 17:05:54,384 INFO Progress 4698/8281 status=ok steps=29 confidence=0.996760 elapsed=0.077s
2026-07-25 17:05:54,475 INFO Progress 4699/8281 status=ok steps=33 confidence=0.979044 elapsed=0.090s
2026-07-25 17:05:54,762 INFO Progress 4700/8281 status=ok steps=45 confidence=0.999913 elapsed=0.115s
2026-07-25 17:05:54,917 INFO Progress 4701/8281 status=ok steps=61 confidence=0.999988 elapsed=0.155s
2026-07-25 17:05:55,091 INFO Progress 4702/8281 status=ok steps=71 confidence=0.999993 elapsed=0.174s
2026-07-25 17:05:55,211 INFO Progress 4703/8281 status=ok steps=49 confidence=0.999907 elapsed=0.120s
2026-07-25 17:05:55,349 INFO Progress 4704/8281 status=ok steps=55 confidence=0.999997 elapsed=0.137s
2026-07-25 17:05:55,440 INFO Progress 4705/8281 status=ok steps=35 confidence=0.999989 elapsed=0.091s
2026-07-25 17:05:55,503 INFO Progress 4706/8281 status=ok steps=23 confidence=0.999853 elapsed=0.063s
2026-07-25 17:05:55,574 INFO Progress 4707/8281 status=ok steps=26 confidence=0.999952 elapsed=0.071s
2026-07-25 17:05:55,722 INFO Progress 4708/8281 status=ok steps=59 confidence=0.999944 elapsed=0.147s
2026-07-25 17:05:55,789 INFO Progress 4709/8281 status=ok steps=25 confidence=0.999920 elapsed=0.067s
2026-07-25 17:05:55,897 INFO Progress 4710/8281 status=ok steps=41 confidence=0.999883 elapsed=0.107s
2026-07-25 17:05:55,975 INFO Progress 4711/8281 status=ok steps=30 confidence=0.999912 elapsed=0.078s
2026-07-25 17:05:56,054 INFO Progress 4712/8281 status=ok steps=30 confidence=0.999948 elapsed=0.079s
2026-07-25 17:05:56,117 INFO Progress 4713/8281 status=ok steps=23 confidence=0.999783 elapsed=0.063s
2026-07-25 17:05:56,185 INFO Progress 4714/8281 status=ok steps=25 confidence=0.999944 elapsed=0.068s
2026-07-25 17:05:56,240 INFO Progress 4715/8281 status=ok steps=20 confidence=0.999842 elapsed=0.056s
2026-07-25 17:05:56,330 INFO Progress 4716/8281 status=ok steps=35 confidence=0.999951 elapsed=0.089s
2026-07-25 17:05:56,435 INFO Progress 4717/8281 status=ok steps=40 confidence=0.999706 elapsed=0.105s
2026-07-25 17:05:56,526 INFO Progress 4718/8281 status=ok steps=35 confidence=0.999536 elapsed=0.090s
2026-07-25 17:05:56,611 INFO Progress 4719/8281 status=ok steps=33 confidence=0.999991 elapsed=0.085s
2026-07-25 17:05:56,690 INFO Progress 4720/8281 status=ok steps=30 confidence=0.999912 elapsed=0.078s
2026-07-25 17:05:56,830 INFO Progress 4721/8281 status=ok steps=57 confidence=0.999968 elapsed=0.140s
2026-07-25 17:05:56,951 INFO Progress 4722/8281 status=ok steps=47 confidence=0.999700 elapsed=0.121s
2026-07-25 17:05:57,030 INFO Progress 4723/8281 status=ok steps=30 confidence=0.999973 elapsed=0.078s
2026-07-25 17:05:57,114 INFO Progress 4724/8281 status=ok steps=33 confidence=0.999511 elapsed=0.084s
2026-07-25 17:05:57,429 INFO Progress 4725/8281 status=ok steps=41 confidence=0.999963 elapsed=0.103s
2026-07-25 17:05:57,491 INFO Progress 4726/8281 status=ok steps=20 confidence=0.999706 elapsed=0.061s
2026-07-25 17:05:57,594 INFO Progress 4727/8281 status=ok steps=41 confidence=0.999924 elapsed=0.103s
2026-07-25 17:05:57,727 INFO Progress 4728/8281 status=ok steps=53 confidence=0.999594 elapsed=0.133s
2026-07-25 17:05:57,783 INFO Progress 4729/8281 status=ok steps=20 confidence=0.999797 elapsed=0.056s
2026-07-25 17:05:57,909 INFO Progress 4730/8281 status=ok steps=50 confidence=0.999853 elapsed=0.126s
2026-07-25 17:05:57,972 INFO Progress 4731/8281 status=ok steps=23 confidence=0.999622 elapsed=0.063s
2026-07-25 17:05:58,063 INFO Progress 4732/8281 status=ok steps=35 confidence=0.999830 elapsed=0.091s
2026-07-25 17:05:58,140 INFO Progress 4733/8281 status=ok steps=29 confidence=0.999904 elapsed=0.077s
2026-07-25 17:05:58,281 INFO Progress 4734/8281 status=ok steps=55 confidence=0.999633 elapsed=0.141s
2026-07-25 17:05:58,341 INFO Progress 4735/8281 status=ok steps=21 confidence=0.999912 elapsed=0.059s
2026-07-25 17:05:58,446 INFO Progress 4736/8281 status=ok steps=41 confidence=0.999872 elapsed=0.105s
2026-07-25 17:05:58,599 INFO Progress 4737/8281 status=ok steps=61 confidence=0.999994 elapsed=0.153s
2026-07-25 17:05:58,689 INFO Progress 4738/8281 status=ok steps=35 confidence=0.999965 elapsed=0.090s
2026-07-25 17:05:58,781 INFO Progress 4739/8281 status=ok steps=35 confidence=0.999956 elapsed=0.092s
2026-07-25 17:05:58,886 INFO Progress 4740/8281 status=ok steps=40 confidence=0.999952 elapsed=0.105s
2026-07-25 17:05:58,953 INFO Progress 4741/8281 status=ok steps=25 confidence=0.999898 elapsed=0.068s
2026-07-25 17:05:59,089 INFO Progress 4742/8281 status=ok steps=55 confidence=0.999958 elapsed=0.135s
2026-07-25 17:05:59,165 INFO Progress 4743/8281 status=ok steps=29 confidence=0.998697 elapsed=0.076s
2026-07-25 17:05:59,303 INFO Progress 4744/8281 status=ok steps=55 confidence=0.999922 elapsed=0.138s
2026-07-25 17:05:59,371 INFO Progress 4745/8281 status=ok steps=25 confidence=0.999852 elapsed=0.067s
2026-07-25 17:05:59,462 INFO Progress 4746/8281 status=ok steps=35 confidence=0.999857 elapsed=0.091s
2026-07-25 17:05:59,575 INFO Progress 4747/8281 status=ok steps=45 confidence=0.999938 elapsed=0.113s
2026-07-25 17:05:59,642 INFO Progress 4748/8281 status=ok steps=25 confidence=0.999980 elapsed=0.067s
2026-07-25 17:05:59,794 INFO Progress 4749/8281 status=ok steps=61 confidence=0.999937 elapsed=0.153s
2026-07-25 17:06:00,130 INFO Progress 4750/8281 status=ok steps=53 confidence=0.999983 elapsed=0.133s
2026-07-25 17:06:00,325 INFO Progress 4751/8281 status=ok steps=77 confidence=0.999965 elapsed=0.194s
2026-07-25 17:06:00,500 INFO Progress 4752/8281 status=ok steps=71 confidence=0.999991 elapsed=0.175s
2026-07-25 17:06:00,579 INFO Progress 4753/8281 status=ok steps=29 confidence=0.999895 elapsed=0.079s
2026-07-25 17:06:00,669 INFO Progress 4754/8281 status=ok steps=35 confidence=0.999961 elapsed=0.090s
2026-07-25 17:06:00,804 INFO Progress 4755/8281 status=ok steps=53 confidence=0.999898 elapsed=0.136s
2026-07-25 17:06:00,895 INFO Progress 4756/8281 status=ok steps=35 confidence=0.999987 elapsed=0.090s
2026-07-25 17:06:01,010 INFO Progress 4757/8281 status=ok steps=45 confidence=0.999996 elapsed=0.116s
2026-07-25 17:06:01,107 INFO Progress 4758/8281 status=ok steps=37 confidence=0.999866 elapsed=0.097s
2026-07-25 17:06:01,183 INFO Progress 4759/8281 status=ok steps=29 confidence=0.999909 elapsed=0.076s
2026-07-25 17:06:01,273 INFO Progress 4760/8281 status=ok steps=35 confidence=0.999994 elapsed=0.089s
2026-07-25 17:06:01,368 INFO Progress 4761/8281 status=ok steps=37 confidence=0.999984 elapsed=0.095s
2026-07-25 17:06:01,480 INFO Progress 4762/8281 status=ok steps=45 confidence=0.999927 elapsed=0.113s
2026-07-25 17:06:01,679 INFO Progress 4763/8281 status=ok steps=80 confidence=0.999997 elapsed=0.199s
2026-07-25 17:06:01,746 INFO Progress 4764/8281 status=ok steps=25 confidence=0.999912 elapsed=0.067s
2026-07-25 17:06:01,873 INFO Progress 4765/8281 status=ok steps=50 confidence=0.999942 elapsed=0.126s
2026-07-25 17:06:01,957 INFO Progress 4766/8281 status=ok steps=30 confidence=0.999962 elapsed=0.084s
2026-07-25 17:06:02,047 INFO Progress 4767/8281 status=ok steps=35 confidence=0.999950 elapsed=0.090s
2026-07-25 17:06:02,149 INFO Progress 4768/8281 status=ok steps=41 confidence=0.999929 elapsed=0.102s
2026-07-25 17:06:02,212 INFO Progress 4769/8281 status=ok steps=23 confidence=0.999596 elapsed=0.063s
2026-07-25 17:06:02,326 INFO Progress 4770/8281 status=ok steps=45 confidence=0.999992 elapsed=0.114s
2026-07-25 17:06:02,430 INFO Progress 4771/8281 status=ok steps=40 confidence=0.999840 elapsed=0.104s
2026-07-25 17:06:02,555 INFO Progress 4772/8281 status=ok steps=50 confidence=0.999887 elapsed=0.126s
2026-07-25 17:06:02,742 INFO Progress 4773/8281 status=ok steps=75 confidence=0.999909 elapsed=0.187s
2026-07-25 17:06:02,887 INFO Progress 4774/8281 status=ok steps=55 confidence=0.999658 elapsed=0.145s
2026-07-25 17:06:03,309 INFO Progress 4775/8281 status=ok steps=95 confidence=0.999466 elapsed=0.247s
2026-07-25 17:06:03,376 INFO Progress 4776/8281 status=ok steps=23 confidence=0.999864 elapsed=0.067s
2026-07-25 17:06:03,480 INFO Progress 4777/8281 status=ok steps=41 confidence=0.999855 elapsed=0.104s
2026-07-25 17:06:03,548 INFO Progress 4778/8281 status=ok steps=25 confidence=0.999980 elapsed=0.067s
2026-07-25 17:06:03,625 INFO Progress 4779/8281 status=ok steps=29 confidence=0.999990 elapsed=0.077s
2026-07-25 17:06:03,728 INFO Progress 4780/8281 status=ok steps=41 confidence=0.999877 elapsed=0.103s
2026-07-25 17:06:03,814 INFO Progress 4781/8281 status=ok steps=33 confidence=0.999991 elapsed=0.086s
2026-07-25 17:06:03,903 INFO Progress 4782/8281 status=ok steps=33 confidence=0.999907 elapsed=0.088s
2026-07-25 17:06:03,965 INFO Progress 4783/8281 status=ok steps=23 confidence=0.999703 elapsed=0.063s
2026-07-25 17:06:04,053 INFO Progress 4784/8281 status=ok steps=33 confidence=0.997114 elapsed=0.088s
2026-07-25 17:06:04,167 INFO Progress 4785/8281 status=ok steps=45 confidence=0.999956 elapsed=0.114s
2026-07-25 17:06:04,232 INFO Progress 4786/8281 status=ok steps=23 confidence=0.999784 elapsed=0.065s
2026-07-25 17:06:04,321 INFO Progress 4787/8281 status=ok steps=33 confidence=0.998905 elapsed=0.088s
2026-07-25 17:06:04,462 INFO Progress 4788/8281 status=ok steps=54 confidence=0.999988 elapsed=0.141s
2026-07-25 17:06:04,636 INFO Progress 4789/8281 status=ok steps=71 confidence=0.999930 elapsed=0.173s
2026-07-25 17:06:04,713 INFO Progress 4790/8281 status=ok steps=29 confidence=0.999918 elapsed=0.077s
2026-07-25 17:06:04,780 INFO Progress 4791/8281 status=ok steps=23 confidence=0.999938 elapsed=0.067s
2026-07-25 17:06:05,245 INFO Progress 4792/8281 status=ok steps=185 confidence=0.999997 elapsed=0.466s
2026-07-25 17:06:05,338 INFO Progress 4793/8281 status=ok steps=35 confidence=0.999951 elapsed=0.092s
2026-07-25 17:06:05,426 INFO Progress 4794/8281 status=ok steps=33 confidence=0.999993 elapsed=0.088s
2026-07-25 17:06:05,522 INFO Progress 4795/8281 status=ok steps=35 confidence=0.999802 elapsed=0.095s
2026-07-25 17:06:05,763 INFO Progress 4796/8281 status=ok steps=95 confidence=0.999960 elapsed=0.241s
2026-07-25 17:06:05,920 INFO Progress 4797/8281 status=ok steps=61 confidence=0.999993 elapsed=0.157s
2026-07-25 17:06:06,156 INFO Progress 4798/8281 status=ok steps=95 confidence=0.999760 elapsed=0.236s
2026-07-25 17:06:06,269 INFO Progress 4799/8281 status=ok steps=45 confidence=0.999903 elapsed=0.113s
2026-07-25 17:06:06,595 INFO Progress 4800/8281 status=ok steps=59 confidence=0.999990 elapsed=0.148s
2026-07-25 17:06:06,665 INFO Progress 4801/8281 status=ok steps=25 confidence=0.999959 elapsed=0.070s
2026-07-25 17:06:06,794 INFO Progress 4802/8281 status=ok steps=50 confidence=0.999991 elapsed=0.129s
2026-07-25 17:06:06,873 INFO Progress 4803/8281 status=ok steps=29 confidence=0.999760 elapsed=0.078s
2026-07-25 17:06:07,058 INFO Progress 4804/8281 status=ok steps=77 confidence=0.999908 elapsed=0.185s
2026-07-25 17:06:07,176 INFO Progress 4805/8281 status=ok steps=47 confidence=0.999877 elapsed=0.118s
2026-07-25 17:06:07,262 INFO Progress 4806/8281 status=ok steps=33 confidence=0.999975 elapsed=0.085s
2026-07-25 17:06:07,396 INFO Progress 4807/8281 status=ok steps=53 confidence=0.999987 elapsed=0.134s
2026-07-25 17:06:07,486 INFO Progress 4808/8281 status=ok steps=35 confidence=0.999783 elapsed=0.090s
2026-07-25 17:06:07,670 INFO Progress 4809/8281 status=ok steps=75 confidence=0.999988 elapsed=0.183s
2026-07-25 17:06:07,725 INFO Progress 4810/8281 status=ok steps=20 confidence=0.999633 elapsed=0.056s
2026-07-25 17:06:07,783 INFO Progress 4811/8281 status=ok steps=20 confidence=0.999952 elapsed=0.057s
2026-07-25 17:06:07,905 INFO Progress 4812/8281 status=ok steps=50 confidence=0.996941 elapsed=0.122s
2026-07-25 17:06:07,996 INFO Progress 4813/8281 status=ok steps=35 confidence=0.999938 elapsed=0.090s
2026-07-25 17:06:08,059 INFO Progress 4814/8281 status=ok steps=23 confidence=0.999827 elapsed=0.063s
2026-07-25 17:06:08,170 INFO Progress 4815/8281 status=ok steps=45 confidence=0.999916 elapsed=0.112s
2026-07-25 17:06:08,260 INFO Progress 4816/8281 status=ok steps=35 confidence=0.999955 elapsed=0.090s
2026-07-25 17:06:08,411 INFO Progress 4817/8281 status=ok steps=61 confidence=0.999934 elapsed=0.150s
2026-07-25 17:06:08,536 INFO Progress 4818/8281 status=ok steps=49 confidence=0.999837 elapsed=0.125s
2026-07-25 17:06:08,605 INFO Progress 4819/8281 status=ok steps=25 confidence=0.999983 elapsed=0.069s
2026-07-25 17:06:08,709 INFO Progress 4820/8281 status=ok steps=41 confidence=0.999945 elapsed=0.104s
2026-07-25 17:06:08,826 INFO Progress 4821/8281 status=ok steps=47 confidence=0.999965 elapsed=0.118s
2026-07-25 17:06:08,922 INFO Progress 4822/8281 status=ok steps=37 confidence=0.999944 elapsed=0.096s
2026-07-25 17:06:09,054 INFO Progress 4823/8281 status=ok steps=53 confidence=0.999983 elapsed=0.131s
2026-07-25 17:06:09,121 INFO Progress 4824/8281 status=ok steps=25 confidence=0.999972 elapsed=0.067s
2026-07-25 17:06:09,692 INFO Progress 4825/8281 status=ok steps=41 confidence=0.999929 elapsed=0.104s
2026-07-25 17:06:09,753 INFO Progress 4826/8281 status=ok steps=20 confidence=0.999961 elapsed=0.061s
2026-07-25 17:06:09,837 INFO Progress 4827/8281 status=ok steps=33 confidence=0.999854 elapsed=0.084s
2026-07-25 17:06:09,932 INFO Progress 4828/8281 status=ok steps=37 confidence=0.999946 elapsed=0.095s
2026-07-25 17:06:10,077 INFO Progress 4829/8281 status=ok steps=59 confidence=0.999953 elapsed=0.145s
2026-07-25 17:06:10,185 INFO Progress 4830/8281 status=ok steps=41 confidence=0.999990 elapsed=0.108s
2026-07-25 17:06:10,298 INFO Progress 4831/8281 status=ok steps=45 confidence=0.999987 elapsed=0.113s
2026-07-25 17:06:10,440 INFO Progress 4832/8281 status=ok steps=57 confidence=0.999952 elapsed=0.142s
2026-07-25 17:06:10,530 INFO Progress 4833/8281 status=ok steps=35 confidence=0.999813 elapsed=0.090s
2026-07-25 17:06:10,586 INFO Progress 4834/8281 status=ok steps=20 confidence=0.999842 elapsed=0.056s
2026-07-25 17:06:10,743 INFO Progress 4835/8281 status=ok steps=65 confidence=0.999994 elapsed=0.157s
2026-07-25 17:06:10,846 INFO Progress 4836/8281 status=ok steps=40 confidence=0.999893 elapsed=0.102s
2026-07-25 17:06:10,951 INFO Progress 4837/8281 status=ok steps=40 confidence=0.999667 elapsed=0.105s
2026-07-25 17:06:11,042 INFO Progress 4838/8281 status=ok steps=35 confidence=0.989563 elapsed=0.092s
2026-07-25 17:06:11,195 INFO Progress 4839/8281 status=ok steps=59 confidence=0.999978 elapsed=0.152s
2026-07-25 17:06:11,272 INFO Progress 4840/8281 status=ok steps=29 confidence=0.999822 elapsed=0.077s
2026-07-25 17:06:11,364 INFO Progress 4841/8281 status=ok steps=35 confidence=0.999030 elapsed=0.092s
2026-07-25 17:06:11,450 INFO Progress 4842/8281 status=ok steps=33 confidence=0.999975 elapsed=0.086s
2026-07-25 17:06:11,554 INFO Progress 4843/8281 status=ok steps=41 confidence=0.999889 elapsed=0.104s
2026-07-25 17:06:11,671 INFO Progress 4844/8281 status=ok steps=47 confidence=0.999933 elapsed=0.117s
2026-07-25 17:06:11,756 INFO Progress 4845/8281 status=ok steps=33 confidence=0.999795 elapsed=0.086s
2026-07-25 17:06:11,841 INFO Progress 4846/8281 status=ok steps=33 confidence=0.999885 elapsed=0.085s
2026-07-25 17:06:11,945 INFO Progress 4847/8281 status=ok steps=41 confidence=0.999717 elapsed=0.104s
2026-07-25 17:06:12,036 INFO Progress 4848/8281 status=ok steps=35 confidence=0.999963 elapsed=0.091s
2026-07-25 17:06:12,141 INFO Progress 4849/8281 status=ok steps=40 confidence=0.999993 elapsed=0.105s
2026-07-25 17:06:12,457 INFO Progress 4850/8281 status=ok steps=53 confidence=0.999975 elapsed=0.134s
2026-07-25 17:06:12,540 INFO Progress 4851/8281 status=ok steps=29 confidence=0.999974 elapsed=0.082s
2026-07-25 17:06:12,617 INFO Progress 4852/8281 status=ok steps=29 confidence=0.999829 elapsed=0.077s
2026-07-25 17:06:12,771 INFO Progress 4853/8281 status=ok steps=61 confidence=0.999994 elapsed=0.155s
2026-07-25 17:06:12,876 INFO Progress 4854/8281 status=ok steps=41 confidence=0.999996 elapsed=0.105s
2026-07-25 17:06:12,989 INFO Progress 4855/8281 status=ok steps=45 confidence=0.999994 elapsed=0.113s
2026-07-25 17:06:13,095 INFO Progress 4856/8281 status=ok steps=41 confidence=0.999952 elapsed=0.105s
2026-07-25 17:06:13,160 INFO Progress 4857/8281 status=ok steps=23 confidence=0.999008 elapsed=0.065s
2026-07-25 17:06:13,279 INFO Progress 4858/8281 status=ok steps=47 confidence=0.999923 elapsed=0.119s
2026-07-25 17:06:13,370 INFO Progress 4859/8281 status=ok steps=35 confidence=0.999977 elapsed=0.091s
2026-07-25 17:06:13,497 INFO Progress 4860/8281 status=ok steps=50 confidence=0.999912 elapsed=0.127s
2026-07-25 17:06:13,616 INFO Progress 4861/8281 status=ok steps=47 confidence=0.999988 elapsed=0.119s
2026-07-25 17:06:13,693 INFO Progress 4862/8281 status=ok steps=29 confidence=0.999957 elapsed=0.077s
2026-07-25 17:06:13,750 INFO Progress 4863/8281 status=ok steps=20 confidence=0.999984 elapsed=0.056s
2026-07-25 17:06:13,868 INFO Progress 4864/8281 status=ok steps=45 confidence=0.999970 elapsed=0.118s
2026-07-25 17:06:13,958 INFO Progress 4865/8281 status=ok steps=33 confidence=0.999976 elapsed=0.090s
2026-07-25 17:06:14,100 INFO Progress 4866/8281 status=ok steps=54 confidence=0.999989 elapsed=0.142s
2026-07-25 17:06:14,242 INFO Progress 4867/8281 status=ok steps=57 confidence=0.999988 elapsed=0.141s
2026-07-25 17:06:14,394 INFO Progress 4868/8281 status=ok steps=59 confidence=0.999990 elapsed=0.152s
2026-07-25 17:06:14,589 INFO Progress 4869/8281 status=ok steps=77 confidence=0.996421 elapsed=0.195s
2026-07-25 17:06:14,694 INFO Progress 4870/8281 status=ok steps=41 confidence=0.999954 elapsed=0.104s
2026-07-25 17:06:14,770 INFO Progress 4871/8281 status=ok steps=29 confidence=0.999995 elapsed=0.076s
2026-07-25 17:06:14,909 INFO Progress 4872/8281 status=ok steps=55 confidence=0.999990 elapsed=0.139s
2026-07-25 17:06:15,000 INFO Progress 4873/8281 status=ok steps=35 confidence=0.999889 elapsed=0.091s
2026-07-25 17:06:15,102 INFO Progress 4874/8281 status=ok steps=40 confidence=0.999973 elapsed=0.101s
2026-07-25 17:06:15,342 INFO Progress 4875/8281 status=ok steps=21 confidence=0.999937 elapsed=0.059s
2026-07-25 17:06:15,472 INFO Progress 4876/8281 status=ok steps=50 confidence=0.999990 elapsed=0.131s
2026-07-25 17:06:15,518 INFO Progress 4877/8281 status=ok steps=15 confidence=0.999746 elapsed=0.046s
2026-07-25 17:06:15,643 INFO Progress 4878/8281 status=ok steps=50 confidence=0.999967 elapsed=0.124s
2026-07-25 17:06:15,765 INFO Progress 4879/8281 status=ok steps=50 confidence=0.995739 elapsed=0.122s
2026-07-25 17:06:15,843 INFO Progress 4880/8281 status=ok steps=30 confidence=0.999956 elapsed=0.078s
2026-07-25 17:06:15,923 INFO Progress 4881/8281 status=ok steps=30 confidence=0.999930 elapsed=0.080s
2026-07-25 17:06:16,075 INFO Progress 4882/8281 status=ok steps=61 confidence=0.999641 elapsed=0.152s
2026-07-25 17:06:16,137 INFO Progress 4883/8281 status=ok steps=23 confidence=0.999790 elapsed=0.062s
2026-07-25 17:06:16,214 INFO Progress 4884/8281 status=ok steps=29 confidence=0.999895 elapsed=0.077s
2026-07-25 17:06:16,348 INFO Progress 4885/8281 status=ok steps=54 confidence=0.999960 elapsed=0.133s
2026-07-25 17:06:16,480 INFO Progress 4886/8281 status=ok steps=53 confidence=0.999736 elapsed=0.132s
2026-07-25 17:06:16,570 INFO Progress 4887/8281 status=ok steps=35 confidence=0.999923 elapsed=0.091s
2026-07-25 17:06:16,629 INFO Progress 4888/8281 status=ok steps=21 confidence=0.999880 elapsed=0.059s
2026-07-25 17:06:16,756 INFO Progress 4889/8281 status=ok steps=50 confidence=0.999942 elapsed=0.127s
2026-07-25 17:06:16,833 INFO Progress 4890/8281 status=ok steps=29 confidence=0.999984 elapsed=0.077s
2026-07-25 17:06:17,006 INFO Progress 4891/8281 status=ok steps=69 confidence=0.999925 elapsed=0.173s
2026-07-25 17:06:17,063 INFO Progress 4892/8281 status=ok steps=20 confidence=0.999478 elapsed=0.057s
2026-07-25 17:06:17,158 INFO Progress 4893/8281 status=ok steps=37 confidence=0.999992 elapsed=0.095s
2026-07-25 17:06:17,313 INFO Progress 4894/8281 status=ok steps=59 confidence=0.999949 elapsed=0.154s
2026-07-25 17:06:17,407 INFO Progress 4895/8281 status=ok steps=35 confidence=0.999874 elapsed=0.094s
2026-07-25 17:06:17,501 INFO Progress 4896/8281 status=ok steps=37 confidence=0.999769 elapsed=0.094s
2026-07-25 17:06:17,592 INFO Progress 4897/8281 status=ok steps=35 confidence=0.999861 elapsed=0.091s
2026-07-25 17:06:17,694 INFO Progress 4898/8281 status=ok steps=40 confidence=0.999979 elapsed=0.103s
2026-07-25 17:06:17,757 INFO Progress 4899/8281 status=ok steps=23 confidence=0.999775 elapsed=0.062s
2026-07-25 17:06:18,084 INFO Progress 4900/8281 status=ok steps=33 confidence=0.999598 elapsed=0.084s
2026-07-25 17:06:18,144 INFO Progress 4901/8281 status=ok steps=21 confidence=0.999944 elapsed=0.060s
2026-07-25 17:06:18,248 INFO Progress 4902/8281 status=ok steps=40 confidence=0.999942 elapsed=0.104s
2026-07-25 17:06:18,406 INFO Progress 4903/8281 status=ok steps=65 confidence=0.999995 elapsed=0.158s
2026-07-25 17:06:18,473 INFO Progress 4904/8281 status=ok steps=25 confidence=0.999852 elapsed=0.067s
2026-07-25 17:06:18,607 INFO Progress 4905/8281 status=ok steps=53 confidence=0.999988 elapsed=0.133s
2026-07-25 17:06:18,712 INFO Progress 4906/8281 status=ok steps=41 confidence=0.999890 elapsed=0.105s
2026-07-25 17:06:18,917 INFO Progress 4907/8281 status=ok steps=85 confidence=0.999900 elapsed=0.205s
2026-07-25 17:06:19,014 INFO Progress 4908/8281 status=ok steps=37 confidence=0.999993 elapsed=0.097s
2026-07-25 17:06:19,118 INFO Progress 4909/8281 status=ok steps=41 confidence=0.999991 elapsed=0.104s
2026-07-25 17:06:19,195 INFO Progress 4910/8281 status=ok steps=29 confidence=0.999887 elapsed=0.077s
2026-07-25 17:06:19,273 INFO Progress 4911/8281 status=ok steps=30 confidence=0.999867 elapsed=0.078s
2026-07-25 17:06:19,378 INFO Progress 4912/8281 status=ok steps=41 confidence=0.999870 elapsed=0.105s
2026-07-25 17:06:19,583 INFO Progress 4913/8281 status=ok steps=85 confidence=0.999900 elapsed=0.205s
2026-07-25 17:06:19,694 INFO Progress 4914/8281 status=ok steps=41 confidence=0.999767 elapsed=0.110s
2026-07-25 17:06:19,972 INFO Progress 4915/8281 status=ok steps=109 confidence=0.999986 elapsed=0.278s
2026-07-25 17:06:20,117 INFO Progress 4916/8281 status=ok steps=59 confidence=0.998890 elapsed=0.145s
2026-07-25 17:06:20,233 INFO Progress 4917/8281 status=ok steps=47 confidence=0.999960 elapsed=0.116s
2026-07-25 17:06:20,382 INFO Progress 4918/8281 status=ok steps=61 confidence=0.999993 elapsed=0.149s
2026-07-25 17:06:20,449 INFO Progress 4919/8281 status=ok steps=25 confidence=0.999969 elapsed=0.067s
2026-07-25 17:06:20,577 INFO Progress 4920/8281 status=ok steps=50 confidence=0.999708 elapsed=0.128s
2026-07-25 17:06:20,679 INFO Progress 4921/8281 status=ok steps=41 confidence=0.999845 elapsed=0.102s
2026-07-25 17:06:20,759 INFO Progress 4922/8281 status=ok steps=30 confidence=0.999904 elapsed=0.080s
2026-07-25 17:06:20,839 INFO Progress 4923/8281 status=ok steps=30 confidence=0.999981 elapsed=0.080s
2026-07-25 17:06:20,942 INFO Progress 4924/8281 status=ok steps=40 confidence=0.999773 elapsed=0.103s
2026-07-25 17:06:21,201 INFO Progress 4925/8281 status=ok steps=29 confidence=0.999914 elapsed=0.076s
2026-07-25 17:06:21,293 INFO Progress 4926/8281 status=ok steps=33 confidence=0.998905 elapsed=0.092s
2026-07-25 17:06:21,596 INFO Progress 4927/8281 status=ok steps=125 confidence=0.999956 elapsed=0.303s
2026-07-25 17:06:21,686 INFO Progress 4928/8281 status=ok steps=35 confidence=0.999965 elapsed=0.089s
2026-07-25 17:06:21,772 INFO Progress 4929/8281 status=ok steps=33 confidence=0.999976 elapsed=0.086s
2026-07-25 17:06:21,878 INFO Progress 4930/8281 status=ok steps=40 confidence=0.999670 elapsed=0.105s
2026-07-25 17:06:21,940 INFO Progress 4931/8281 status=ok steps=23 confidence=0.999738 elapsed=0.063s
2026-07-25 17:06:21,997 INFO Progress 4932/8281 status=ok steps=20 confidence=0.999984 elapsed=0.056s
2026-07-25 17:06:22,083 INFO Progress 4933/8281 status=ok steps=33 confidence=0.999987 elapsed=0.086s
2026-07-25 17:06:22,189 INFO Progress 4934/8281 status=ok steps=41 confidence=0.999991 elapsed=0.106s
2026-07-25 17:06:22,280 INFO Progress 4935/8281 status=ok steps=35 confidence=0.999378 elapsed=0.091s
2026-07-25 17:06:22,357 INFO Progress 4936/8281 status=ok steps=29 confidence=0.999991 elapsed=0.076s
2026-07-25 17:06:22,483 INFO Progress 4937/8281 status=ok steps=50 confidence=0.999912 elapsed=0.126s
2026-07-25 17:06:22,560 INFO Progress 4938/8281 status=ok steps=29 confidence=0.999935 elapsed=0.078s
2026-07-25 17:06:22,665 INFO Progress 4939/8281 status=ok steps=41 confidence=0.999869 elapsed=0.105s
2026-07-25 17:06:22,841 INFO Progress 4940/8281 status=ok steps=71 confidence=0.999993 elapsed=0.175s
2026-07-25 17:06:22,908 INFO Progress 4941/8281 status=ok steps=25 confidence=0.999959 elapsed=0.067s
2026-07-25 17:06:22,953 INFO Progress 4942/8281 status=ok steps=15 confidence=0.999920 elapsed=0.045s
2026-07-25 17:06:23,071 INFO Progress 4943/8281 status=ok steps=47 confidence=0.999869 elapsed=0.118s
2026-07-25 17:06:23,161 INFO Progress 4944/8281 status=ok steps=35 confidence=0.999931 elapsed=0.090s
2026-07-25 17:06:23,264 INFO Progress 4945/8281 status=ok steps=41 confidence=0.999936 elapsed=0.102s
2026-07-25 17:06:23,375 INFO Progress 4946/8281 status=ok steps=45 confidence=0.999938 elapsed=0.112s
2026-07-25 17:06:23,490 INFO Progress 4947/8281 status=ok steps=45 confidence=0.999971 elapsed=0.114s
2026-07-25 17:06:23,558 INFO Progress 4948/8281 status=ok steps=25 confidence=0.999902 elapsed=0.068s
2026-07-25 17:06:23,625 INFO Progress 4949/8281 status=ok steps=25 confidence=0.999930 elapsed=0.067s
2026-07-25 17:06:24,175 INFO Progress 4950/8281 status=ok steps=125 confidence=0.999956 elapsed=0.302s
2026-07-25 17:06:24,285 INFO Progress 4951/8281 status=ok steps=41 confidence=0.999885 elapsed=0.110s
2026-07-25 17:06:24,347 INFO Progress 4952/8281 status=ok steps=23 confidence=0.999596 elapsed=0.062s
2026-07-25 17:06:24,430 INFO Progress 4953/8281 status=ok steps=33 confidence=0.999885 elapsed=0.083s
2026-07-25 17:06:24,522 INFO Progress 4954/8281 status=ok steps=35 confidence=0.999829 elapsed=0.092s
2026-07-25 17:06:24,653 INFO Progress 4955/8281 status=ok steps=53 confidence=0.999907 elapsed=0.131s
2026-07-25 17:06:24,744 INFO Progress 4956/8281 status=ok steps=35 confidence=0.999846 elapsed=0.091s
2026-07-25 17:06:24,812 INFO Progress 4957/8281 status=ok steps=25 confidence=0.999929 elapsed=0.068s
2026-07-25 17:06:24,879 INFO Progress 4958/8281 status=ok steps=25 confidence=0.999979 elapsed=0.067s
2026-07-25 17:06:24,946 INFO Progress 4959/8281 status=ok steps=25 confidence=0.999923 elapsed=0.067s
2026-07-25 17:06:25,052 INFO Progress 4960/8281 status=ok steps=41 confidence=0.999690 elapsed=0.106s
2026-07-25 17:06:25,155 INFO Progress 4961/8281 status=ok steps=41 confidence=0.999966 elapsed=0.103s
2026-07-25 17:06:25,329 INFO Progress 4962/8281 status=ok steps=69 confidence=0.999571 elapsed=0.174s
2026-07-25 17:06:25,461 INFO Progress 4963/8281 status=ok steps=53 confidence=0.999741 elapsed=0.132s
2026-07-25 17:06:25,589 INFO Progress 4964/8281 status=ok steps=50 confidence=0.999987 elapsed=0.128s
2026-07-25 17:06:25,733 INFO Progress 4965/8281 status=ok steps=59 confidence=0.999950 elapsed=0.143s
2026-07-25 17:06:25,835 INFO Progress 4966/8281 status=ok steps=40 confidence=0.999741 elapsed=0.102s
2026-07-25 17:06:25,930 INFO Progress 4967/8281 status=ok steps=37 confidence=0.999986 elapsed=0.095s
2026-07-25 17:06:26,054 INFO Progress 4968/8281 status=ok steps=50 confidence=0.999763 elapsed=0.124s
2026-07-25 17:06:26,138 INFO Progress 4969/8281 status=ok steps=33 confidence=0.999987 elapsed=0.084s
2026-07-25 17:06:26,261 INFO Progress 4970/8281 status=ok steps=50 confidence=0.999995 elapsed=0.122s
2026-07-25 17:06:26,375 INFO Progress 4971/8281 status=ok steps=45 confidence=0.999992 elapsed=0.113s
2026-07-25 17:06:26,505 INFO Progress 4972/8281 status=ok steps=53 confidence=0.999951 elapsed=0.130s
2026-07-25 17:06:26,640 INFO Progress 4973/8281 status=ok steps=53 confidence=0.999698 elapsed=0.135s
2026-07-25 17:06:26,754 INFO Progress 4974/8281 status=ok steps=45 confidence=0.999983 elapsed=0.114s
2026-07-25 17:06:26,997 INFO Progress 4975/8281 status=ok steps=21 confidence=0.999937 elapsed=0.059s
2026-07-25 17:06:27,090 INFO Progress 4976/8281 status=ok steps=35 confidence=0.999948 elapsed=0.093s
2026-07-25 17:06:27,153 INFO Progress 4977/8281 status=ok steps=23 confidence=0.999703 elapsed=0.062s
2026-07-25 17:06:27,248 INFO Progress 4978/8281 status=ok steps=37 confidence=0.999813 elapsed=0.095s
2026-07-25 17:06:27,342 INFO Progress 4979/8281 status=ok steps=37 confidence=0.999990 elapsed=0.094s
2026-07-25 17:06:27,479 INFO Progress 4980/8281 status=ok steps=54 confidence=0.999169 elapsed=0.137s
2026-07-25 17:06:27,571 INFO Progress 4981/8281 status=ok steps=35 confidence=0.999891 elapsed=0.092s
2026-07-25 17:06:27,646 INFO Progress 4982/8281 status=ok steps=29 confidence=0.992866 elapsed=0.075s
2026-07-25 17:06:27,741 INFO Progress 4983/8281 status=ok steps=37 confidence=0.999946 elapsed=0.095s
2026-07-25 17:06:27,846 INFO Progress 4984/8281 status=ok steps=41 confidence=0.999956 elapsed=0.104s
2026-07-25 17:06:28,037 INFO Progress 4985/8281 status=ok steps=77 confidence=0.999971 elapsed=0.191s
2026-07-25 17:06:28,143 INFO Progress 4986/8281 status=ok steps=40 confidence=0.999952 elapsed=0.106s
2026-07-25 17:06:28,221 INFO Progress 4987/8281 status=ok steps=30 confidence=0.999943 elapsed=0.078s
2026-07-25 17:06:28,266 INFO Progress 4988/8281 status=ok steps=15 confidence=0.999746 elapsed=0.045s
2026-07-25 17:06:28,369 INFO Progress 4989/8281 status=ok steps=40 confidence=0.999952 elapsed=0.102s
2026-07-25 17:06:28,456 INFO Progress 4990/8281 status=ok steps=33 confidence=0.999545 elapsed=0.087s
2026-07-25 17:06:28,562 INFO Progress 4991/8281 status=ok steps=40 confidence=0.999875 elapsed=0.106s
2026-07-25 17:06:28,685 INFO Progress 4992/8281 status=ok steps=50 confidence=0.998223 elapsed=0.123s
2026-07-25 17:06:28,845 INFO Progress 4993/8281 status=ok steps=65 confidence=0.999913 elapsed=0.160s
2026-07-25 17:06:28,936 INFO Progress 4994/8281 status=ok steps=35 confidence=0.999897 elapsed=0.091s
2026-07-25 17:06:28,994 INFO Progress 4995/8281 status=ok steps=20 confidence=0.999705 elapsed=0.057s
2026-07-25 17:06:29,112 INFO Progress 4996/8281 status=ok steps=47 confidence=0.999988 elapsed=0.118s
2026-07-25 17:06:29,318 INFO Progress 4997/8281 status=ok steps=82 confidence=0.999944 elapsed=0.206s
2026-07-25 17:06:29,441 INFO Progress 4998/8281 status=ok steps=50 confidence=0.996941 elapsed=0.123s
2026-07-25 17:06:29,530 INFO Progress 4999/8281 status=ok steps=35 confidence=0.999889 elapsed=0.089s
2026-07-25 17:06:30,001 INFO Progress 5000/8281 status=ok steps=33 confidence=0.999978 elapsed=0.087s
2026-07-25 17:06:30,127 INFO Progress 5001/8281 status=ok steps=47 confidence=0.999991 elapsed=0.126s
2026-07-25 17:06:30,263 INFO Progress 5002/8281 status=ok steps=55 confidence=0.999916 elapsed=0.136s
2026-07-25 17:06:30,348 INFO Progress 5003/8281 status=ok steps=33 confidence=0.999993 elapsed=0.084s
2026-07-25 17:06:30,464 INFO Progress 5004/8281 status=ok steps=47 confidence=0.999956 elapsed=0.116s
2026-07-25 17:06:30,554 INFO Progress 5005/8281 status=ok steps=35 confidence=0.999967 elapsed=0.090s
2026-07-25 17:06:30,742 INFO Progress 5006/8281 status=ok steps=77 confidence=0.999652 elapsed=0.188s
2026-07-25 17:06:30,846 INFO Progress 5007/8281 status=ok steps=40 confidence=0.999442 elapsed=0.104s
2026-07-25 17:06:30,913 INFO Progress 5008/8281 status=ok steps=25 confidence=0.999970 elapsed=0.067s
2026-07-25 17:06:31,071 INFO Progress 5009/8281 status=ok steps=59 confidence=0.999987 elapsed=0.158s
2026-07-25 17:06:31,128 INFO Progress 5010/8281 status=ok steps=20 confidence=0.999739 elapsed=0.057s
2026-07-25 17:06:31,312 INFO Progress 5011/8281 status=ok steps=75 confidence=0.999997 elapsed=0.184s
2026-07-25 17:06:31,443 INFO Progress 5012/8281 status=ok steps=53 confidence=0.999988 elapsed=0.131s
2026-07-25 17:06:31,575 INFO Progress 5013/8281 status=ok steps=53 confidence=0.999991 elapsed=0.132s
2026-07-25 17:06:31,643 INFO Progress 5014/8281 status=ok steps=25 confidence=0.999935 elapsed=0.067s
2026-07-25 17:06:31,816 INFO Progress 5015/8281 status=ok steps=71 confidence=0.999800 elapsed=0.173s
2026-07-25 17:06:31,894 INFO Progress 5016/8281 status=ok steps=29 confidence=0.999899 elapsed=0.079s
2026-07-25 17:06:31,944 INFO Progress 5017/8281 status=ok steps=17 confidence=0.999902 elapsed=0.050s
2026-07-25 17:06:32,057 INFO Progress 5018/8281 status=ok steps=45 confidence=0.999972 elapsed=0.113s
2026-07-25 17:06:32,161 INFO Progress 5019/8281 status=ok steps=41 confidence=0.999927 elapsed=0.104s
2026-07-25 17:06:32,294 INFO Progress 5020/8281 status=ok steps=53 confidence=0.999977 elapsed=0.133s
2026-07-25 17:06:32,373 INFO Progress 5021/8281 status=ok steps=30 confidence=0.999963 elapsed=0.080s
2026-07-25 17:06:32,535 INFO Progress 5022/8281 status=ok steps=65 confidence=0.999507 elapsed=0.161s
2026-07-25 17:06:32,611 INFO Progress 5023/8281 status=ok steps=29 confidence=0.999942 elapsed=0.076s
2026-07-25 17:06:32,701 INFO Progress 5024/8281 status=ok steps=35 confidence=0.999963 elapsed=0.090s
2026-07-25 17:06:33,006 INFO Progress 5025/8281 status=ok steps=41 confidence=0.999874 elapsed=0.103s
2026-07-25 17:06:33,136 INFO Progress 5026/8281 status=ok steps=50 confidence=0.999809 elapsed=0.130s
2026-07-25 17:06:33,250 INFO Progress 5027/8281 status=ok steps=45 confidence=0.999884 elapsed=0.114s
2026-07-25 17:06:33,319 INFO Progress 5028/8281 status=ok steps=25 confidence=0.999703 elapsed=0.069s
2026-07-25 17:06:33,453 INFO Progress 5029/8281 status=ok steps=53 confidence=0.999931 elapsed=0.134s
2026-07-25 17:06:33,558 INFO Progress 5030/8281 status=ok steps=40 confidence=0.999764 elapsed=0.105s
2026-07-25 17:06:33,637 INFO Progress 5031/8281 status=ok steps=30 confidence=0.999752 elapsed=0.079s
2026-07-25 17:06:33,686 INFO Progress 5032/8281 status=ok steps=17 confidence=0.999884 elapsed=0.049s
2026-07-25 17:06:33,798 INFO Progress 5033/8281 status=ok steps=45 confidence=0.999789 elapsed=0.112s
2026-07-25 17:06:33,921 INFO Progress 5034/8281 status=ok steps=50 confidence=0.999994 elapsed=0.123s
2026-07-25 17:06:34,040 INFO Progress 5035/8281 status=ok steps=47 confidence=0.999940 elapsed=0.118s
2026-07-25 17:06:34,127 INFO Progress 5036/8281 status=ok steps=33 confidence=0.999964 elapsed=0.087s
2026-07-25 17:06:34,217 INFO Progress 5037/8281 status=ok steps=35 confidence=0.999872 elapsed=0.090s
2026-07-25 17:06:34,407 INFO Progress 5038/8281 status=ok steps=77 confidence=0.999922 elapsed=0.190s
2026-07-25 17:06:34,542 INFO Progress 5039/8281 status=ok steps=54 confidence=0.999550 elapsed=0.135s
2026-07-25 17:06:34,681 INFO Progress 5040/8281 status=ok steps=57 confidence=0.999965 elapsed=0.138s
2026-07-25 17:06:34,775 INFO Progress 5041/8281 status=ok steps=37 confidence=0.999909 elapsed=0.094s
2026-07-25 17:06:34,851 INFO Progress 5042/8281 status=ok steps=29 confidence=0.999950 elapsed=0.076s
2026-07-25 17:06:34,962 INFO Progress 5043/8281 status=ok steps=45 confidence=0.999916 elapsed=0.111s
2026-07-25 17:06:35,087 INFO Progress 5044/8281 status=ok steps=50 confidence=0.999903 elapsed=0.125s
2026-07-25 17:06:35,189 INFO Progress 5045/8281 status=ok steps=41 confidence=0.999926 elapsed=0.102s
2026-07-25 17:06:35,377 INFO Progress 5046/8281 status=ok steps=77 confidence=0.999930 elapsed=0.187s
2026-07-25 17:06:35,468 INFO Progress 5047/8281 status=ok steps=35 confidence=0.999991 elapsed=0.091s
2026-07-25 17:06:35,544 INFO Progress 5048/8281 status=ok steps=29 confidence=0.999907 elapsed=0.076s
2026-07-25 17:06:35,640 INFO Progress 5049/8281 status=ok steps=37 confidence=0.999909 elapsed=0.096s
2026-07-25 17:06:35,909 INFO Progress 5050/8281 status=ok steps=33 confidence=0.999817 elapsed=0.084s
2026-07-25 17:06:35,987 INFO Progress 5051/8281 status=ok steps=29 confidence=0.997171 elapsed=0.078s
2026-07-25 17:06:36,091 INFO Progress 5052/8281 status=ok steps=41 confidence=0.999915 elapsed=0.103s
2026-07-25 17:06:36,260 INFO Progress 5053/8281 status=ok steps=68 confidence=0.999877 elapsed=0.169s
2026-07-25 17:06:36,344 INFO Progress 5054/8281 status=ok steps=33 confidence=0.999983 elapsed=0.084s
2026-07-25 17:06:36,447 INFO Progress 5055/8281 status=ok steps=41 confidence=0.999803 elapsed=0.103s
2026-07-25 17:06:36,524 INFO Progress 5056/8281 status=ok steps=29 confidence=0.999828 elapsed=0.076s
2026-07-25 17:06:36,691 INFO Progress 5057/8281 status=ok steps=69 confidence=0.999872 elapsed=0.168s
2026-07-25 17:06:36,858 INFO Progress 5058/8281 status=ok steps=69 confidence=0.999997 elapsed=0.167s
2026-07-25 17:06:36,953 INFO Progress 5059/8281 status=ok steps=37 confidence=0.999985 elapsed=0.094s
2026-07-25 17:06:37,068 INFO Progress 5060/8281 status=ok steps=47 confidence=0.999997 elapsed=0.115s
2026-07-25 17:06:37,172 INFO Progress 5061/8281 status=ok steps=40 confidence=0.999508 elapsed=0.104s
2026-07-25 17:06:37,324 INFO Progress 5062/8281 status=ok steps=61 confidence=0.999865 elapsed=0.152s
2026-07-25 17:06:37,402 INFO Progress 5063/8281 status=ok steps=30 confidence=0.997695 elapsed=0.078s
2026-07-25 17:06:37,478 INFO Progress 5064/8281 status=ok steps=29 confidence=0.999849 elapsed=0.076s
2026-07-25 17:06:37,753 INFO Progress 5065/8281 status=ok steps=113 confidence=0.999966 elapsed=0.275s
2026-07-25 17:06:37,847 INFO Progress 5066/8281 status=ok steps=37 confidence=0.999945 elapsed=0.094s
2026-07-25 17:06:38,056 INFO Progress 5067/8281 status=ok steps=86 confidence=0.999938 elapsed=0.209s
2026-07-25 17:06:38,137 INFO Progress 5068/8281 status=ok steps=30 confidence=0.999977 elapsed=0.081s
2026-07-25 17:06:38,186 INFO Progress 5069/8281 status=ok steps=17 confidence=0.999753 elapsed=0.049s
2026-07-25 17:06:38,265 INFO Progress 5070/8281 status=ok steps=30 confidence=0.999752 elapsed=0.078s
2026-07-25 17:06:38,346 INFO Progress 5071/8281 status=ok steps=29 confidence=0.999822 elapsed=0.082s
2026-07-25 17:06:38,441 INFO Progress 5072/8281 status=ok steps=37 confidence=0.999997 elapsed=0.095s
2026-07-25 17:06:38,520 INFO Progress 5073/8281 status=ok steps=30 confidence=0.999935 elapsed=0.079s
2026-07-25 17:06:38,609 INFO Progress 5074/8281 status=ok steps=35 confidence=0.999768 elapsed=0.089s
2026-07-25 17:06:38,924 INFO Progress 5075/8281 status=ok steps=37 confidence=0.999984 elapsed=0.094s
2026-07-25 17:06:39,044 INFO Progress 5076/8281 status=ok steps=45 confidence=0.999543 elapsed=0.119s
2026-07-25 17:06:39,150 INFO Progress 5077/8281 status=ok steps=40 confidence=0.999853 elapsed=0.106s
2026-07-25 17:06:39,229 INFO Progress 5078/8281 status=ok steps=30 confidence=0.999978 elapsed=0.078s
2026-07-25 17:06:39,310 INFO Progress 5079/8281 status=ok steps=29 confidence=0.999745 elapsed=0.082s
2026-07-25 17:06:39,495 INFO Progress 5080/8281 status=ok steps=75 confidence=0.999997 elapsed=0.185s
2026-07-25 17:06:39,562 INFO Progress 5081/8281 status=ok steps=25 confidence=0.999866 elapsed=0.067s
2026-07-25 17:06:39,697 INFO Progress 5082/8281 status=ok steps=55 confidence=0.999958 elapsed=0.134s
2026-07-25 17:06:39,774 INFO Progress 5083/8281 status=ok steps=29 confidence=0.999982 elapsed=0.077s
2026-07-25 17:06:39,865 INFO Progress 5084/8281 status=ok steps=35 confidence=0.999938 elapsed=0.091s
2026-07-25 17:06:39,950 INFO Progress 5085/8281 status=ok steps=33 confidence=0.998996 elapsed=0.085s
2026-07-25 17:06:40,018 INFO Progress 5086/8281 status=ok steps=25 confidence=0.999885 elapsed=0.068s
2026-07-25 17:06:40,178 INFO Progress 5087/8281 status=ok steps=65 confidence=0.999991 elapsed=0.160s
2026-07-25 17:06:40,246 INFO Progress 5088/8281 status=ok steps=25 confidence=0.999813 elapsed=0.068s
2026-07-25 17:06:40,386 INFO Progress 5089/8281 status=ok steps=57 confidence=0.999952 elapsed=0.140s
2026-07-25 17:06:40,480 INFO Progress 5090/8281 status=ok steps=37 confidence=0.999984 elapsed=0.094s
2026-07-25 17:06:40,566 INFO Progress 5091/8281 status=ok steps=33 confidence=0.999917 elapsed=0.086s
2026-07-25 17:06:40,656 INFO Progress 5092/8281 status=ok steps=35 confidence=0.999792 elapsed=0.090s
2026-07-25 17:06:40,723 INFO Progress 5093/8281 status=ok steps=25 confidence=0.999981 elapsed=0.067s
2026-07-25 17:06:40,859 INFO Progress 5094/8281 status=ok steps=55 confidence=0.999989 elapsed=0.136s
2026-07-25 17:06:41,032 INFO Progress 5095/8281 status=ok steps=71 confidence=0.999993 elapsed=0.173s
2026-07-25 17:06:41,134 INFO Progress 5096/8281 status=ok steps=40 confidence=0.999996 elapsed=0.102s
2026-07-25 17:06:41,190 INFO Progress 5097/8281 status=ok steps=20 confidence=0.999984 elapsed=0.056s
2026-07-25 17:06:41,378 INFO Progress 5098/8281 status=ok steps=77 confidence=0.999579 elapsed=0.187s
2026-07-25 17:06:41,455 INFO Progress 5099/8281 status=ok steps=29 confidence=0.999888 elapsed=0.077s
2026-07-25 17:06:41,778 INFO Progress 5100/8281 status=ok steps=41 confidence=0.999976 elapsed=0.109s
2026-07-25 17:06:41,876 INFO Progress 5101/8281 status=ok steps=37 confidence=0.999992 elapsed=0.098s
2026-07-25 17:06:41,962 INFO Progress 5102/8281 status=ok steps=33 confidence=0.999795 elapsed=0.085s
2026-07-25 17:06:42,119 INFO Progress 5103/8281 status=ok steps=65 confidence=0.999991 elapsed=0.157s
2026-07-25 17:06:42,252 INFO Progress 5104/8281 status=ok steps=54 confidence=0.999984 elapsed=0.133s
2026-07-25 17:06:42,345 INFO Progress 5105/8281 status=ok steps=35 confidence=0.998977 elapsed=0.092s
2026-07-25 17:06:42,545 INFO Progress 5106/8281 status=ok steps=77 confidence=0.999680 elapsed=0.201s
2026-07-25 17:06:42,610 INFO Progress 5107/8281 status=ok steps=23 confidence=0.999806 elapsed=0.064s
2026-07-25 17:06:42,764 INFO Progress 5108/8281 status=ok steps=61 confidence=0.999988 elapsed=0.154s
2026-07-25 17:06:42,866 INFO Progress 5109/8281 status=ok steps=40 confidence=0.999953 elapsed=0.101s
2026-07-25 17:06:43,029 INFO Progress 5110/8281 status=ok steps=65 confidence=0.989052 elapsed=0.163s
2026-07-25 17:06:43,120 INFO Progress 5111/8281 status=ok steps=35 confidence=0.999906 elapsed=0.091s
2026-07-25 17:06:43,225 INFO Progress 5112/8281 status=ok steps=41 confidence=0.999945 elapsed=0.105s
2026-07-25 17:06:43,309 INFO Progress 5113/8281 status=ok steps=32 confidence=0.999791 elapsed=0.083s
2026-07-25 17:06:43,371 INFO Progress 5114/8281 status=ok steps=23 confidence=0.999831 elapsed=0.062s
2026-07-25 17:06:43,489 INFO Progress 5115/8281 status=ok steps=47 confidence=0.999923 elapsed=0.118s
2026-07-25 17:06:43,612 INFO Progress 5116/8281 status=ok steps=47 confidence=0.999571 elapsed=0.123s
2026-07-25 17:06:43,726 INFO Progress 5117/8281 status=ok steps=45 confidence=0.999694 elapsed=0.114s
2026-07-25 17:06:43,816 INFO Progress 5118/8281 status=ok steps=35 confidence=0.999969 elapsed=0.089s
2026-07-25 17:06:43,906 INFO Progress 5119/8281 status=ok steps=35 confidence=0.999923 elapsed=0.090s
2026-07-25 17:06:43,983 INFO Progress 5120/8281 status=ok steps=29 confidence=0.999240 elapsed=0.076s
2026-07-25 17:06:44,066 INFO Progress 5121/8281 status=ok steps=29 confidence=0.999571 elapsed=0.083s
2026-07-25 17:06:44,158 INFO Progress 5122/8281 status=ok steps=35 confidence=0.999897 elapsed=0.092s
2026-07-25 17:06:44,243 INFO Progress 5123/8281 status=ok steps=33 confidence=0.998507 elapsed=0.085s
2026-07-25 17:06:44,302 INFO Progress 5124/8281 status=ok steps=20 confidence=0.999860 elapsed=0.059s
2026-07-25 17:06:44,608 INFO Progress 5125/8281 status=ok steps=19 confidence=0.998360 elapsed=0.055s
2026-07-25 17:06:44,782 INFO Progress 5126/8281 status=ok steps=68 confidence=0.999997 elapsed=0.174s
2026-07-25 17:06:44,868 INFO Progress 5127/8281 status=ok steps=33 confidence=0.999990 elapsed=0.086s
2026-07-25 17:06:44,947 INFO Progress 5128/8281 status=ok steps=30 confidence=0.999983 elapsed=0.078s
2026-07-25 17:06:45,032 INFO Progress 5129/8281 status=ok steps=33 confidence=0.999992 elapsed=0.085s
2026-07-25 17:06:45,136 INFO Progress 5130/8281 status=ok steps=41 confidence=0.999866 elapsed=0.104s
2026-07-25 17:06:45,253 INFO Progress 5131/8281 status=ok steps=47 confidence=0.999960 elapsed=0.117s
2026-07-25 17:06:45,357 INFO Progress 5132/8281 status=ok steps=41 confidence=0.999950 elapsed=0.104s
2026-07-25 17:06:45,461 INFO Progress 5133/8281 status=ok steps=41 confidence=0.999861 elapsed=0.104s
2026-07-25 17:06:45,554 INFO Progress 5134/8281 status=ok steps=37 confidence=0.999979 elapsed=0.093s
2026-07-25 17:06:45,638 INFO Progress 5135/8281 status=ok steps=33 confidence=0.999838 elapsed=0.084s
2026-07-25 17:06:45,717 INFO Progress 5136/8281 status=ok steps=30 confidence=0.999966 elapsed=0.079s
2026-07-25 17:06:45,794 INFO Progress 5137/8281 status=ok steps=29 confidence=0.999908 elapsed=0.077s
2026-07-25 17:06:45,905 INFO Progress 5138/8281 status=ok steps=45 confidence=0.999789 elapsed=0.111s
2026-07-25 17:06:45,997 INFO Progress 5139/8281 status=ok steps=35 confidence=0.999791 elapsed=0.092s
2026-07-25 17:06:46,056 INFO Progress 5140/8281 status=ok steps=21 confidence=0.999931 elapsed=0.059s
2026-07-25 17:06:46,293 INFO Progress 5141/8281 status=ok steps=96 confidence=0.994542 elapsed=0.237s
2026-07-25 17:06:46,397 INFO Progress 5142/8281 status=ok steps=41 confidence=0.999995 elapsed=0.104s
2026-07-25 17:06:46,557 INFO Progress 5143/8281 status=ok steps=65 confidence=0.999996 elapsed=0.160s
2026-07-25 17:06:46,702 INFO Progress 5144/8281 status=ok steps=59 confidence=0.999959 elapsed=0.145s
2026-07-25 17:06:46,916 INFO Progress 5145/8281 status=ok steps=86 confidence=0.999938 elapsed=0.213s
2026-07-25 17:06:47,124 INFO Progress 5146/8281 status=ok steps=85 confidence=0.999994 elapsed=0.209s
2026-07-25 17:06:47,225 INFO Progress 5147/8281 status=ok steps=40 confidence=0.999953 elapsed=0.100s
2026-07-25 17:06:47,319 INFO Progress 5148/8281 status=ok steps=37 confidence=0.999945 elapsed=0.095s
2026-07-25 17:06:47,395 INFO Progress 5149/8281 status=ok steps=29 confidence=0.999840 elapsed=0.076s
2026-07-25 17:06:47,709 INFO Progress 5150/8281 status=ok steps=41 confidence=0.999989 elapsed=0.104s
2026-07-25 17:06:47,771 INFO Progress 5151/8281 status=ok steps=21 confidence=0.999441 elapsed=0.061s
2026-07-25 17:06:47,856 INFO Progress 5152/8281 status=ok steps=33 confidence=0.999990 elapsed=0.085s
2026-07-25 17:06:47,944 INFO Progress 5153/8281 status=ok steps=33 confidence=0.999993 elapsed=0.088s
2026-07-25 17:06:48,050 INFO Progress 5154/8281 status=ok steps=40 confidence=0.999807 elapsed=0.105s
2026-07-25 17:06:48,096 INFO Progress 5155/8281 status=ok steps=15 confidence=0.999800 elapsed=0.046s
2026-07-25 17:06:48,234 INFO Progress 5156/8281 status=ok steps=55 confidence=0.999977 elapsed=0.138s
2026-07-25 17:06:48,313 INFO Progress 5157/8281 status=ok steps=29 confidence=0.999567 elapsed=0.079s
2026-07-25 17:06:48,427 INFO Progress 5158/8281 status=ok steps=45 confidence=0.999970 elapsed=0.114s
2026-07-25 17:06:48,531 INFO Progress 5159/8281 status=ok steps=41 confidence=0.999945 elapsed=0.103s
2026-07-25 17:06:48,610 INFO Progress 5160/8281 status=ok steps=30 confidence=0.999948 elapsed=0.079s
2026-07-25 17:06:48,660 INFO Progress 5161/8281 status=ok steps=17 confidence=0.999298 elapsed=0.049s
2026-07-25 17:06:48,778 INFO Progress 5162/8281 status=ok steps=47 confidence=0.999564 elapsed=0.119s
2026-07-25 17:06:48,857 INFO Progress 5163/8281 status=ok steps=30 confidence=0.999752 elapsed=0.079s
2026-07-25 17:06:48,925 INFO Progress 5164/8281 status=ok steps=25 confidence=0.999797 elapsed=0.067s
2026-07-25 17:06:49,018 INFO Progress 5165/8281 status=ok steps=37 confidence=0.999879 elapsed=0.093s
2026-07-25 17:06:49,094 INFO Progress 5166/8281 status=ok steps=29 confidence=0.999974 elapsed=0.075s
2026-07-25 17:06:49,184 INFO Progress 5167/8281 status=ok steps=35 confidence=0.999961 elapsed=0.090s
2026-07-25 17:06:49,280 INFO Progress 5168/8281 status=ok steps=37 confidence=0.999972 elapsed=0.096s
2026-07-25 17:06:49,371 INFO Progress 5169/8281 status=ok steps=35 confidence=0.999872 elapsed=0.091s
2026-07-25 17:06:49,464 INFO Progress 5170/8281 status=ok steps=35 confidence=0.999910 elapsed=0.093s
2026-07-25 17:06:49,543 INFO Progress 5171/8281 status=ok steps=30 confidence=0.999930 elapsed=0.079s
2026-07-25 17:06:49,629 INFO Progress 5172/8281 status=ok steps=33 confidence=0.999781 elapsed=0.087s
2026-07-25 17:06:49,722 INFO Progress 5173/8281 status=ok steps=35 confidence=0.999994 elapsed=0.092s
2026-07-25 17:06:49,806 INFO Progress 5174/8281 status=ok steps=33 confidence=0.999598 elapsed=0.085s
2026-07-25 17:06:50,380 INFO Progress 5175/8281 status=ok steps=61 confidence=0.999937 elapsed=0.150s
2026-07-25 17:06:50,485 INFO Progress 5176/8281 status=ok steps=40 confidence=0.999823 elapsed=0.105s
2026-07-25 17:06:50,609 INFO Progress 5177/8281 status=ok steps=50 confidence=0.998223 elapsed=0.124s
2026-07-25 17:06:50,679 INFO Progress 5178/8281 status=ok steps=25 confidence=0.999863 elapsed=0.069s
2026-07-25 17:06:50,779 INFO Progress 5179/8281 status=ok steps=37 confidence=0.999990 elapsed=0.100s
2026-07-25 17:06:50,927 INFO Progress 5180/8281 status=ok steps=59 confidence=0.999985 elapsed=0.148s
2026-07-25 17:06:51,033 INFO Progress 5181/8281 status=ok steps=41 confidence=0.999944 elapsed=0.106s
2026-07-25 17:06:51,138 INFO Progress 5182/8281 status=ok steps=40 confidence=0.999854 elapsed=0.105s
2026-07-25 17:06:51,228 INFO Progress 5183/8281 status=ok steps=35 confidence=0.999605 elapsed=0.090s
2026-07-25 17:06:51,305 INFO Progress 5184/8281 status=ok steps=29 confidence=0.999927 elapsed=0.076s
2026-07-25 17:06:51,417 INFO Progress 5185/8281 status=ok steps=41 confidence=0.999611 elapsed=0.112s
2026-07-25 17:06:51,533 INFO Progress 5186/8281 status=ok steps=47 confidence=0.999995 elapsed=0.116s
2026-07-25 17:06:51,623 INFO Progress 5187/8281 status=ok steps=35 confidence=0.999759 elapsed=0.090s
2026-07-25 17:06:51,731 INFO Progress 5188/8281 status=ok steps=40 confidence=0.999319 elapsed=0.108s
2026-07-25 17:06:51,866 INFO Progress 5189/8281 status=ok steps=53 confidence=0.999736 elapsed=0.135s
2026-07-25 17:06:51,957 INFO Progress 5190/8281 status=ok steps=35 confidence=0.999968 elapsed=0.091s
2026-07-25 17:06:52,048 INFO Progress 5191/8281 status=ok steps=35 confidence=0.999990 elapsed=0.091s
2026-07-25 17:06:52,174 INFO Progress 5192/8281 status=ok steps=50 confidence=0.999507 elapsed=0.125s
2026-07-25 17:06:52,263 INFO Progress 5193/8281 status=ok steps=35 confidence=0.999923 elapsed=0.089s
2026-07-25 17:06:52,356 INFO Progress 5194/8281 status=ok steps=35 confidence=0.999994 elapsed=0.092s
2026-07-25 17:06:52,434 INFO Progress 5195/8281 status=ok steps=29 confidence=0.999640 elapsed=0.078s
2026-07-25 17:06:52,562 INFO Progress 5196/8281 status=ok steps=50 confidence=0.999986 elapsed=0.128s
2026-07-25 17:06:52,681 INFO Progress 5197/8281 status=ok steps=45 confidence=0.999975 elapsed=0.119s
2026-07-25 17:06:52,804 INFO Progress 5198/8281 status=ok steps=47 confidence=0.999869 elapsed=0.122s
2026-07-25 17:06:52,871 INFO Progress 5199/8281 status=ok steps=25 confidence=0.999817 elapsed=0.067s
2026-07-25 17:06:53,150 INFO Progress 5200/8281 status=ok steps=40 confidence=0.999619 elapsed=0.106s
2026-07-25 17:06:53,338 INFO Progress 5201/8281 status=ok steps=77 confidence=0.999992 elapsed=0.188s
2026-07-25 17:06:53,425 INFO Progress 5202/8281 status=ok steps=33 confidence=0.999934 elapsed=0.087s
2026-07-25 17:06:53,528 INFO Progress 5203/8281 status=ok steps=41 confidence=0.999866 elapsed=0.103s
2026-07-25 17:06:53,630 INFO Progress 5204/8281 status=ok steps=41 confidence=0.999929 elapsed=0.102s
2026-07-25 17:06:53,716 INFO Progress 5205/8281 status=ok steps=33 confidence=0.999965 elapsed=0.086s
2026-07-25 17:06:54,016 INFO Progress 5206/8281 status=ok steps=117 confidence=0.999973 elapsed=0.299s
2026-07-25 17:06:54,130 INFO Progress 5207/8281 status=ok steps=45 confidence=0.999967 elapsed=0.114s
2026-07-25 17:06:54,260 INFO Progress 5208/8281 status=ok steps=53 confidence=0.999983 elapsed=0.130s
2026-07-25 17:06:54,336 INFO Progress 5209/8281 status=ok steps=29 confidence=0.999796 elapsed=0.076s
2026-07-25 17:06:54,442 INFO Progress 5210/8281 status=ok steps=41 confidence=0.999946 elapsed=0.105s
2026-07-25 17:06:54,648 INFO Progress 5211/8281 status=ok steps=85 confidence=0.999963 elapsed=0.207s
2026-07-25 17:06:54,793 INFO Progress 5212/8281 status=ok steps=59 confidence=0.999946 elapsed=0.145s
2026-07-25 17:06:54,884 INFO Progress 5213/8281 status=ok steps=35 confidence=0.999965 elapsed=0.090s
2026-07-25 17:06:55,017 INFO Progress 5214/8281 status=ok steps=53 confidence=0.999993 elapsed=0.134s
2026-07-25 17:06:55,080 INFO Progress 5215/8281 status=ok steps=23 confidence=0.999738 elapsed=0.063s
2026-07-25 17:06:55,170 INFO Progress 5216/8281 status=ok steps=35 confidence=0.999925 elapsed=0.090s
2026-07-25 17:06:55,246 INFO Progress 5217/8281 status=ok steps=29 confidence=0.999966 elapsed=0.076s
2026-07-25 17:06:55,350 INFO Progress 5218/8281 status=ok steps=41 confidence=0.999905 elapsed=0.104s
2026-07-25 17:06:55,442 INFO Progress 5219/8281 status=ok steps=35 confidence=0.999874 elapsed=0.091s
2026-07-25 17:06:55,545 INFO Progress 5220/8281 status=ok steps=41 confidence=0.999905 elapsed=0.103s
2026-07-25 17:06:55,710 INFO Progress 5221/8281 status=ok steps=65 confidence=0.999963 elapsed=0.165s
2026-07-25 17:06:55,803 INFO Progress 5222/8281 status=ok steps=37 confidence=0.999960 elapsed=0.094s
2026-07-25 17:06:55,866 INFO Progress 5223/8281 status=ok steps=23 confidence=0.999798 elapsed=0.062s
2026-07-25 17:06:55,961 INFO Progress 5224/8281 status=ok steps=37 confidence=0.999948 elapsed=0.095s
2026-07-25 17:06:56,250 INFO Progress 5225/8281 status=ok steps=41 confidence=0.999991 elapsed=0.104s
2026-07-25 17:06:56,405 INFO Progress 5226/8281 status=ok steps=61 confidence=0.999991 elapsed=0.155s
2026-07-25 17:06:56,495 INFO Progress 5227/8281 status=ok steps=35 confidence=0.999969 elapsed=0.090s
2026-07-25 17:06:56,587 INFO Progress 5228/8281 status=ok steps=35 confidence=0.999678 elapsed=0.092s
2026-07-25 17:06:56,700 INFO Progress 5229/8281 status=ok steps=45 confidence=0.999981 elapsed=0.113s
2026-07-25 17:06:56,790 INFO Progress 5230/8281 status=ok steps=35 confidence=0.999947 elapsed=0.089s
2026-07-25 17:06:56,847 INFO Progress 5231/8281 status=ok steps=20 confidence=0.999706 elapsed=0.057s
2026-07-25 17:06:56,950 INFO Progress 5232/8281 status=ok steps=40 confidence=0.999996 elapsed=0.103s
2026-07-25 17:06:57,042 INFO Progress 5233/8281 status=ok steps=35 confidence=0.999985 elapsed=0.092s
2026-07-25 17:06:57,136 INFO Progress 5234/8281 status=ok steps=37 confidence=0.999876 elapsed=0.094s
2026-07-25 17:06:57,221 INFO Progress 5235/8281 status=ok steps=29 confidence=0.999823 elapsed=0.085s
2026-07-25 17:06:57,311 INFO Progress 5236/8281 status=ok steps=33 confidence=0.999826 elapsed=0.090s
2026-07-25 17:06:57,396 INFO Progress 5237/8281 status=ok steps=33 confidence=0.999902 elapsed=0.085s
2026-07-25 17:06:57,477 INFO Progress 5238/8281 status=ok steps=30 confidence=0.991014 elapsed=0.081s
2026-07-25 17:06:57,555 INFO Progress 5239/8281 status=ok steps=29 confidence=0.999784 elapsed=0.078s
2026-07-25 17:06:57,629 INFO Progress 5240/8281 status=ok steps=29 confidence=0.999971 elapsed=0.075s
2026-07-25 17:06:57,787 INFO Progress 5241/8281 status=ok steps=65 confidence=0.999986 elapsed=0.158s
2026-07-25 17:06:57,864 INFO Progress 5242/8281 status=ok steps=29 confidence=0.999821 elapsed=0.076s
2026-07-25 17:06:57,959 INFO Progress 5243/8281 status=ok steps=37 confidence=0.999969 elapsed=0.095s
2026-07-25 17:06:58,023 INFO Progress 5244/8281 status=ok steps=23 confidence=0.999713 elapsed=0.064s
2026-07-25 17:06:58,118 INFO Progress 5245/8281 status=ok steps=37 confidence=0.999995 elapsed=0.095s
2026-07-25 17:06:58,289 INFO Progress 5246/8281 status=ok steps=69 confidence=0.999908 elapsed=0.172s
2026-07-25 17:06:58,403 INFO Progress 5247/8281 status=ok steps=45 confidence=0.999895 elapsed=0.114s
2026-07-25 17:06:58,471 INFO Progress 5248/8281 status=ok steps=25 confidence=0.999950 elapsed=0.067s
2026-07-25 17:06:58,534 INFO Progress 5249/8281 status=ok steps=23 confidence=0.999720 elapsed=0.064s
2026-07-25 17:06:58,798 INFO Progress 5250/8281 status=ok steps=21 confidence=0.999699 elapsed=0.059s
2026-07-25 17:06:58,850 INFO Progress 5251/8281 status=ok steps=17 confidence=0.999933 elapsed=0.052s
2026-07-25 17:06:58,964 INFO Progress 5252/8281 status=ok steps=45 confidence=0.999969 elapsed=0.114s
2026-07-25 17:06:59,056 INFO Progress 5253/8281 status=ok steps=35 confidence=0.999982 elapsed=0.091s
2026-07-25 17:06:59,133 INFO Progress 5254/8281 status=ok steps=29 confidence=0.997850 elapsed=0.078s
2026-07-25 17:06:59,229 INFO Progress 5255/8281 status=ok steps=37 confidence=0.999971 elapsed=0.096s
2026-07-25 17:06:59,333 INFO Progress 5256/8281 status=ok steps=41 confidence=0.999995 elapsed=0.104s
2026-07-25 17:06:59,478 INFO Progress 5257/8281 status=ok steps=59 confidence=0.999950 elapsed=0.145s
2026-07-25 17:06:59,540 INFO Progress 5258/8281 status=ok steps=23 confidence=0.999695 elapsed=0.062s
2026-07-25 17:06:59,633 INFO Progress 5259/8281 status=ok steps=35 confidence=0.999837 elapsed=0.092s
2026-07-25 17:06:59,751 INFO Progress 5260/8281 status=ok steps=45 confidence=0.999983 elapsed=0.118s
2026-07-25 17:06:59,892 INFO Progress 5261/8281 status=ok steps=57 confidence=0.999958 elapsed=0.141s
2026-07-25 17:07:00,055 INFO Progress 5262/8281 status=ok steps=65 confidence=0.999963 elapsed=0.162s
2026-07-25 17:07:00,171 INFO Progress 5263/8281 status=ok steps=45 confidence=0.998293 elapsed=0.116s
2026-07-25 17:07:00,301 INFO Progress 5264/8281 status=ok steps=53 confidence=0.999989 elapsed=0.131s
2026-07-25 17:07:00,380 INFO Progress 5265/8281 status=ok steps=29 confidence=0.999567 elapsed=0.078s
2026-07-25 17:07:00,523 INFO Progress 5266/8281 status=ok steps=59 confidence=0.999955 elapsed=0.143s
2026-07-25 17:07:00,657 INFO Progress 5267/8281 status=ok steps=55 confidence=0.999783 elapsed=0.134s
2026-07-25 17:07:00,762 INFO Progress 5268/8281 status=ok steps=40 confidence=0.999879 elapsed=0.105s
2026-07-25 17:07:00,866 INFO Progress 5269/8281 status=ok steps=41 confidence=0.999874 elapsed=0.103s
2026-07-25 17:07:00,992 INFO Progress 5270/8281 status=ok steps=50 confidence=0.999887 elapsed=0.127s
2026-07-25 17:07:01,070 INFO Progress 5271/8281 status=ok steps=29 confidence=0.999640 elapsed=0.078s
2026-07-25 17:07:01,214 INFO Progress 5272/8281 status=ok steps=59 confidence=0.999926 elapsed=0.144s
2026-07-25 17:07:01,304 INFO Progress 5273/8281 status=ok steps=35 confidence=0.999878 elapsed=0.089s
2026-07-25 17:07:01,427 INFO Progress 5274/8281 status=ok steps=50 confidence=0.999898 elapsed=0.123s
2026-07-25 17:07:01,723 INFO Progress 5275/8281 status=ok steps=35 confidence=0.999984 elapsed=0.093s
2026-07-25 17:07:01,830 INFO Progress 5276/8281 status=ok steps=41 confidence=0.999572 elapsed=0.106s
2026-07-25 17:07:01,919 INFO Progress 5277/8281 status=ok steps=35 confidence=0.999949 elapsed=0.090s
2026-07-25 17:07:01,998 INFO Progress 5278/8281 status=ok steps=29 confidence=0.999914 elapsed=0.078s
2026-07-25 17:07:02,146 INFO Progress 5279/8281 status=ok steps=59 confidence=0.999838 elapsed=0.148s
2026-07-25 17:07:02,294 INFO Progress 5280/8281 status=ok steps=59 confidence=0.999989 elapsed=0.147s
2026-07-25 17:07:02,530 INFO Progress 5281/8281 status=ok steps=95 confidence=0.999971 elapsed=0.236s
2026-07-25 17:07:02,616 INFO Progress 5282/8281 status=ok steps=33 confidence=0.994557 elapsed=0.086s
2026-07-25 17:07:02,719 INFO Progress 5283/8281 status=ok steps=41 confidence=0.999874 elapsed=0.103s
2026-07-25 17:07:02,823 INFO Progress 5284/8281 status=ok steps=41 confidence=0.999891 elapsed=0.104s
2026-07-25 17:07:02,929 INFO Progress 5285/8281 status=ok steps=40 confidence=0.999433 elapsed=0.105s
2026-07-25 17:07:03,053 INFO Progress 5286/8281 status=ok steps=50 confidence=0.999981 elapsed=0.125s
2026-07-25 17:07:03,116 INFO Progress 5287/8281 status=ok steps=23 confidence=0.999715 elapsed=0.063s
2026-07-25 17:07:03,203 INFO Progress 5288/8281 status=ok steps=33 confidence=0.999934 elapsed=0.087s
2026-07-25 17:07:03,297 INFO Progress 5289/8281 status=ok steps=37 confidence=0.999945 elapsed=0.094s
2026-07-25 17:07:03,412 INFO Progress 5290/8281 status=ok steps=45 confidence=0.999939 elapsed=0.115s
2026-07-25 17:07:03,475 INFO Progress 5291/8281 status=ok steps=23 confidence=0.999817 elapsed=0.064s
2026-07-25 17:07:03,593 INFO Progress 5292/8281 status=ok steps=47 confidence=0.999960 elapsed=0.117s
2026-07-25 17:07:03,669 INFO Progress 5293/8281 status=ok steps=29 confidence=0.999908 elapsed=0.077s
2026-07-25 17:07:03,794 INFO Progress 5294/8281 status=ok steps=50 confidence=0.999892 elapsed=0.125s
2026-07-25 17:07:03,899 INFO Progress 5295/8281 status=ok steps=41 confidence=0.999878 elapsed=0.105s
2026-07-25 17:07:03,962 INFO Progress 5296/8281 status=ok steps=23 confidence=0.999809 elapsed=0.063s
2026-07-25 17:07:04,064 INFO Progress 5297/8281 status=ok steps=40 confidence=0.999818 elapsed=0.102s
2026-07-25 17:07:04,168 INFO Progress 5298/8281 status=ok steps=41 confidence=0.999845 elapsed=0.104s
2026-07-25 17:07:04,224 INFO Progress 5299/8281 status=ok steps=20 confidence=0.999899 elapsed=0.056s
2026-07-25 17:07:04,487 INFO Progress 5300/8281 status=ok steps=29 confidence=0.999905 elapsed=0.075s
2026-07-25 17:07:04,586 INFO Progress 5301/8281 status=ok steps=37 confidence=0.999880 elapsed=0.099s
2026-07-25 17:07:04,689 INFO Progress 5302/8281 status=ok steps=41 confidence=0.999964 elapsed=0.103s
2026-07-25 17:07:04,767 INFO Progress 5303/8281 status=ok steps=30 confidence=0.999900 elapsed=0.078s
2026-07-25 17:07:04,893 INFO Progress 5304/8281 status=ok steps=50 confidence=0.999987 elapsed=0.126s
2026-07-25 17:07:04,984 INFO Progress 5305/8281 status=ok steps=35 confidence=0.999964 elapsed=0.090s
2026-07-25 17:07:05,075 INFO Progress 5306/8281 status=ok steps=35 confidence=0.999985 elapsed=0.091s
2026-07-25 17:07:05,150 INFO Progress 5307/8281 status=ok steps=29 confidence=0.999929 elapsed=0.075s
2026-07-25 17:07:05,230 INFO Progress 5308/8281 status=ok steps=30 confidence=0.999972 elapsed=0.079s
2026-07-25 17:07:05,339 INFO Progress 5309/8281 status=ok steps=40 confidence=0.999442 elapsed=0.109s
2026-07-25 17:07:05,431 INFO Progress 5310/8281 status=ok steps=35 confidence=0.999985 elapsed=0.093s
2026-07-25 17:07:05,511 INFO Progress 5311/8281 status=ok steps=29 confidence=0.999905 elapsed=0.080s
2026-07-25 17:07:05,603 INFO Progress 5312/8281 status=ok steps=35 confidence=0.999882 elapsed=0.091s
2026-07-25 17:07:05,679 INFO Progress 5313/8281 status=ok steps=29 confidence=0.999971 elapsed=0.076s
2026-07-25 17:07:05,764 INFO Progress 5314/8281 status=ok steps=33 confidence=0.999911 elapsed=0.085s
2026-07-25 17:07:05,868 INFO Progress 5315/8281 status=ok steps=41 confidence=0.999991 elapsed=0.104s
2026-07-25 17:07:05,959 INFO Progress 5316/8281 status=ok steps=35 confidence=0.999889 elapsed=0.090s
2026-07-25 17:07:06,091 INFO Progress 5317/8281 status=ok steps=53 confidence=0.999800 elapsed=0.133s
2026-07-25 17:07:06,200 INFO Progress 5318/8281 status=ok steps=41 confidence=0.999572 elapsed=0.108s
2026-07-25 17:07:06,289 INFO Progress 5319/8281 status=ok steps=33 confidence=0.999968 elapsed=0.089s
2026-07-25 17:07:06,378 INFO Progress 5320/8281 status=ok steps=35 confidence=0.999913 elapsed=0.090s
2026-07-25 17:07:06,495 INFO Progress 5321/8281 status=ok steps=47 confidence=0.999965 elapsed=0.117s
2026-07-25 17:07:06,571 INFO Progress 5322/8281 status=ok steps=29 confidence=0.999913 elapsed=0.076s
2026-07-25 17:07:06,676 INFO Progress 5323/8281 status=ok steps=40 confidence=0.999846 elapsed=0.104s
2026-07-25 17:07:06,765 INFO Progress 5324/8281 status=ok steps=35 confidence=0.999927 elapsed=0.089s
2026-07-25 17:07:07,062 INFO Progress 5325/8281 status=ok steps=29 confidence=0.999920 elapsed=0.076s
2026-07-25 17:07:07,165 INFO Progress 5326/8281 status=ok steps=35 confidence=0.999954 elapsed=0.103s
2026-07-25 17:07:07,322 INFO Progress 5327/8281 status=ok steps=61 confidence=0.999968 elapsed=0.156s
2026-07-25 17:07:07,675 INFO Progress 5328/8281 status=ok steps=141 confidence=0.999948 elapsed=0.353s
2026-07-25 17:07:07,769 INFO Progress 5329/8281 status=ok steps=37 confidence=0.999977 elapsed=0.094s
2026-07-25 17:07:07,854 INFO Progress 5330/8281 status=ok steps=33 confidence=0.999749 elapsed=0.085s
2026-07-25 17:07:07,971 INFO Progress 5331/8281 status=ok steps=47 confidence=0.999986 elapsed=0.118s
2026-07-25 17:07:08,099 INFO Progress 5332/8281 status=ok steps=50 confidence=0.999990 elapsed=0.127s
2026-07-25 17:07:08,204 INFO Progress 5333/8281 status=ok steps=40 confidence=0.999619 elapsed=0.105s
2026-07-25 17:07:08,294 INFO Progress 5334/8281 status=ok steps=35 confidence=0.999378 elapsed=0.090s
2026-07-25 17:07:08,372 INFO Progress 5335/8281 status=ok steps=29 confidence=0.999857 elapsed=0.077s
2026-07-25 17:07:08,461 INFO Progress 5336/8281 status=ok steps=35 confidence=0.999927 elapsed=0.089s
2026-07-25 17:07:08,545 INFO Progress 5337/8281 status=ok steps=33 confidence=0.998996 elapsed=0.084s
2026-07-25 17:07:08,665 INFO Progress 5338/8281 status=ok steps=47 confidence=0.999850 elapsed=0.120s
2026-07-25 17:07:08,743 INFO Progress 5339/8281 status=ok steps=30 confidence=0.987725 elapsed=0.078s
2026-07-25 17:07:08,833 INFO Progress 5340/8281 status=ok steps=35 confidence=0.999937 elapsed=0.091s
2026-07-25 17:07:08,952 INFO Progress 5341/8281 status=ok steps=47 confidence=0.999973 elapsed=0.119s
2026-07-25 17:07:09,082 INFO Progress 5342/8281 status=ok steps=53 confidence=0.999983 elapsed=0.129s
2026-07-25 17:07:09,144 INFO Progress 5343/8281 status=ok steps=23 confidence=0.999721 elapsed=0.062s
2026-07-25 17:07:09,211 INFO Progress 5344/8281 status=ok steps=25 confidence=0.999925 elapsed=0.067s
2026-07-25 17:07:09,325 INFO Progress 5345/8281 status=ok steps=45 confidence=0.999988 elapsed=0.114s
2026-07-25 17:07:09,388 INFO Progress 5346/8281 status=ok steps=23 confidence=0.999906 elapsed=0.063s
2026-07-25 17:07:09,484 INFO Progress 5347/8281 status=ok steps=37 confidence=0.999948 elapsed=0.096s
2026-07-25 17:07:09,602 INFO Progress 5348/8281 status=ok steps=47 confidence=0.999986 elapsed=0.118s
2026-07-25 17:07:09,718 INFO Progress 5349/8281 status=ok steps=45 confidence=0.999741 elapsed=0.116s
2026-07-25 17:07:10,078 INFO Progress 5350/8281 status=ok steps=65 confidence=0.999700 elapsed=0.159s
2026-07-25 17:07:10,178 INFO Progress 5351/8281 status=ok steps=35 confidence=0.999798 elapsed=0.099s
2026-07-25 17:07:10,262 INFO Progress 5352/8281 status=ok steps=33 confidence=0.999877 elapsed=0.084s
2026-07-25 17:07:10,437 INFO Progress 5353/8281 status=ok steps=68 confidence=0.999953 elapsed=0.175s
2026-07-25 17:07:10,530 INFO Progress 5354/8281 status=ok steps=35 confidence=0.999889 elapsed=0.093s
2026-07-25 17:07:10,597 INFO Progress 5355/8281 status=ok steps=25 confidence=0.999920 elapsed=0.067s
2026-07-25 17:07:10,690 INFO Progress 5356/8281 status=ok steps=35 confidence=0.999066 elapsed=0.092s
2026-07-25 17:07:10,928 INFO Progress 5357/8281 status=ok steps=95 confidence=0.999829 elapsed=0.238s
2026-07-25 17:07:11,018 INFO Progress 5358/8281 status=ok steps=35 confidence=0.999929 elapsed=0.090s
2026-07-25 17:07:11,251 INFO Progress 5359/8281 status=ok steps=95 confidence=0.999993 elapsed=0.233s
2026-07-25 17:07:11,346 INFO Progress 5360/8281 status=ok steps=37 confidence=0.999924 elapsed=0.095s
2026-07-25 17:07:11,465 INFO Progress 5361/8281 status=ok steps=47 confidence=0.999960 elapsed=0.119s
2026-07-25 17:07:11,561 INFO Progress 5362/8281 status=ok steps=37 confidence=0.999945 elapsed=0.096s
2026-07-25 17:07:11,717 INFO Progress 5363/8281 status=ok steps=61 confidence=0.998954 elapsed=0.156s
2026-07-25 17:07:11,892 INFO Progress 5364/8281 status=ok steps=71 confidence=0.999991 elapsed=0.175s
2026-07-25 17:07:11,961 INFO Progress 5365/8281 status=ok steps=26 confidence=0.999969 elapsed=0.069s
2026-07-25 17:07:12,050 INFO Progress 5366/8281 status=ok steps=35 confidence=0.999954 elapsed=0.089s
2026-07-25 17:07:12,115 INFO Progress 5367/8281 status=ok steps=23 confidence=0.999721 elapsed=0.064s
2026-07-25 17:07:12,193 INFO Progress 5368/8281 status=ok steps=29 confidence=0.999960 elapsed=0.078s
2026-07-25 17:07:12,272 INFO Progress 5369/8281 status=ok steps=29 confidence=0.999924 elapsed=0.078s
2026-07-25 17:07:12,363 INFO Progress 5370/8281 status=ok steps=35 confidence=0.999951 elapsed=0.091s
2026-07-25 17:07:12,585 INFO Progress 5371/8281 status=ok steps=85 confidence=0.999855 elapsed=0.222s
2026-07-25 17:07:12,682 INFO Progress 5372/8281 status=ok steps=35 confidence=0.999928 elapsed=0.097s
2026-07-25 17:07:12,795 INFO Progress 5373/8281 status=ok steps=45 confidence=0.999925 elapsed=0.112s
2026-07-25 17:07:12,906 INFO Progress 5374/8281 status=ok steps=45 confidence=0.999996 elapsed=0.111s
2026-07-25 17:07:13,157 INFO Progress 5375/8281 status=ok steps=29 confidence=0.999907 elapsed=0.076s
2026-07-25 17:07:13,296 INFO Progress 5376/8281 status=ok steps=55 confidence=0.999994 elapsed=0.139s
2026-07-25 17:07:13,364 INFO Progress 5377/8281 status=ok steps=25 confidence=0.999944 elapsed=0.067s
2026-07-25 17:07:13,459 INFO Progress 5378/8281 status=ok steps=37 confidence=0.999948 elapsed=0.095s
2026-07-25 17:07:13,562 INFO Progress 5379/8281 status=ok steps=41 confidence=0.999879 elapsed=0.103s
2026-07-25 17:07:13,837 INFO Progress 5380/8281 status=ok steps=109 confidence=0.999986 elapsed=0.275s
2026-07-25 17:07:13,914 INFO Progress 5381/8281 status=ok steps=29 confidence=0.999293 elapsed=0.077s
2026-07-25 17:07:13,991 INFO Progress 5382/8281 status=ok steps=29 confidence=0.999888 elapsed=0.077s
2026-07-25 17:07:14,089 INFO Progress 5383/8281 status=ok steps=37 confidence=0.999985 elapsed=0.098s
2026-07-25 17:07:14,221 INFO Progress 5384/8281 status=ok steps=53 confidence=0.999926 elapsed=0.132s
2026-07-25 17:07:14,316 INFO Progress 5385/8281 status=ok steps=37 confidence=0.999936 elapsed=0.095s
2026-07-25 17:07:14,415 INFO Progress 5386/8281 status=ok steps=37 confidence=0.999575 elapsed=0.099s
2026-07-25 17:07:14,505 INFO Progress 5387/8281 status=ok steps=35 confidence=0.999967 elapsed=0.090s
2026-07-25 17:07:14,595 INFO Progress 5388/8281 status=ok steps=33 confidence=0.979044 elapsed=0.090s
2026-07-25 17:07:14,647 INFO Progress 5389/8281 status=ok steps=17 confidence=0.999929 elapsed=0.052s
2026-07-25 17:07:14,781 INFO Progress 5390/8281 status=ok steps=55 confidence=0.999994 elapsed=0.134s
2026-07-25 17:07:14,913 INFO Progress 5391/8281 status=ok steps=53 confidence=0.999959 elapsed=0.132s
2026-07-25 17:07:15,110 INFO Progress 5392/8281 status=ok steps=77 confidence=0.999664 elapsed=0.197s
2026-07-25 17:07:15,180 INFO Progress 5393/8281 status=ok steps=25 confidence=0.999951 elapsed=0.070s
2026-07-25 17:07:15,287 INFO Progress 5394/8281 status=ok steps=41 confidence=0.999151 elapsed=0.107s
2026-07-25 17:07:15,404 INFO Progress 5395/8281 status=ok steps=45 confidence=0.999789 elapsed=0.117s
2026-07-25 17:07:15,479 INFO Progress 5396/8281 status=ok steps=29 confidence=0.999944 elapsed=0.075s
2026-07-25 17:07:15,559 INFO Progress 5397/8281 status=ok steps=30 confidence=0.999971 elapsed=0.080s
2026-07-25 17:07:15,654 INFO Progress 5398/8281 status=ok steps=37 confidence=0.999924 elapsed=0.095s
2026-07-25 17:07:15,775 INFO Progress 5399/8281 status=ok steps=45 confidence=0.999963 elapsed=0.121s
2026-07-25 17:07:16,130 INFO Progress 5400/8281 status=ok steps=55 confidence=0.999993 elapsed=0.144s
2026-07-25 17:07:16,226 INFO Progress 5401/8281 status=ok steps=35 confidence=0.999898 elapsed=0.096s
2026-07-25 17:07:16,284 INFO Progress 5402/8281 status=ok steps=21 confidence=0.999863 elapsed=0.058s
2026-07-25 17:07:16,518 INFO Progress 5403/8281 status=ok steps=93 confidence=0.991183 elapsed=0.234s
2026-07-25 17:07:16,614 INFO Progress 5404/8281 status=ok steps=37 confidence=0.999946 elapsed=0.096s
2026-07-25 17:07:16,690 INFO Progress 5405/8281 status=ok steps=29 confidence=0.999847 elapsed=0.076s
2026-07-25 17:07:16,826 INFO Progress 5406/8281 status=ok steps=54 confidence=0.999990 elapsed=0.135s
2026-07-25 17:07:16,953 INFO Progress 5407/8281 status=ok steps=47 confidence=0.999451 elapsed=0.127s
2026-07-25 17:07:17,031 INFO Progress 5408/8281 status=ok steps=29 confidence=0.999851 elapsed=0.078s
2026-07-25 17:07:17,169 INFO Progress 5409/8281 status=ok steps=54 confidence=0.999169 elapsed=0.138s
2026-07-25 17:07:17,271 INFO Progress 5410/8281 status=ok steps=40 confidence=0.999929 elapsed=0.102s
2026-07-25 17:07:17,368 INFO Progress 5411/8281 status=ok steps=37 confidence=0.999945 elapsed=0.097s
2026-07-25 17:07:17,561 INFO Progress 5412/8281 status=ok steps=77 confidence=0.999158 elapsed=0.193s
2026-07-25 17:07:17,677 INFO Progress 5413/8281 status=ok steps=45 confidence=0.999790 elapsed=0.116s
2026-07-25 17:07:17,765 INFO Progress 5414/8281 status=ok steps=33 confidence=0.999979 elapsed=0.087s
2026-07-25 17:07:17,834 INFO Progress 5415/8281 status=ok steps=25 confidence=0.999983 elapsed=0.069s
2026-07-25 17:07:17,950 INFO Progress 5416/8281 status=ok steps=45 confidence=0.999465 elapsed=0.116s
2026-07-25 17:07:18,042 INFO Progress 5417/8281 status=ok steps=35 confidence=0.999897 elapsed=0.092s
2026-07-25 17:07:18,119 INFO Progress 5418/8281 status=ok steps=29 confidence=0.999984 elapsed=0.076s
2026-07-25 17:07:18,275 INFO Progress 5419/8281 status=ok steps=61 confidence=0.999992 elapsed=0.156s
2026-07-25 17:07:18,370 INFO Progress 5420/8281 status=ok steps=37 confidence=0.999983 elapsed=0.095s
2026-07-25 17:07:18,456 INFO Progress 5421/8281 status=ok steps=33 confidence=0.999905 elapsed=0.087s
2026-07-25 17:07:18,560 INFO Progress 5422/8281 status=ok steps=41 confidence=0.999967 elapsed=0.104s
2026-07-25 17:07:18,679 INFO Progress 5423/8281 status=ok steps=47 confidence=0.999784 elapsed=0.118s
2026-07-25 17:07:18,760 INFO Progress 5424/8281 status=ok steps=29 confidence=0.999760 elapsed=0.081s
2026-07-25 17:07:19,120 INFO Progress 5425/8281 status=ok steps=65 confidence=0.999917 elapsed=0.159s
2026-07-25 17:07:19,187 INFO Progress 5426/8281 status=ok steps=20 confidence=0.999666 elapsed=0.066s
2026-07-25 17:07:19,292 INFO Progress 5427/8281 status=ok steps=41 confidence=0.999972 elapsed=0.105s
2026-07-25 17:07:19,367 INFO Progress 5428/8281 status=ok steps=29 confidence=0.999976 elapsed=0.075s
2026-07-25 17:07:19,447 INFO Progress 5429/8281 status=ok steps=29 confidence=0.999865 elapsed=0.080s
2026-07-25 17:07:19,539 INFO Progress 5430/8281 status=ok steps=35 confidence=0.999976 elapsed=0.092s
2026-07-25 17:07:19,665 INFO Progress 5431/8281 status=ok steps=50 confidence=0.999988 elapsed=0.126s
2026-07-25 17:07:19,722 INFO Progress 5432/8281 status=ok steps=20 confidence=0.999666 elapsed=0.057s
2026-07-25 17:07:19,817 INFO Progress 5433/8281 status=ok steps=37 confidence=0.999992 elapsed=0.095s
2026-07-25 17:07:19,929 INFO Progress 5434/8281 status=ok steps=45 confidence=0.999992 elapsed=0.112s
2026-07-25 17:07:19,986 INFO Progress 5435/8281 status=ok steps=20 confidence=0.999984 elapsed=0.056s
2026-07-25 17:07:20,090 INFO Progress 5436/8281 status=ok steps=41 confidence=0.999933 elapsed=0.104s
2026-07-25 17:07:20,173 INFO Progress 5437/8281 status=ok steps=32 confidence=0.999791 elapsed=0.084s
2026-07-25 17:07:20,322 INFO Progress 5438/8281 status=ok steps=61 confidence=0.999949 elapsed=0.148s
2026-07-25 17:07:20,429 INFO Progress 5439/8281 status=ok steps=41 confidence=0.999995 elapsed=0.107s
2026-07-25 17:07:20,541 INFO Progress 5440/8281 status=ok steps=41 confidence=0.999854 elapsed=0.111s
2026-07-25 17:07:20,701 INFO Progress 5441/8281 status=ok steps=65 confidence=0.999994 elapsed=0.160s
2026-07-25 17:07:20,851 INFO Progress 5442/8281 status=ok steps=61 confidence=0.999949 elapsed=0.149s
2026-07-25 17:07:20,911 INFO Progress 5443/8281 status=ok steps=21 confidence=0.999778 elapsed=0.061s
2026-07-25 17:07:21,108 INFO Progress 5444/8281 status=ok steps=80 confidence=0.999965 elapsed=0.196s
2026-07-25 17:07:21,213 INFO Progress 5445/8281 status=ok steps=41 confidence=0.999810 elapsed=0.106s
2026-07-25 17:07:21,336 INFO Progress 5446/8281 status=ok steps=47 confidence=0.999715 elapsed=0.122s
2026-07-25 17:07:21,474 INFO Progress 5447/8281 status=ok steps=55 confidence=0.999997 elapsed=0.138s
2026-07-25 17:07:21,536 INFO Progress 5448/8281 status=ok steps=23 confidence=0.999734 elapsed=0.062s
2026-07-25 17:07:21,614 INFO Progress 5449/8281 status=ok steps=29 confidence=0.999920 elapsed=0.078s
2026-07-25 17:07:21,934 INFO Progress 5450/8281 status=ok steps=45 confidence=0.999929 elapsed=0.121s
2026-07-25 17:07:22,136 INFO Progress 5451/8281 status=ok steps=77 confidence=0.999971 elapsed=0.201s
2026-07-25 17:07:22,270 INFO Progress 5452/8281 status=ok steps=53 confidence=0.999983 elapsed=0.134s
2026-07-25 17:07:22,352 INFO Progress 5453/8281 status=ok steps=29 confidence=0.999084 elapsed=0.081s
2026-07-25 17:07:22,437 INFO Progress 5454/8281 status=ok steps=33 confidence=0.999902 elapsed=0.085s
2026-07-25 17:07:22,500 INFO Progress 5455/8281 status=ok steps=23 confidence=0.999715 elapsed=0.063s
2026-07-25 17:07:22,595 INFO Progress 5456/8281 status=ok steps=35 confidence=0.999961 elapsed=0.095s
2026-07-25 17:07:22,674 INFO Progress 5457/8281 status=ok steps=29 confidence=0.999907 elapsed=0.078s
2026-07-25 17:07:22,756 INFO Progress 5458/8281 status=ok steps=29 confidence=0.999532 elapsed=0.082s
2026-07-25 17:07:22,819 INFO Progress 5459/8281 status=ok steps=23 confidence=0.999648 elapsed=0.063s
2026-07-25 17:07:22,905 INFO Progress 5460/8281 status=ok steps=33 confidence=0.999979 elapsed=0.086s
2026-07-25 17:07:22,991 INFO Progress 5461/8281 status=ok steps=33 confidence=0.999941 elapsed=0.086s
2026-07-25 17:07:23,069 INFO Progress 5462/8281 status=ok steps=29 confidence=0.999920 elapsed=0.078s
2026-07-25 17:07:23,183 INFO Progress 5463/8281 status=ok steps=45 confidence=0.999928 elapsed=0.113s
2026-07-25 17:07:23,254 INFO Progress 5464/8281 status=ok steps=26 confidence=0.999886 elapsed=0.071s
2026-07-25 17:07:23,408 INFO Progress 5465/8281 status=ok steps=60 confidence=0.999968 elapsed=0.155s
2026-07-25 17:07:23,548 INFO Progress 5466/8281 status=ok steps=55 confidence=0.999922 elapsed=0.139s
2026-07-25 17:07:23,613 INFO Progress 5467/8281 status=ok steps=23 confidence=0.999713 elapsed=0.065s
2026-07-25 17:07:23,779 INFO Progress 5468/8281 status=ok steps=68 confidence=0.999989 elapsed=0.167s
2026-07-25 17:07:23,932 INFO Progress 5469/8281 status=ok steps=59 confidence=0.999955 elapsed=0.153s
2026-07-25 17:07:24,099 INFO Progress 5470/8281 status=ok steps=65 confidence=0.999565 elapsed=0.167s
2026-07-25 17:07:24,158 INFO Progress 5471/8281 status=ok steps=20 confidence=0.999843 elapsed=0.058s
2026-07-25 17:07:24,226 INFO Progress 5472/8281 status=ok steps=25 confidence=0.999891 elapsed=0.068s
2026-07-25 17:07:24,350 INFO Progress 5473/8281 status=ok steps=50 confidence=0.999918 elapsed=0.124s
2026-07-25 17:07:24,454 INFO Progress 5474/8281 status=ok steps=41 confidence=0.999996 elapsed=0.104s
2026-07-25 17:07:24,752 INFO Progress 5475/8281 status=ok steps=33 confidence=0.999800 elapsed=0.086s
2026-07-25 17:07:24,862 INFO Progress 5476/8281 status=ok steps=41 confidence=0.999962 elapsed=0.110s
2026-07-25 17:07:24,958 INFO Progress 5477/8281 status=ok steps=37 confidence=0.999992 elapsed=0.096s
2026-07-25 17:07:25,027 INFO Progress 5478/8281 status=ok steps=25 confidence=0.999866 elapsed=0.068s
2026-07-25 17:07:25,152 INFO Progress 5479/8281 status=ok steps=47 confidence=0.999944 elapsed=0.124s
2026-07-25 17:07:25,292 INFO Progress 5480/8281 status=ok steps=55 confidence=0.999760 elapsed=0.140s
2026-07-25 17:07:25,360 INFO Progress 5481/8281 status=ok steps=25 confidence=0.999909 elapsed=0.068s
2026-07-25 17:07:25,427 INFO Progress 5482/8281 status=ok steps=25 confidence=0.999744 elapsed=0.067s
2026-07-25 17:07:25,530 INFO Progress 5483/8281 status=ok steps=41 confidence=0.999942 elapsed=0.103s
2026-07-25 17:07:25,737 INFO Progress 5484/8281 status=ok steps=83 confidence=0.999991 elapsed=0.207s
2026-07-25 17:07:25,815 INFO Progress 5485/8281 status=ok steps=29 confidence=0.999811 elapsed=0.078s
2026-07-25 17:07:25,980 INFO Progress 5486/8281 status=ok steps=65 confidence=0.999894 elapsed=0.165s
2026-07-25 17:07:26,059 INFO Progress 5487/8281 status=ok steps=29 confidence=0.999828 elapsed=0.079s
2026-07-25 17:07:26,165 INFO Progress 5488/8281 status=ok steps=41 confidence=0.999190 elapsed=0.106s
2026-07-25 17:07:26,241 INFO Progress 5489/8281 status=ok steps=29 confidence=0.999983 elapsed=0.077s
2026-07-25 17:07:26,328 INFO Progress 5490/8281 status=ok steps=33 confidence=0.999932 elapsed=0.087s
2026-07-25 17:07:26,437 INFO Progress 5491/8281 status=ok steps=41 confidence=0.999989 elapsed=0.108s
2026-07-25 17:07:26,505 INFO Progress 5492/8281 status=ok steps=25 confidence=0.999891 elapsed=0.068s
2026-07-25 17:07:26,698 INFO Progress 5493/8281 status=ok steps=77 confidence=0.999997 elapsed=0.193s
2026-07-25 17:07:26,777 INFO Progress 5494/8281 status=ok steps=30 confidence=0.999950 elapsed=0.080s
2026-07-25 17:07:26,868 INFO Progress 5495/8281 status=ok steps=35 confidence=0.999938 elapsed=0.090s
2026-07-25 17:07:26,963 INFO Progress 5496/8281 status=ok steps=37 confidence=0.999944 elapsed=0.095s
2026-07-25 17:07:27,031 INFO Progress 5497/8281 status=ok steps=25 confidence=0.999940 elapsed=0.068s
2026-07-25 17:07:27,098 INFO Progress 5498/8281 status=ok steps=25 confidence=0.999979 elapsed=0.067s
2026-07-25 17:07:27,195 INFO Progress 5499/8281 status=ok steps=37 confidence=0.999971 elapsed=0.096s
2026-07-25 17:07:27,470 INFO Progress 5500/8281 status=ok steps=33 confidence=0.999873 elapsed=0.085s
2026-07-25 17:07:27,557 INFO Progress 5501/8281 status=ok steps=32 confidence=0.999769 elapsed=0.087s
2026-07-25 17:07:27,620 INFO Progress 5502/8281 status=ok steps=23 confidence=0.999691 elapsed=0.063s
2026-07-25 17:07:27,806 INFO Progress 5503/8281 status=ok steps=75 confidence=0.999956 elapsed=0.185s
2026-07-25 17:07:27,873 INFO Progress 5504/8281 status=ok steps=25 confidence=0.999925 elapsed=0.067s
2026-07-25 17:07:27,930 INFO Progress 5505/8281 status=ok steps=20 confidence=0.999478 elapsed=0.057s
2026-07-25 17:07:28,047 INFO Progress 5506/8281 status=ok steps=45 confidence=0.999649 elapsed=0.117s
2026-07-25 17:07:28,138 INFO Progress 5507/8281 status=ok steps=33 confidence=0.999930 elapsed=0.091s
2026-07-25 17:07:28,225 INFO Progress 5508/8281 status=ok steps=33 confidence=0.999995 elapsed=0.086s
2026-07-25 17:07:28,282 INFO Progress 5509/8281 status=ok steps=20 confidence=0.999369 elapsed=0.057s
2026-07-25 17:07:28,378 INFO Progress 5510/8281 status=ok steps=37 confidence=0.999954 elapsed=0.096s
2026-07-25 17:07:28,467 INFO Progress 5511/8281 status=ok steps=33 confidence=0.999975 elapsed=0.089s
2026-07-25 17:07:28,544 INFO Progress 5512/8281 status=ok steps=29 confidence=0.999875 elapsed=0.077s
2026-07-25 17:07:28,626 INFO Progress 5513/8281 status=ok steps=29 confidence=0.999823 elapsed=0.082s
2026-07-25 17:07:28,745 INFO Progress 5514/8281 status=ok steps=47 confidence=0.999905 elapsed=0.119s
2026-07-25 17:07:28,837 INFO Progress 5515/8281 status=ok steps=35 confidence=0.999890 elapsed=0.093s
2026-07-25 17:07:28,968 INFO Progress 5516/8281 status=ok steps=50 confidence=0.999995 elapsed=0.130s
2026-07-25 17:07:29,057 INFO Progress 5517/8281 status=ok steps=35 confidence=0.999961 elapsed=0.090s
2026-07-25 17:07:29,150 INFO Progress 5518/8281 status=ok steps=35 confidence=0.999949 elapsed=0.092s
2026-07-25 17:07:29,231 INFO Progress 5519/8281 status=ok steps=30 confidence=0.999991 elapsed=0.081s
2026-07-25 17:07:29,395 INFO Progress 5520/8281 status=ok steps=65 confidence=0.999928 elapsed=0.164s
2026-07-25 17:07:29,540 INFO Progress 5521/8281 status=ok steps=59 confidence=0.999886 elapsed=0.145s
2026-07-25 17:07:29,631 INFO Progress 5522/8281 status=ok steps=35 confidence=0.999856 elapsed=0.091s
2026-07-25 17:07:29,695 INFO Progress 5523/8281 status=ok steps=23 confidence=0.999884 elapsed=0.064s
2026-07-25 17:07:29,901 INFO Progress 5524/8281 status=ok steps=83 confidence=0.999955 elapsed=0.206s
2026-07-25 17:07:30,241 INFO Progress 5525/8281 status=ok steps=41 confidence=0.999890 elapsed=0.105s
2026-07-25 17:07:30,384 INFO Progress 5526/8281 status=ok steps=55 confidence=0.999997 elapsed=0.143s
2026-07-25 17:07:30,498 INFO Progress 5527/8281 status=ok steps=45 confidence=0.994642 elapsed=0.113s
2026-07-25 17:07:30,579 INFO Progress 5528/8281 status=ok steps=30 confidence=0.999987 elapsed=0.081s
2026-07-25 17:07:30,683 INFO Progress 5529/8281 status=ok steps=41 confidence=0.999776 elapsed=0.103s
2026-07-25 17:07:30,833 INFO Progress 5530/8281 status=ok steps=59 confidence=0.999849 elapsed=0.151s
2026-07-25 17:07:30,925 INFO Progress 5531/8281 status=ok steps=35 confidence=0.999948 elapsed=0.091s
2026-07-25 17:07:31,118 INFO Progress 5532/8281 status=ok steps=77 confidence=0.999993 elapsed=0.193s
2026-07-25 17:07:31,223 INFO Progress 5533/8281 status=ok steps=41 confidence=0.999764 elapsed=0.105s
2026-07-25 17:07:31,348 INFO Progress 5534/8281 status=ok steps=47 confidence=0.999636 elapsed=0.124s
2026-07-25 17:07:31,453 INFO Progress 5535/8281 status=ok steps=40 confidence=0.999670 elapsed=0.106s
2026-07-25 17:07:31,524 INFO Progress 5536/8281 status=ok steps=25 confidence=0.999944 elapsed=0.071s
2026-07-25 17:07:31,609 INFO Progress 5537/8281 status=ok steps=33 confidence=0.999925 elapsed=0.085s
2026-07-25 17:07:31,729 INFO Progress 5538/8281 status=ok steps=47 confidence=0.999784 elapsed=0.120s
2026-07-25 17:07:31,941 INFO Progress 5539/8281 status=ok steps=82 confidence=0.999975 elapsed=0.212s
2026-07-25 17:07:32,022 INFO Progress 5540/8281 status=ok steps=30 confidence=0.999971 elapsed=0.081s
2026-07-25 17:07:32,086 INFO Progress 5541/8281 status=ok steps=23 confidence=0.999497 elapsed=0.064s
2026-07-25 17:07:32,191 INFO Progress 5542/8281 status=ok steps=40 confidence=0.999807 elapsed=0.106s
2026-07-25 17:07:32,334 INFO Progress 5543/8281 status=ok steps=55 confidence=0.999996 elapsed=0.143s
2026-07-25 17:07:32,440 INFO Progress 5544/8281 status=ok steps=40 confidence=0.999862 elapsed=0.106s
2026-07-25 17:07:32,547 INFO Progress 5545/8281 status=ok steps=40 confidence=0.999674 elapsed=0.106s
2026-07-25 17:07:32,632 INFO Progress 5546/8281 status=ok steps=33 confidence=0.999990 elapsed=0.086s
2026-07-25 17:07:32,724 INFO Progress 5547/8281 status=ok steps=35 confidence=0.999890 elapsed=0.092s
2026-07-25 17:07:32,817 INFO Progress 5548/8281 status=ok steps=35 confidence=0.999958 elapsed=0.092s
2026-07-25 17:07:32,965 INFO Progress 5549/8281 status=ok steps=59 confidence=0.999987 elapsed=0.148s
2026-07-25 17:07:33,275 INFO Progress 5550/8281 status=ok steps=33 confidence=0.999781 elapsed=0.086s
2026-07-25 17:07:33,371 INFO Progress 5551/8281 status=ok steps=35 confidence=0.999378 elapsed=0.096s
2026-07-25 17:07:33,476 INFO Progress 5552/8281 status=ok steps=41 confidence=0.999973 elapsed=0.105s
2026-07-25 17:07:33,567 INFO Progress 5553/8281 status=ok steps=35 confidence=0.999792 elapsed=0.091s
2026-07-25 17:07:33,713 INFO Progress 5554/8281 status=ok steps=59 confidence=0.999926 elapsed=0.146s
2026-07-25 17:07:33,818 INFO Progress 5555/8281 status=ok steps=40 confidence=0.999667 elapsed=0.105s
2026-07-25 17:07:33,939 INFO Progress 5556/8281 status=ok steps=47 confidence=0.999946 elapsed=0.120s
2026-07-25 17:07:34,067 INFO Progress 5557/8281 status=ok steps=47 confidence=0.997909 elapsed=0.128s
2026-07-25 17:07:34,174 INFO Progress 5558/8281 status=ok steps=41 confidence=0.999878 elapsed=0.107s
2026-07-25 17:07:34,265 INFO Progress 5559/8281 status=ok steps=35 confidence=0.999913 elapsed=0.091s
2026-07-25 17:07:34,356 INFO Progress 5560/8281 status=ok steps=35 confidence=0.999951 elapsed=0.090s
2026-07-25 17:07:34,472 INFO Progress 5561/8281 status=ok steps=45 confidence=0.999980 elapsed=0.116s
2026-07-25 17:07:34,581 INFO Progress 5562/8281 status=ok steps=40 confidence=0.999859 elapsed=0.109s
2026-07-25 17:07:34,731 INFO Progress 5563/8281 status=ok steps=59 confidence=0.999704 elapsed=0.150s
2026-07-25 17:07:34,867 INFO Progress 5564/8281 status=ok steps=54 confidence=0.999992 elapsed=0.136s
2026-07-25 17:07:34,962 INFO Progress 5565/8281 status=ok steps=37 confidence=0.999967 elapsed=0.095s
2026-07-25 17:07:35,045 INFO Progress 5566/8281 status=ok steps=30 confidence=0.999961 elapsed=0.083s
2026-07-25 17:07:35,188 INFO Progress 5567/8281 status=ok steps=55 confidence=0.999991 elapsed=0.142s
2026-07-25 17:07:35,310 INFO Progress 5568/8281 status=ok steps=47 confidence=0.999991 elapsed=0.122s
2026-07-25 17:07:35,403 INFO Progress 5569/8281 status=ok steps=35 confidence=0.999378 elapsed=0.092s
2026-07-25 17:07:35,481 INFO Progress 5570/8281 status=ok steps=29 confidence=0.999908 elapsed=0.078s
2026-07-25 17:07:35,573 INFO Progress 5571/8281 status=ok steps=35 confidence=0.999872 elapsed=0.092s
2026-07-25 17:07:35,665 INFO Progress 5572/8281 status=ok steps=35 confidence=0.999899 elapsed=0.092s
2026-07-25 17:07:35,756 INFO Progress 5573/8281 status=ok steps=33 confidence=0.999968 elapsed=0.091s
2026-07-25 17:07:35,841 INFO Progress 5574/8281 status=ok steps=33 confidence=0.999790 elapsed=0.085s
2026-07-25 17:07:36,113 INFO Progress 5575/8281 status=ok steps=29 confidence=0.999293 elapsed=0.077s
2026-07-25 17:07:36,239 INFO Progress 5576/8281 status=ok steps=50 confidence=0.999963 elapsed=0.125s
2026-07-25 17:07:36,408 INFO Progress 5577/8281 status=ok steps=68 confidence=0.999974 elapsed=0.169s
2026-07-25 17:07:36,495 INFO Progress 5578/8281 status=ok steps=33 confidence=0.999992 elapsed=0.087s
2026-07-25 17:07:36,581 INFO Progress 5579/8281 status=ok steps=29 confidence=0.991099 elapsed=0.085s
2026-07-25 17:07:36,685 INFO Progress 5580/8281 status=ok steps=41 confidence=0.999865 elapsed=0.104s
2026-07-25 17:07:36,790 INFO Progress 5581/8281 status=ok steps=41 confidence=0.999941 elapsed=0.105s
2026-07-25 17:07:36,877 INFO Progress 5582/8281 status=ok steps=33 confidence=0.999973 elapsed=0.086s
2026-07-25 17:07:36,968 INFO Progress 5583/8281 status=ok steps=35 confidence=0.999781 elapsed=0.091s
2026-07-25 17:07:37,086 INFO Progress 5584/8281 status=ok steps=47 confidence=0.999951 elapsed=0.117s
2026-07-25 17:07:37,217 INFO Progress 5585/8281 status=ok steps=53 confidence=0.999978 elapsed=0.132s
2026-07-25 17:07:37,308 INFO Progress 5586/8281 status=ok steps=35 confidence=0.999373 elapsed=0.091s
2026-07-25 17:07:37,413 INFO Progress 5587/8281 status=ok steps=40 confidence=0.999873 elapsed=0.105s
2026-07-25 17:07:37,502 INFO Progress 5588/8281 status=ok steps=29 confidence=0.999768 elapsed=0.088s
2026-07-25 17:07:37,660 INFO Progress 5589/8281 status=ok steps=61 confidence=0.999756 elapsed=0.158s
2026-07-25 17:07:37,740 INFO Progress 5590/8281 status=ok steps=30 confidence=0.999939 elapsed=0.080s
2026-07-25 17:07:37,825 INFO Progress 5591/8281 status=ok steps=33 confidence=0.999957 elapsed=0.086s
2026-07-25 17:07:37,904 INFO Progress 5592/8281 status=ok steps=30 confidence=0.999873 elapsed=0.079s
2026-07-25 17:07:37,973 INFO Progress 5593/8281 status=ok steps=25 confidence=0.999916 elapsed=0.069s
2026-07-25 17:07:38,079 INFO Progress 5594/8281 status=ok steps=41 confidence=0.999909 elapsed=0.106s
2026-07-25 17:07:38,169 INFO Progress 5595/8281 status=ok steps=35 confidence=0.999939 elapsed=0.090s
2026-07-25 17:07:38,237 INFO Progress 5596/8281 status=ok steps=25 confidence=0.999970 elapsed=0.068s
2026-07-25 17:07:38,332 INFO Progress 5597/8281 status=ok steps=37 confidence=0.999914 elapsed=0.095s
2026-07-25 17:07:38,467 INFO Progress 5598/8281 status=ok steps=53 confidence=0.999976 elapsed=0.135s
2026-07-25 17:07:38,573 INFO Progress 5599/8281 status=ok steps=40 confidence=0.999942 elapsed=0.106s
2026-07-25 17:07:38,856 INFO Progress 5600/8281 status=ok steps=29 confidence=0.999861 elapsed=0.076s
2026-07-25 17:07:39,004 INFO Progress 5601/8281 status=ok steps=59 confidence=0.999926 elapsed=0.148s
2026-07-25 17:07:39,086 INFO Progress 5602/8281 status=ok steps=30 confidence=0.999991 elapsed=0.082s
2026-07-25 17:07:39,344 INFO Progress 5603/8281 status=ok steps=105 confidence=0.999909 elapsed=0.257s
2026-07-25 17:07:39,423 INFO Progress 5604/8281 status=ok steps=29 confidence=0.999873 elapsed=0.079s
2026-07-25 17:07:39,586 INFO Progress 5605/8281 status=ok steps=65 confidence=0.999973 elapsed=0.163s
2026-07-25 17:07:39,719 INFO Progress 5606/8281 status=ok steps=53 confidence=0.999978 elapsed=0.133s
2026-07-25 17:07:39,823 INFO Progress 5607/8281 status=ok steps=40 confidence=0.999840 elapsed=0.104s
2026-07-25 17:07:39,913 INFO Progress 5608/8281 status=ok steps=35 confidence=0.999817 elapsed=0.090s
2026-07-25 17:07:40,004 INFO Progress 5609/8281 status=ok steps=35 confidence=0.999878 elapsed=0.090s
2026-07-25 17:07:40,142 INFO Progress 5610/8281 status=ok steps=53 confidence=0.995829 elapsed=0.138s
2026-07-25 17:07:40,279 INFO Progress 5611/8281 status=ok steps=54 confidence=0.999883 elapsed=0.138s
2026-07-25 17:07:40,383 INFO Progress 5612/8281 status=ok steps=40 confidence=0.999915 elapsed=0.103s
2026-07-25 17:07:40,440 INFO Progress 5613/8281 status=ok steps=20 confidence=0.999739 elapsed=0.057s
2026-07-25 17:07:40,546 INFO Progress 5614/8281 status=ok steps=40 confidence=0.999666 elapsed=0.106s
2026-07-25 17:07:40,624 INFO Progress 5615/8281 status=ok steps=29 confidence=0.999991 elapsed=0.077s
2026-07-25 17:07:40,729 INFO Progress 5616/8281 status=ok steps=40 confidence=0.999706 elapsed=0.106s
2026-07-25 17:07:40,779 INFO Progress 5617/8281 status=ok steps=17 confidence=0.997339 elapsed=0.050s
2026-07-25 17:07:40,842 INFO Progress 5618/8281 status=ok steps=23 confidence=0.999689 elapsed=0.063s
2026-07-25 17:07:40,937 INFO Progress 5619/8281 status=ok steps=37 confidence=0.999987 elapsed=0.095s
2026-07-25 17:07:41,041 INFO Progress 5620/8281 status=ok steps=41 confidence=0.999956 elapsed=0.104s
2026-07-25 17:07:41,109 INFO Progress 5621/8281 status=ok steps=25 confidence=0.999983 elapsed=0.068s
2026-07-25 17:07:41,263 INFO Progress 5622/8281 status=ok steps=60 confidence=0.999988 elapsed=0.154s
2026-07-25 17:07:41,401 INFO Progress 5623/8281 status=ok steps=53 confidence=0.999698 elapsed=0.137s
2026-07-25 17:07:41,461 INFO Progress 5624/8281 status=ok steps=21 confidence=0.999943 elapsed=0.060s
2026-07-25 17:07:42,018 INFO Progress 5625/8281 status=ok steps=41 confidence=0.999909 elapsed=0.105s
2026-07-25 17:07:42,169 INFO Progress 5626/8281 status=ok steps=59 confidence=0.999985 elapsed=0.151s
2026-07-25 17:07:42,286 INFO Progress 5627/8281 status=ok steps=47 confidence=0.999869 elapsed=0.117s
2026-07-25 17:07:42,395 INFO Progress 5628/8281 status=ok steps=41 confidence=0.999990 elapsed=0.109s
2026-07-25 17:07:42,489 INFO Progress 5629/8281 status=ok steps=37 confidence=0.999982 elapsed=0.094s
2026-07-25 17:07:42,607 INFO Progress 5630/8281 status=ok steps=41 confidence=0.999988 elapsed=0.117s
2026-07-25 17:07:42,675 INFO Progress 5631/8281 status=ok steps=25 confidence=0.999979 elapsed=0.068s
2026-07-25 17:07:42,797 INFO Progress 5632/8281 status=ok steps=47 confidence=0.999887 elapsed=0.122s
2026-07-25 17:07:42,915 INFO Progress 5633/8281 status=ok steps=47 confidence=0.999978 elapsed=0.117s
2026-07-25 17:07:43,047 INFO Progress 5634/8281 status=ok steps=53 confidence=0.999960 elapsed=0.132s
2026-07-25 17:07:43,114 INFO Progress 5635/8281 status=ok steps=25 confidence=0.999981 elapsed=0.067s
2026-07-25 17:07:43,218 INFO Progress 5636/8281 status=ok steps=41 confidence=0.999991 elapsed=0.104s
2026-07-25 17:07:43,309 INFO Progress 5637/8281 status=ok steps=35 confidence=0.999889 elapsed=0.090s
2026-07-25 17:07:43,427 INFO Progress 5638/8281 status=ok steps=47 confidence=0.999887 elapsed=0.119s
2026-07-25 17:07:43,514 INFO Progress 5639/8281 status=ok steps=33 confidence=0.999976 elapsed=0.087s
2026-07-25 17:07:43,564 INFO Progress 5640/8281 status=ok steps=17 confidence=0.999298 elapsed=0.050s
2026-07-25 17:07:43,656 INFO Progress 5641/8281 status=ok steps=35 confidence=0.999963 elapsed=0.092s
2026-07-25 17:07:43,747 INFO Progress 5642/8281 status=ok steps=35 confidence=0.999819 elapsed=0.090s
2026-07-25 17:07:43,881 INFO Progress 5643/8281 status=ok steps=53 confidence=0.999973 elapsed=0.134s
2026-07-25 17:07:44,117 INFO Progress 5644/8281 status=ok steps=96 confidence=0.976709 elapsed=0.236s
2026-07-25 17:07:44,198 INFO Progress 5645/8281 status=ok steps=29 confidence=0.999441 elapsed=0.081s
2026-07-25 17:07:44,284 INFO Progress 5646/8281 status=ok steps=33 confidence=0.999993 elapsed=0.085s
2026-07-25 17:07:44,388 INFO Progress 5647/8281 status=ok steps=41 confidence=0.999803 elapsed=0.103s
2026-07-25 17:07:44,452 INFO Progress 5648/8281 status=ok steps=23 confidence=0.999661 elapsed=0.064s
2026-07-25 17:07:44,566 INFO Progress 5649/8281 status=ok steps=45 confidence=0.999988 elapsed=0.114s
2026-07-25 17:07:44,893 INFO Progress 5650/8281 status=ok steps=50 confidence=0.999579 elapsed=0.123s
2026-07-25 17:07:45,016 INFO Progress 5651/8281 status=ok steps=47 confidence=0.999965 elapsed=0.123s
2026-07-25 17:07:45,141 INFO Progress 5652/8281 status=ok steps=50 confidence=0.999971 elapsed=0.124s
2026-07-25 17:07:45,218 INFO Progress 5653/8281 status=ok steps=30 confidence=0.987725 elapsed=0.077s
2026-07-25 17:07:45,310 INFO Progress 5654/8281 status=ok steps=35 confidence=0.999373 elapsed=0.092s
2026-07-25 17:07:45,386 INFO Progress 5655/8281 status=ok steps=29 confidence=0.999881 elapsed=0.076s
2026-07-25 17:07:45,532 INFO Progress 5656/8281 status=ok steps=59 confidence=0.999951 elapsed=0.145s
2026-07-25 17:07:45,638 INFO Progress 5657/8281 status=ok steps=40 confidence=0.999909 elapsed=0.106s
2026-07-25 17:07:45,729 INFO Progress 5658/8281 status=ok steps=35 confidence=0.999830 elapsed=0.091s
2026-07-25 17:07:45,826 INFO Progress 5659/8281 status=ok steps=37 confidence=0.999915 elapsed=0.097s
2026-07-25 17:07:45,915 INFO Progress 5660/8281 status=ok steps=35 confidence=0.999911 elapsed=0.089s
2026-07-25 17:07:46,020 INFO Progress 5661/8281 status=ok steps=40 confidence=0.999940 elapsed=0.104s
2026-07-25 17:07:46,139 INFO Progress 5662/8281 status=ok steps=47 confidence=0.999961 elapsed=0.119s
2026-07-25 17:07:46,201 INFO Progress 5663/8281 status=ok steps=23 confidence=0.999773 elapsed=0.062s
2026-07-25 17:07:46,316 INFO Progress 5664/8281 status=ok steps=45 confidence=0.999934 elapsed=0.115s
2026-07-25 17:07:46,452 INFO Progress 5665/8281 status=ok steps=55 confidence=0.999995 elapsed=0.135s
2026-07-25 17:07:46,540 INFO Progress 5666/8281 status=ok steps=33 confidence=0.999834 elapsed=0.088s
2026-07-25 17:07:46,664 INFO Progress 5667/8281 status=ok steps=50 confidence=0.999393 elapsed=0.124s
2026-07-25 17:07:46,758 INFO Progress 5668/8281 status=ok steps=37 confidence=0.999979 elapsed=0.094s
2026-07-25 17:07:46,863 INFO Progress 5669/8281 status=ok steps=40 confidence=0.999864 elapsed=0.105s
2026-07-25 17:07:46,998 INFO Progress 5670/8281 status=ok steps=53 confidence=0.999928 elapsed=0.135s
2026-07-25 17:07:47,074 INFO Progress 5671/8281 status=ok steps=29 confidence=0.992866 elapsed=0.076s
2026-07-25 17:07:47,191 INFO Progress 5672/8281 status=ok steps=47 confidence=0.999981 elapsed=0.117s
2026-07-25 17:07:47,254 INFO Progress 5673/8281 status=ok steps=23 confidence=0.999784 elapsed=0.062s
2026-07-25 17:07:47,422 INFO Progress 5674/8281 status=ok steps=69 confidence=0.999957 elapsed=0.168s
2026-07-25 17:07:47,685 INFO Progress 5675/8281 status=ok steps=23 confidence=0.999906 elapsed=0.063s
2026-07-25 17:07:47,784 INFO Progress 5676/8281 status=ok steps=35 confidence=0.999958 elapsed=0.098s
2026-07-25 17:07:47,920 INFO Progress 5677/8281 status=ok steps=55 confidence=0.999964 elapsed=0.136s
2026-07-25 17:07:48,007 INFO Progress 5678/8281 status=ok steps=33 confidence=0.999990 elapsed=0.086s
2026-07-25 17:07:48,111 INFO Progress 5679/8281 status=ok steps=40 confidence=0.999838 elapsed=0.104s
2026-07-25 17:07:48,178 INFO Progress 5680/8281 status=ok steps=25 confidence=0.999926 elapsed=0.067s
2026-07-25 17:07:48,240 INFO Progress 5681/8281 status=ok steps=23 confidence=0.999845 elapsed=0.062s
2026-07-25 17:07:48,304 INFO Progress 5682/8281 status=ok steps=23 confidence=0.999278 elapsed=0.064s
2026-07-25 17:07:48,398 INFO Progress 5683/8281 status=ok steps=35 confidence=0.999985 elapsed=0.093s
2026-07-25 17:07:48,516 INFO Progress 5684/8281 status=ok steps=45 confidence=0.999543 elapsed=0.118s
2026-07-25 17:07:48,684 INFO Progress 5685/8281 status=ok steps=69 confidence=0.999957 elapsed=0.168s
2026-07-25 17:07:48,802 INFO Progress 5686/8281 status=ok steps=45 confidence=0.999468 elapsed=0.118s
2026-07-25 17:07:48,948 INFO Progress 5687/8281 status=ok steps=59 confidence=0.999935 elapsed=0.146s
2026-07-25 17:07:49,046 INFO Progress 5688/8281 status=ok steps=37 confidence=0.999075 elapsed=0.098s
2026-07-25 17:07:49,203 INFO Progress 5689/8281 status=ok steps=65 confidence=0.999993 elapsed=0.157s
2026-07-25 17:07:49,296 INFO Progress 5690/8281 status=ok steps=35 confidence=0.999914 elapsed=0.093s
2026-07-25 17:07:49,430 INFO Progress 5691/8281 status=ok steps=53 confidence=0.999959 elapsed=0.133s
2026-07-25 17:07:49,517 INFO Progress 5692/8281 status=ok steps=29 confidence=0.999944 elapsed=0.087s
2026-07-25 17:07:49,663 INFO Progress 5693/8281 status=ok steps=59 confidence=0.999949 elapsed=0.147s
2026-07-25 17:07:49,754 INFO Progress 5694/8281 status=ok steps=35 confidence=0.999914 elapsed=0.090s
2026-07-25 17:07:49,858 INFO Progress 5695/8281 status=ok steps=41 confidence=0.999872 elapsed=0.104s
2026-07-25 17:07:49,995 INFO Progress 5696/8281 status=ok steps=55 confidence=0.999995 elapsed=0.136s
2026-07-25 17:07:50,099 INFO Progress 5697/8281 status=ok steps=41 confidence=0.999852 elapsed=0.104s
2026-07-25 17:07:50,157 INFO Progress 5698/8281 status=ok steps=20 confidence=0.999633 elapsed=0.058s
2026-07-25 17:07:50,249 INFO Progress 5699/8281 status=ok steps=35 confidence=0.999932 elapsed=0.092s
2026-07-25 17:07:50,580 INFO Progress 5700/8281 status=ok steps=47 confidence=0.999834 elapsed=0.118s
2026-07-25 17:07:50,651 INFO Progress 5701/8281 status=ok steps=25 confidence=0.999912 elapsed=0.071s
2026-07-25 17:07:50,788 INFO Progress 5702/8281 status=ok steps=55 confidence=0.999994 elapsed=0.137s
2026-07-25 17:07:50,848 INFO Progress 5703/8281 status=ok steps=21 confidence=0.999878 elapsed=0.060s
2026-07-25 17:07:50,939 INFO Progress 5704/8281 status=ok steps=35 confidence=0.989563 elapsed=0.091s
2026-07-25 17:07:51,044 INFO Progress 5705/8281 status=ok steps=40 confidence=0.999862 elapsed=0.105s
2026-07-25 17:07:51,136 INFO Progress 5706/8281 status=ok steps=35 confidence=0.999889 elapsed=0.093s
2026-07-25 17:07:51,216 INFO Progress 5707/8281 status=ok steps=30 confidence=0.987725 elapsed=0.079s
2026-07-25 17:07:51,346 INFO Progress 5708/8281 status=ok steps=50 confidence=0.999991 elapsed=0.130s
2026-07-25 17:07:51,438 INFO Progress 5709/8281 status=ok steps=35 confidence=0.999929 elapsed=0.092s
2026-07-25 17:07:51,532 INFO Progress 5710/8281 status=ok steps=37 confidence=0.999920 elapsed=0.094s
2026-07-25 17:07:51,678 INFO Progress 5711/8281 status=ok steps=59 confidence=0.999950 elapsed=0.146s
2026-07-25 17:07:51,791 INFO Progress 5712/8281 status=ok steps=45 confidence=0.999967 elapsed=0.113s
2026-07-25 17:07:51,910 INFO Progress 5713/8281 status=ok steps=47 confidence=0.999834 elapsed=0.119s
2026-07-25 17:07:52,001 INFO Progress 5714/8281 status=ok steps=35 confidence=0.999969 elapsed=0.091s
2026-07-25 17:07:52,137 INFO Progress 5715/8281 status=ok steps=55 confidence=0.999993 elapsed=0.136s
2026-07-25 17:07:52,244 INFO Progress 5716/8281 status=ok steps=41 confidence=0.999837 elapsed=0.107s
2026-07-25 17:07:52,321 INFO Progress 5717/8281 status=ok steps=29 confidence=0.997122 elapsed=0.077s
2026-07-25 17:07:52,397 INFO Progress 5718/8281 status=ok steps=29 confidence=0.999861 elapsed=0.076s
2026-07-25 17:07:52,489 INFO Progress 5719/8281 status=ok steps=35 confidence=0.999937 elapsed=0.092s
2026-07-25 17:07:52,586 INFO Progress 5720/8281 status=ok steps=37 confidence=0.999962 elapsed=0.097s
2026-07-25 17:07:52,648 INFO Progress 5721/8281 status=ok steps=23 confidence=0.999753 elapsed=0.062s
2026-07-25 17:07:52,765 INFO Progress 5722/8281 status=ok steps=47 confidence=0.999965 elapsed=0.117s
2026-07-25 17:07:52,857 INFO Progress 5723/8281 status=ok steps=35 confidence=0.999779 elapsed=0.091s
2026-07-25 17:07:52,950 INFO Progress 5724/8281 status=ok steps=35 confidence=0.996928 elapsed=0.093s
2026-07-25 17:07:53,810 INFO Progress 5725/8281 status=ok steps=77 confidence=0.999686 elapsed=0.235s
2026-07-25 17:07:53,926 INFO Progress 5726/8281 status=ok steps=45 confidence=0.999973 elapsed=0.116s
2026-07-25 17:07:54,058 INFO Progress 5727/8281 status=ok steps=53 confidence=0.999951 elapsed=0.132s
2026-07-25 17:07:54,120 INFO Progress 5728/8281 status=ok steps=23 confidence=0.999618 elapsed=0.062s
2026-07-25 17:07:54,242 INFO Progress 5729/8281 status=ok steps=47 confidence=0.999883 elapsed=0.122s
2026-07-25 17:07:54,304 INFO Progress 5730/8281 status=ok steps=23 confidence=0.999318 elapsed=0.062s
2026-07-25 17:07:54,467 INFO Progress 5731/8281 status=ok steps=65 confidence=0.999973 elapsed=0.163s
2026-07-25 17:07:54,587 INFO Progress 5732/8281 status=ok steps=45 confidence=0.999985 elapsed=0.120s
2026-07-25 17:07:54,683 INFO Progress 5733/8281 status=ok steps=35 confidence=0.999566 elapsed=0.095s
2026-07-25 17:07:54,751 INFO Progress 5734/8281 status=ok steps=25 confidence=0.999937 elapsed=0.068s
2026-07-25 17:07:54,887 INFO Progress 5735/8281 status=ok steps=53 confidence=0.996051 elapsed=0.136s
2026-07-25 17:07:54,971 INFO Progress 5736/8281 status=ok steps=33 confidence=0.999851 elapsed=0.084s
2026-07-25 17:07:55,117 INFO Progress 5737/8281 status=ok steps=59 confidence=0.999984 elapsed=0.146s
2026-07-25 17:07:55,181 INFO Progress 5738/8281 status=ok steps=23 confidence=0.999651 elapsed=0.064s
2026-07-25 17:07:55,293 INFO Progress 5739/8281 status=ok steps=45 confidence=0.999970 elapsed=0.112s
2026-07-25 17:07:55,360 INFO Progress 5740/8281 status=ok steps=25 confidence=0.999981 elapsed=0.067s
2026-07-25 17:07:55,445 INFO Progress 5741/8281 status=ok steps=33 confidence=0.999749 elapsed=0.084s
2026-07-25 17:07:55,520 INFO Progress 5742/8281 status=ok steps=29 confidence=0.999792 elapsed=0.075s
2026-07-25 17:07:55,573 INFO Progress 5743/8281 status=ok steps=17 confidence=0.999935 elapsed=0.052s
2026-07-25 17:07:55,677 INFO Progress 5744/8281 status=ok steps=40 confidence=0.999818 elapsed=0.104s
2026-07-25 17:07:55,766 INFO Progress 5745/8281 status=ok steps=35 confidence=0.999808 elapsed=0.089s
2026-07-25 17:07:55,860 INFO Progress 5746/8281 status=ok steps=37 confidence=0.999879 elapsed=0.094s
2026-07-25 17:07:55,956 INFO Progress 5747/8281 status=ok steps=37 confidence=0.999931 elapsed=0.096s
2026-07-25 17:07:56,105 INFO Progress 5748/8281 status=ok steps=59 confidence=0.999986 elapsed=0.149s
2026-07-25 17:07:56,195 INFO Progress 5749/8281 status=ok steps=35 confidence=0.999884 elapsed=0.090s
2026-07-25 17:07:56,557 INFO Progress 5750/8281 status=ok steps=45 confidence=0.999915 elapsed=0.117s
2026-07-25 17:07:56,663 INFO Progress 5751/8281 status=ok steps=41 confidence=0.999988 elapsed=0.107s
2026-07-25 17:07:56,726 INFO Progress 5752/8281 status=ok steps=23 confidence=0.999775 elapsed=0.063s
2026-07-25 17:07:56,794 INFO Progress 5753/8281 status=ok steps=25 confidence=0.999708 elapsed=0.068s
2026-07-25 17:07:56,910 INFO Progress 5754/8281 status=ok steps=45 confidence=0.999465 elapsed=0.116s
2026-07-25 17:07:57,048 INFO Progress 5755/8281 status=ok steps=55 confidence=0.999997 elapsed=0.138s
2026-07-25 17:07:57,142 INFO Progress 5756/8281 status=ok steps=37 confidence=0.999905 elapsed=0.094s
2026-07-25 17:07:57,205 INFO Progress 5757/8281 status=ok steps=23 confidence=0.999798 elapsed=0.062s
2026-07-25 17:07:57,254 INFO Progress 5758/8281 status=ok steps=17 confidence=0.999910 elapsed=0.049s
2026-07-25 17:07:57,316 INFO Progress 5759/8281 status=ok steps=23 confidence=0.999876 elapsed=0.062s
2026-07-25 17:07:57,386 INFO Progress 5760/8281 status=ok steps=26 confidence=0.999779 elapsed=0.069s
2026-07-25 17:07:57,449 INFO Progress 5761/8281 status=ok steps=23 confidence=0.999777 elapsed=0.063s
2026-07-25 17:07:57,507 INFO Progress 5762/8281 status=ok steps=21 confidence=0.999944 elapsed=0.058s
2026-07-25 17:07:57,610 INFO Progress 5763/8281 status=ok steps=41 confidence=0.999885 elapsed=0.103s
2026-07-25 17:07:57,714 INFO Progress 5764/8281 status=ok steps=40 confidence=0.999818 elapsed=0.104s
2026-07-25 17:07:57,806 INFO Progress 5765/8281 status=ok steps=35 confidence=0.999958 elapsed=0.091s
2026-07-25 17:07:57,883 INFO Progress 5766/8281 status=ok steps=29 confidence=0.999904 elapsed=0.077s
2026-07-25 17:07:57,988 INFO Progress 5767/8281 status=ok steps=41 confidence=0.999854 elapsed=0.105s
2026-07-25 17:07:58,106 INFO Progress 5768/8281 status=ok steps=47 confidence=0.999990 elapsed=0.118s
2026-07-25 17:07:58,273 INFO Progress 5769/8281 status=ok steps=65 confidence=0.999921 elapsed=0.167s
2026-07-25 17:07:58,341 INFO Progress 5770/8281 status=ok steps=25 confidence=0.999918 elapsed=0.068s
2026-07-25 17:07:58,510 INFO Progress 5771/8281 status=ok steps=69 confidence=0.999918 elapsed=0.169s
2026-07-25 17:07:58,586 INFO Progress 5772/8281 status=ok steps=29 confidence=0.999861 elapsed=0.075s
2026-07-25 17:07:58,654 INFO Progress 5773/8281 status=ok steps=25 confidence=0.999944 elapsed=0.068s
2026-07-25 17:07:58,822 INFO Progress 5774/8281 status=ok steps=69 confidence=0.999957 elapsed=0.168s
2026-07-25 17:07:59,171 INFO Progress 5775/8281 status=ok steps=59 confidence=0.999976 elapsed=0.147s
2026-07-25 17:07:59,265 INFO Progress 5776/8281 status=ok steps=35 confidence=0.999808 elapsed=0.094s
2026-07-25 17:07:59,342 INFO Progress 5777/8281 status=ok steps=29 confidence=0.999947 elapsed=0.077s
2026-07-25 17:07:59,502 INFO Progress 5778/8281 status=ok steps=65 confidence=0.999918 elapsed=0.160s
2026-07-25 17:07:59,566 INFO Progress 5779/8281 status=ok steps=23 confidence=0.996968 elapsed=0.064s
2026-07-25 17:07:59,703 INFO Progress 5780/8281 status=ok steps=55 confidence=0.999994 elapsed=0.137s
2026-07-25 17:07:59,788 INFO Progress 5781/8281 status=ok steps=33 confidence=0.999851 elapsed=0.085s
2026-07-25 17:07:59,897 INFO Progress 5782/8281 status=ok steps=41 confidence=0.999954 elapsed=0.108s
2026-07-25 17:08:00,001 INFO Progress 5783/8281 status=ok steps=41 confidence=0.999869 elapsed=0.105s
2026-07-25 17:08:00,110 INFO Progress 5784/8281 status=ok steps=41 confidence=0.999960 elapsed=0.109s
2026-07-25 17:08:00,247 INFO Progress 5785/8281 status=ok steps=55 confidence=0.999993 elapsed=0.137s
2026-07-25 17:08:00,354 INFO Progress 5786/8281 status=ok steps=41 confidence=0.999973 elapsed=0.106s
2026-07-25 17:08:00,520 INFO Progress 5787/8281 status=ok steps=65 confidence=0.999991 elapsed=0.166s
2026-07-25 17:08:00,614 INFO Progress 5788/8281 status=ok steps=33 confidence=0.999854 elapsed=0.095s
2026-07-25 17:08:00,720 INFO Progress 5789/8281 status=ok steps=37 confidence=0.999915 elapsed=0.106s
2026-07-25 17:08:00,889 INFO Progress 5790/8281 status=ok steps=61 confidence=0.999934 elapsed=0.169s
2026-07-25 17:08:00,976 INFO Progress 5791/8281 status=ok steps=33 confidence=0.999980 elapsed=0.087s
2026-07-25 17:08:01,081 INFO Progress 5792/8281 status=ok steps=41 confidence=0.999980 elapsed=0.104s
2026-07-25 17:08:01,205 INFO Progress 5793/8281 status=ok steps=50 confidence=0.998223 elapsed=0.124s
2026-07-25 17:08:01,268 INFO Progress 5794/8281 status=ok steps=23 confidence=0.999748 elapsed=0.063s
2026-07-25 17:08:01,360 INFO Progress 5795/8281 status=ok steps=35 confidence=0.999833 elapsed=0.092s
2026-07-25 17:08:01,445 INFO Progress 5796/8281 status=ok steps=33 confidence=0.999809 elapsed=0.085s
2026-07-25 17:08:01,511 INFO Progress 5797/8281 status=ok steps=23 confidence=0.999702 elapsed=0.066s
2026-07-25 17:08:01,632 INFO Progress 5798/8281 status=ok steps=47 confidence=0.999990 elapsed=0.121s
2026-07-25 17:08:01,727 INFO Progress 5799/8281 status=ok steps=37 confidence=0.999969 elapsed=0.095s
2026-07-25 17:08:02,169 INFO Progress 5800/8281 status=ok steps=29 confidence=0.999811 elapsed=0.076s
2026-07-25 17:08:02,253 INFO Progress 5801/8281 status=ok steps=29 confidence=0.999914 elapsed=0.084s
2026-07-25 17:08:02,390 INFO Progress 5802/8281 status=ok steps=55 confidence=0.999995 elapsed=0.137s
2026-07-25 17:08:02,481 INFO Progress 5803/8281 status=ok steps=35 confidence=0.999950 elapsed=0.091s
2026-07-25 17:08:02,544 INFO Progress 5804/8281 status=ok steps=23 confidence=0.999845 elapsed=0.062s
2026-07-25 17:08:02,647 INFO Progress 5805/8281 status=ok steps=41 confidence=0.999903 elapsed=0.103s
2026-07-25 17:08:02,738 INFO Progress 5806/8281 status=ok steps=35 confidence=0.996653 elapsed=0.091s
2026-07-25 17:08:02,829 INFO Progress 5807/8281 status=ok steps=35 confidence=0.999942 elapsed=0.090s
2026-07-25 17:08:02,945 INFO Progress 5808/8281 status=ok steps=45 confidence=0.999906 elapsed=0.116s
2026-07-25 17:08:03,049 INFO Progress 5809/8281 status=ok steps=40 confidence=0.999899 elapsed=0.104s
2026-07-25 17:08:03,111 INFO Progress 5810/8281 status=ok steps=23 confidence=0.999648 elapsed=0.062s
2026-07-25 17:08:03,174 INFO Progress 5811/8281 status=ok steps=23 confidence=0.999773 elapsed=0.063s
2026-07-25 17:08:03,333 INFO Progress 5812/8281 status=ok steps=65 confidence=0.999994 elapsed=0.158s
2026-07-25 17:08:03,451 INFO Progress 5813/8281 status=ok steps=47 confidence=0.999965 elapsed=0.118s
2026-07-25 17:08:03,514 INFO Progress 5814/8281 status=ok steps=23 confidence=0.999938 elapsed=0.062s
2026-07-25 17:08:03,590 INFO Progress 5815/8281 status=ok steps=29 confidence=0.999858 elapsed=0.076s
2026-07-25 17:08:03,685 INFO Progress 5816/8281 status=ok steps=37 confidence=0.999969 elapsed=0.094s
2026-07-25 17:08:03,788 INFO Progress 5817/8281 status=ok steps=41 confidence=0.999997 elapsed=0.103s
2026-07-25 17:08:03,911 INFO Progress 5818/8281 status=ok steps=50 confidence=0.998582 elapsed=0.123s
2026-07-25 17:08:04,020 INFO Progress 5819/8281 status=ok steps=41 confidence=0.999976 elapsed=0.109s
2026-07-25 17:08:04,125 INFO Progress 5820/8281 status=ok steps=40 confidence=0.999854 elapsed=0.105s
2026-07-25 17:08:04,208 INFO Progress 5821/8281 status=ok steps=29 confidence=0.999745 elapsed=0.083s
2026-07-25 17:08:04,326 INFO Progress 5822/8281 status=ok steps=47 confidence=0.999966 elapsed=0.118s
2026-07-25 17:08:04,497 INFO Progress 5823/8281 status=ok steps=69 confidence=0.999918 elapsed=0.171s
2026-07-25 17:08:04,556 INFO Progress 5824/8281 status=ok steps=21 confidence=0.999778 elapsed=0.059s
2026-07-25 17:08:04,874 INFO Progress 5825/8281 status=ok steps=41 confidence=0.999941 elapsed=0.103s
2026-07-25 17:08:04,970 INFO Progress 5826/8281 status=ok steps=35 confidence=0.999826 elapsed=0.096s
2026-07-25 17:08:05,064 INFO Progress 5827/8281 status=ok steps=37 confidence=0.999954 elapsed=0.094s
2026-07-25 17:08:05,128 INFO Progress 5828/8281 status=ok steps=23 confidence=0.999753 elapsed=0.064s
2026-07-25 17:08:05,241 INFO Progress 5829/8281 status=ok steps=45 confidence=0.999970 elapsed=0.113s
2026-07-25 17:08:05,303 INFO Progress 5830/8281 status=ok steps=23 confidence=0.999729 elapsed=0.062s
2026-07-25 17:08:05,394 INFO Progress 5831/8281 status=ok steps=35 confidence=0.999942 elapsed=0.090s
2026-07-25 17:08:05,558 INFO Progress 5832/8281 status=ok steps=65 confidence=0.999921 elapsed=0.164s
2026-07-25 17:08:05,626 INFO Progress 5833/8281 status=ok steps=25 confidence=0.999959 elapsed=0.068s
2026-07-25 17:08:05,744 INFO Progress 5834/8281 status=ok steps=47 confidence=0.999961 elapsed=0.118s
2026-07-25 17:08:05,882 INFO Progress 5835/8281 status=ok steps=55 confidence=0.999964 elapsed=0.137s
2026-07-25 17:08:05,986 INFO Progress 5836/8281 status=ok steps=40 confidence=0.999674 elapsed=0.105s
2026-07-25 17:08:06,075 INFO Progress 5837/8281 status=ok steps=35 confidence=0.999665 elapsed=0.089s
2026-07-25 17:08:06,213 INFO Progress 5838/8281 status=ok steps=55 confidence=0.999991 elapsed=0.137s
2026-07-25 17:08:06,368 INFO Progress 5839/8281 status=ok steps=61 confidence=0.999934 elapsed=0.156s
2026-07-25 17:08:06,500 INFO Progress 5840/8281 status=ok steps=53 confidence=0.999990 elapsed=0.131s
2026-07-25 17:08:06,603 INFO Progress 5841/8281 status=ok steps=41 confidence=0.999997 elapsed=0.103s
2026-07-25 17:08:06,723 INFO Progress 5842/8281 status=ok steps=47 confidence=0.999989 elapsed=0.120s
2026-07-25 17:08:06,859 INFO Progress 5843/8281 status=ok steps=53 confidence=0.999989 elapsed=0.136s
2026-07-25 17:08:06,966 INFO Progress 5844/8281 status=ok steps=41 confidence=0.999988 elapsed=0.107s
2026-07-25 17:08:07,056 INFO Progress 5845/8281 status=ok steps=35 confidence=0.999969 elapsed=0.090s
2026-07-25 17:08:07,194 INFO Progress 5846/8281 status=ok steps=55 confidence=0.999994 elapsed=0.137s
2026-07-25 17:08:07,297 INFO Progress 5847/8281 status=ok steps=41 confidence=0.999855 elapsed=0.104s
2026-07-25 17:08:07,347 INFO Progress 5848/8281 status=ok steps=17 confidence=0.999905 elapsed=0.049s
2026-07-25 17:08:07,437 INFO Progress 5849/8281 status=ok steps=35 confidence=0.999931 elapsed=0.090s
2026-07-25 17:08:07,801 INFO Progress 5850/8281 status=ok steps=59 confidence=0.999849 elapsed=0.149s
2026-07-25 17:08:07,920 INFO Progress 5851/8281 status=ok steps=47 confidence=0.999941 elapsed=0.118s
2026-07-25 17:08:07,999 INFO Progress 5852/8281 status=ok steps=30 confidence=0.999900 elapsed=0.079s
2026-07-25 17:08:08,103 INFO Progress 5853/8281 status=ok steps=40 confidence=0.999834 elapsed=0.104s
2026-07-25 17:08:08,219 INFO Progress 5854/8281 status=ok steps=47 confidence=0.999960 elapsed=0.116s
2026-07-25 17:08:08,331 INFO Progress 5855/8281 status=ok steps=45 confidence=0.999906 elapsed=0.112s
2026-07-25 17:08:08,429 INFO Progress 5856/8281 status=ok steps=37 confidence=0.998676 elapsed=0.097s
2026-07-25 17:08:08,542 INFO Progress 5857/8281 status=ok steps=45 confidence=0.999985 elapsed=0.113s
2026-07-25 17:08:08,620 INFO Progress 5858/8281 status=ok steps=29 confidence=0.999881 elapsed=0.077s
2026-07-25 17:08:08,711 INFO Progress 5859/8281 status=ok steps=35 confidence=0.999958 elapsed=0.091s
2026-07-25 17:08:08,789 INFO Progress 5860/8281 status=ok steps=29 confidence=0.999815 elapsed=0.077s
2026-07-25 17:08:08,868 INFO Progress 5861/8281 status=ok steps=29 confidence=0.999931 elapsed=0.080s
2026-07-25 17:08:08,959 INFO Progress 5862/8281 status=ok steps=35 confidence=0.999959 elapsed=0.090s
2026-07-25 17:08:09,054 INFO Progress 5863/8281 status=ok steps=37 confidence=0.999920 elapsed=0.095s
2026-07-25 17:08:09,168 INFO Progress 5864/8281 status=ok steps=45 confidence=0.999885 elapsed=0.114s
2026-07-25 17:08:09,254 INFO Progress 5865/8281 status=ok steps=33 confidence=0.999834 elapsed=0.086s
2026-07-25 17:08:09,396 INFO Progress 5866/8281 status=ok steps=55 confidence=0.999658 elapsed=0.142s
2026-07-25 17:08:09,540 INFO Progress 5867/8281 status=ok steps=55 confidence=0.999996 elapsed=0.143s
2026-07-25 17:08:09,677 INFO Progress 5868/8281 status=ok steps=55 confidence=0.999996 elapsed=0.137s
2026-07-25 17:08:09,842 INFO Progress 5869/8281 status=ok steps=65 confidence=0.999928 elapsed=0.165s
2026-07-25 17:08:09,905 INFO Progress 5870/8281 status=ok steps=23 confidence=0.999778 elapsed=0.063s
2026-07-25 17:08:10,097 INFO Progress 5871/8281 status=ok steps=77 confidence=0.999686 elapsed=0.192s
2026-07-25 17:08:10,166 INFO Progress 5872/8281 status=ok steps=25 confidence=0.999621 elapsed=0.069s
2026-07-25 17:08:10,252 INFO Progress 5873/8281 status=ok steps=33 confidence=0.999995 elapsed=0.087s
2026-07-25 17:08:10,332 INFO Progress 5874/8281 status=ok steps=29 confidence=0.999968 elapsed=0.079s
2026-07-25 17:08:10,615 INFO Progress 5875/8281 status=ok steps=23 confidence=0.999775 elapsed=0.065s
2026-07-25 17:08:10,724 INFO Progress 5876/8281 status=ok steps=41 confidence=0.999941 elapsed=0.109s
2026-07-25 17:08:10,787 INFO Progress 5877/8281 status=ok steps=23 confidence=0.999801 elapsed=0.062s
2026-07-25 17:08:10,917 INFO Progress 5878/8281 status=ok steps=53 confidence=0.999951 elapsed=0.131s
2026-07-25 17:08:11,012 INFO Progress 5879/8281 status=ok steps=35 confidence=0.999985 elapsed=0.094s
2026-07-25 17:08:11,125 INFO Progress 5880/8281 status=ok steps=45 confidence=0.999967 elapsed=0.113s
2026-07-25 17:08:11,242 INFO Progress 5881/8281 status=ok steps=45 confidence=0.999559 elapsed=0.117s
2026-07-25 17:08:11,337 INFO Progress 5882/8281 status=ok steps=37 confidence=0.999949 elapsed=0.095s
2026-07-25 17:08:11,414 INFO Progress 5883/8281 status=ok steps=29 confidence=0.999835 elapsed=0.077s
2026-07-25 17:08:11,578 INFO Progress 5884/8281 status=ok steps=65 confidence=0.999925 elapsed=0.164s
2026-07-25 17:08:11,735 INFO Progress 5885/8281 status=ok steps=65 confidence=0.999992 elapsed=0.157s
2026-07-25 17:08:11,840 INFO Progress 5886/8281 status=ok steps=41 confidence=0.999995 elapsed=0.104s
2026-07-25 17:08:11,918 INFO Progress 5887/8281 status=ok steps=29 confidence=0.999902 elapsed=0.078s
2026-07-25 17:08:12,053 INFO Progress 5888/8281 status=ok steps=53 confidence=0.999977 elapsed=0.135s
2026-07-25 17:08:12,174 INFO Progress 5889/8281 status=ok steps=47 confidence=0.999961 elapsed=0.121s
2026-07-25 17:08:12,238 INFO Progress 5890/8281 status=ok steps=23 confidence=0.999777 elapsed=0.063s
2026-07-25 17:08:12,371 INFO Progress 5891/8281 status=ok steps=50 confidence=0.999988 elapsed=0.133s
2026-07-25 17:08:12,461 INFO Progress 5892/8281 status=ok steps=35 confidence=0.999884 elapsed=0.090s
2026-07-25 17:08:12,525 INFO Progress 5893/8281 status=ok steps=23 confidence=0.999704 elapsed=0.064s
2026-07-25 17:08:12,599 INFO Progress 5894/8281 status=ok steps=23 confidence=0.999949 elapsed=0.074s
2026-07-25 17:08:12,758 INFO Progress 5895/8281 status=ok steps=65 confidence=0.999994 elapsed=0.159s
2026-07-25 17:08:12,854 INFO Progress 5896/8281 status=ok steps=35 confidence=0.999968 elapsed=0.096s
2026-07-25 17:08:12,981 INFO Progress 5897/8281 status=ok steps=47 confidence=0.999977 elapsed=0.127s
2026-07-25 17:08:13,107 INFO Progress 5898/8281 status=ok steps=50 confidence=0.999393 elapsed=0.126s
2026-07-25 17:08:13,201 INFO Progress 5899/8281 status=ok steps=35 confidence=0.999708 elapsed=0.094s
2026-07-25 17:08:13,645 INFO Progress 5900/8281 status=ok steps=33 confidence=0.999975 elapsed=0.087s
2026-07-25 17:08:13,788 INFO Progress 5901/8281 status=ok steps=55 confidence=0.999996 elapsed=0.143s
2026-07-25 17:08:13,884 INFO Progress 5902/8281 status=ok steps=37 confidence=0.999941 elapsed=0.095s
2026-07-25 17:08:13,989 INFO Progress 5903/8281 status=ok steps=41 confidence=0.999903 elapsed=0.105s
2026-07-25 17:08:14,108 INFO Progress 5904/8281 status=ok steps=45 confidence=0.999915 elapsed=0.118s
2026-07-25 17:08:14,231 INFO Progress 5905/8281 status=ok steps=47 confidence=0.999977 elapsed=0.123s
2026-07-25 17:08:14,313 INFO Progress 5906/8281 status=ok steps=29 confidence=0.999745 elapsed=0.082s
2026-07-25 17:08:14,389 INFO Progress 5907/8281 status=ok steps=29 confidence=0.992866 elapsed=0.076s
2026-07-25 17:08:14,525 INFO Progress 5908/8281 status=ok steps=55 confidence=0.999994 elapsed=0.136s
2026-07-25 17:08:14,672 INFO Progress 5909/8281 status=ok steps=59 confidence=0.999947 elapsed=0.146s
2026-07-25 17:08:14,763 INFO Progress 5910/8281 status=ok steps=35 confidence=0.999969 elapsed=0.091s
2026-07-25 17:08:14,898 INFO Progress 5911/8281 status=ok steps=53 confidence=0.999977 elapsed=0.134s
2026-07-25 17:08:15,002 INFO Progress 5912/8281 status=ok steps=41 confidence=0.999954 elapsed=0.104s
2026-07-25 17:08:15,107 INFO Progress 5913/8281 status=ok steps=41 confidence=0.999855 elapsed=0.104s
2026-07-25 17:08:15,245 INFO Progress 5914/8281 status=ok steps=55 confidence=0.999994 elapsed=0.138s
2026-07-25 17:08:15,362 INFO Progress 5915/8281 status=ok steps=45 confidence=0.999997 elapsed=0.117s
2026-07-25 17:08:15,510 INFO Progress 5916/8281 status=ok steps=59 confidence=0.999949 elapsed=0.147s
2026-07-25 17:08:15,655 INFO Progress 5917/8281 status=ok steps=59 confidence=0.999950 elapsed=0.145s
2026-07-25 17:08:15,720 INFO Progress 5918/8281 status=ok steps=23 confidence=0.999704 elapsed=0.065s
2026-07-25 17:08:15,829 INFO Progress 5919/8281 status=ok steps=41 confidence=0.999933 elapsed=0.109s
2026-07-25 17:08:15,897 INFO Progress 5920/8281 status=ok steps=25 confidence=0.999621 elapsed=0.068s
2026-07-25 17:08:15,993 INFO Progress 5921/8281 status=ok steps=37 confidence=0.999954 elapsed=0.095s
2026-07-25 17:08:16,084 INFO Progress 5922/8281 status=ok steps=35 confidence=0.999963 elapsed=0.091s
2026-07-25 17:08:16,160 INFO Progress 5923/8281 status=ok steps=29 confidence=0.999835 elapsed=0.077s
2026-07-25 17:08:16,274 INFO Progress 5924/8281 status=ok steps=45 confidence=0.999925 elapsed=0.114s
2026-07-25 17:08:16,641 INFO Progress 5925/8281 status=ok steps=50 confidence=0.999953 elapsed=0.124s
2026-07-25 17:08:16,715 INFO Progress 5926/8281 status=ok steps=25 confidence=0.999920 elapsed=0.073s
2026-07-25 17:08:16,807 INFO Progress 5927/8281 status=ok steps=35 confidence=0.999830 elapsed=0.092s
2026-07-25 17:08:16,875 INFO Progress 5928/8281 status=ok steps=25 confidence=0.999981 elapsed=0.068s
2026-07-25 17:08:16,982 INFO Progress 5929/8281 status=ok steps=41 confidence=0.999939 elapsed=0.107s
2026-07-25 17:08:17,087 INFO Progress 5930/8281 status=ok steps=40 confidence=0.999644 elapsed=0.105s
2026-07-25 17:08:17,231 INFO Progress 5931/8281 status=ok steps=55 confidence=0.999658 elapsed=0.144s
2026-07-25 17:08:17,309 INFO Progress 5932/8281 status=ok steps=29 confidence=0.999967 elapsed=0.078s
2026-07-25 17:08:17,455 INFO Progress 5933/8281 status=ok steps=59 confidence=0.999942 elapsed=0.145s
2026-07-25 17:08:17,542 INFO Progress 5934/8281 status=ok steps=33 confidence=0.999991 elapsed=0.087s
2026-07-25 17:08:17,596 INFO Progress 5935/8281 status=ok steps=17 confidence=0.999935 elapsed=0.054s
2026-07-25 17:08:17,676 INFO Progress 5936/8281 status=ok steps=30 confidence=0.999979 elapsed=0.080s
2026-07-25 17:08:17,768 INFO Progress 5937/8281 status=ok steps=35 confidence=0.999769 elapsed=0.092s
2026-07-25 17:08:17,861 INFO Progress 5938/8281 status=ok steps=35 confidence=0.999963 elapsed=0.092s
2026-07-25 17:08:17,947 INFO Progress 5939/8281 status=ok steps=33 confidence=0.999978 elapsed=0.086s
2026-07-25 17:08:18,041 INFO Progress 5940/8281 status=ok steps=37 confidence=0.999981 elapsed=0.095s
2026-07-25 17:08:18,147 INFO Progress 5941/8281 status=ok steps=41 confidence=0.999980 elapsed=0.106s
2026-07-25 17:08:18,201 INFO Progress 5942/8281 status=ok steps=19 confidence=0.972210 elapsed=0.054s
2026-07-25 17:08:18,367 INFO Progress 5943/8281 status=ok steps=65 confidence=0.999968 elapsed=0.165s
2026-07-25 17:08:18,473 INFO Progress 5944/8281 status=ok steps=40 confidence=0.999940 elapsed=0.106s
2026-07-25 17:08:18,639 INFO Progress 5945/8281 status=ok steps=65 confidence=0.999928 elapsed=0.166s
2026-07-25 17:08:18,702 INFO Progress 5946/8281 status=ok steps=23 confidence=0.999671 elapsed=0.063s
2026-07-25 17:08:18,825 INFO Progress 5947/8281 status=ok steps=50 confidence=0.999369 elapsed=0.123s
2026-07-25 17:08:18,904 INFO Progress 5948/8281 status=ok steps=29 confidence=0.999914 elapsed=0.079s
2026-07-25 17:08:19,009 INFO Progress 5949/8281 status=ok steps=35 confidence=0.999932 elapsed=0.105s
2026-07-25 17:08:19,483 INFO Progress 5950/8281 status=ok steps=93 confidence=0.991183 elapsed=0.244s
2026-07-25 17:08:19,545 INFO Progress 5951/8281 status=ok steps=21 confidence=0.999962 elapsed=0.062s
2026-07-25 17:08:19,651 INFO Progress 5952/8281 status=ok steps=40 confidence=0.999862 elapsed=0.106s
2026-07-25 17:08:19,727 INFO Progress 5953/8281 status=ok steps=29 confidence=0.999967 elapsed=0.077s
2026-07-25 17:08:19,864 INFO Progress 5954/8281 status=ok steps=55 confidence=0.999997 elapsed=0.136s
2026-07-25 17:08:19,949 INFO Progress 5955/8281 status=ok steps=33 confidence=0.999854 elapsed=0.085s
2026-07-25 17:08:20,118 INFO Progress 5956/8281 status=ok steps=69 confidence=0.999958 elapsed=0.169s
2026-07-25 17:08:20,240 INFO Progress 5957/8281 status=ok steps=45 confidence=0.999997 elapsed=0.122s
2026-07-25 17:08:20,342 INFO Progress 5958/8281 status=ok steps=35 confidence=0.999826 elapsed=0.102s
2026-07-25 17:08:20,438 INFO Progress 5959/8281 status=ok steps=37 confidence=0.999962 elapsed=0.096s
2026-07-25 17:08:20,543 INFO Progress 5960/8281 status=ok steps=40 confidence=0.999860 elapsed=0.105s
2026-07-25 17:08:20,596 INFO Progress 5961/8281 status=ok steps=17 confidence=0.999929 elapsed=0.053s
2026-07-25 17:08:20,662 INFO Progress 5962/8281 status=ok steps=23 confidence=0.999906 elapsed=0.066s
2026-07-25 17:08:20,726 INFO Progress 5963/8281 status=ok steps=23 confidence=0.999671 elapsed=0.064s
2026-07-25 17:08:20,820 INFO Progress 5964/8281 status=ok steps=35 confidence=0.999963 elapsed=0.094s
2026-07-25 17:08:20,924 INFO Progress 5965/8281 status=ok steps=41 confidence=0.999946 elapsed=0.104s
2026-07-25 17:08:20,994 INFO Progress 5966/8281 status=ok steps=25 confidence=0.999941 elapsed=0.070s
2026-07-25 17:08:21,059 INFO Progress 5967/8281 status=ok steps=23 confidence=0.999748 elapsed=0.065s
2026-07-25 17:08:21,233 INFO Progress 5968/8281 status=ok steps=69 confidence=0.999910 elapsed=0.174s
2026-07-25 17:08:21,336 INFO Progress 5969/8281 status=ok steps=40 confidence=0.984163 elapsed=0.102s
2026-07-25 17:08:21,431 INFO Progress 5970/8281 status=ok steps=37 confidence=0.999986 elapsed=0.095s
2026-07-25 17:08:21,510 INFO Progress 5971/8281 status=ok steps=29 confidence=0.999968 elapsed=0.079s
2026-07-25 17:08:21,601 INFO Progress 5972/8281 status=ok steps=35 confidence=0.999959 elapsed=0.091s
2026-07-25 17:08:21,707 INFO Progress 5973/8281 status=ok steps=41 confidence=0.999960 elapsed=0.106s
2026-07-25 17:08:21,877 INFO Progress 5974/8281 status=ok steps=69 confidence=0.999841 elapsed=0.169s
2026-07-25 17:08:22,339 INFO Progress 5975/8281 status=ok steps=47 confidence=0.999963 elapsed=0.129s
2026-07-25 17:08:22,434 INFO Progress 5976/8281 status=ok steps=35 confidence=0.996928 elapsed=0.095s
2026-07-25 17:08:22,545 INFO Progress 5977/8281 status=ok steps=41 confidence=0.999976 elapsed=0.111s
2026-07-25 17:08:22,608 INFO Progress 5978/8281 status=ok steps=23 confidence=0.990089 elapsed=0.063s
2026-07-25 17:08:22,700 INFO Progress 5979/8281 status=ok steps=35 confidence=0.999950 elapsed=0.092s
2026-07-25 17:08:22,806 INFO Progress 5980/8281 status=ok steps=41 confidence=0.999942 elapsed=0.105s
2026-07-25 17:08:22,901 INFO Progress 5981/8281 status=ok steps=35 confidence=0.999741 elapsed=0.095s
2026-07-25 17:08:23,038 INFO Progress 5982/8281 status=ok steps=55 confidence=0.999995 elapsed=0.137s
2026-07-25 17:08:23,201 INFO Progress 5983/8281 status=ok steps=65 confidence=0.999968 elapsed=0.163s
2026-07-25 17:08:23,264 INFO Progress 5984/8281 status=ok steps=23 confidence=0.999778 elapsed=0.062s
2026-07-25 17:08:23,349 INFO Progress 5985/8281 status=ok steps=33 confidence=0.999912 elapsed=0.086s
2026-07-25 17:08:23,467 INFO Progress 5986/8281 status=ok steps=47 confidence=0.999960 elapsed=0.117s
2026-07-25 17:08:23,568 INFO Progress 5987/8281 status=ok steps=40 confidence=0.999994 elapsed=0.101s
2026-07-25 17:08:23,662 INFO Progress 5988/8281 status=ok steps=37 confidence=0.999851 elapsed=0.094s
2026-07-25 17:08:23,726 INFO Progress 5989/8281 status=ok steps=23 confidence=0.999691 elapsed=0.063s
2026-07-25 17:08:23,850 INFO Progress 5990/8281 status=ok steps=50 confidence=0.999913 elapsed=0.124s
2026-07-25 17:08:23,927 INFO Progress 5991/8281 status=ok steps=29 confidence=0.997122 elapsed=0.077s
2026-07-25 17:08:24,023 INFO Progress 5992/8281 status=ok steps=35 confidence=0.999566 elapsed=0.096s
2026-07-25 17:08:24,138 INFO Progress 5993/8281 status=ok steps=45 confidence=0.999934 elapsed=0.115s
2026-07-25 17:08:24,230 INFO Progress 5994/8281 status=ok steps=35 confidence=0.999833 elapsed=0.092s
2026-07-25 17:08:24,347 INFO Progress 5995/8281 status=ok steps=47 confidence=0.999941 elapsed=0.118s
2026-07-25 17:08:24,434 INFO Progress 5996/8281 status=ok steps=33 confidence=0.999749 elapsed=0.087s
2026-07-25 17:08:24,541 INFO Progress 5997/8281 status=ok steps=40 confidence=0.999838 elapsed=0.107s
2026-07-25 17:08:24,699 INFO Progress 5998/8281 status=ok steps=65 confidence=0.999994 elapsed=0.157s
2026-07-25 17:08:24,785 INFO Progress 5999/8281 status=ok steps=33 confidence=0.999991 elapsed=0.086s
2026-07-25 17:08:25,190 INFO Progress 6000/8281 status=ok steps=69 confidence=0.999910 elapsed=0.169s
2026-07-25 17:08:25,306 INFO Progress 6001/8281 status=ok steps=45 confidence=0.999985 elapsed=0.116s
2026-07-25 17:08:25,374 INFO Progress 6002/8281 status=ok steps=25 confidence=0.999852 elapsed=0.068s
2026-07-25 17:08:25,532 INFO Progress 6003/8281 status=ok steps=65 confidence=0.999994 elapsed=0.157s
2026-07-25 17:08:25,690 INFO Progress 6004/8281 status=ok steps=65 confidence=0.999994 elapsed=0.158s
2026-07-25 17:08:25,781 INFO Progress 6005/8281 status=ok steps=35 confidence=0.999969 elapsed=0.091s
2026-07-25 17:08:25,934 INFO Progress 6006/8281 status=ok steps=61 confidence=0.999988 elapsed=0.153s
2026-07-25 17:08:26,093 INFO Progress 6007/8281 status=ok steps=61 confidence=0.999534 elapsed=0.159s
2026-07-25 17:08:26,198 INFO Progress 6008/8281 status=ok steps=41 confidence=0.999973 elapsed=0.105s
2026-07-25 17:08:26,275 INFO Progress 6009/8281 status=ok steps=29 confidence=0.999970 elapsed=0.077s
2026-07-25 17:08:26,355 INFO Progress 6010/8281 status=ok steps=29 confidence=0.999919 elapsed=0.080s
2026-07-25 17:08:26,503 INFO Progress 6011/8281 status=ok steps=59 confidence=0.999984 elapsed=0.148s
2026-07-25 17:08:26,634 INFO Progress 6012/8281 status=ok steps=50 confidence=0.999918 elapsed=0.131s
2026-07-25 17:08:26,694 INFO Progress 6013/8281 status=ok steps=21 confidence=0.997791 elapsed=0.060s
2026-07-25 17:08:26,791 INFO Progress 6014/8281 status=ok steps=37 confidence=0.999909 elapsed=0.097s
2026-07-25 17:08:26,937 INFO Progress 6015/8281 status=ok steps=59 confidence=0.999947 elapsed=0.145s
2026-07-25 17:08:27,041 INFO Progress 6016/8281 status=ok steps=40 confidence=0.999860 elapsed=0.104s
2026-07-25 17:08:27,151 INFO Progress 6017/8281 status=ok steps=41 confidence=0.999939 elapsed=0.109s
2026-07-25 17:08:27,276 INFO Progress 6018/8281 status=ok steps=41 confidence=0.999936 elapsed=0.124s
2026-07-25 17:08:27,396 INFO Progress 6019/8281 status=ok steps=47 confidence=0.999966 elapsed=0.120s
2026-07-25 17:08:27,458 INFO Progress 6020/8281 status=ok steps=20 confidence=0.999633 elapsed=0.062s
2026-07-25 17:08:27,521 INFO Progress 6021/8281 status=ok steps=23 confidence=0.999318 elapsed=0.062s
2026-07-25 17:08:27,611 INFO Progress 6022/8281 status=ok steps=35 confidence=0.999977 elapsed=0.090s
2026-07-25 17:08:27,732 INFO Progress 6023/8281 status=ok steps=47 confidence=0.999969 elapsed=0.121s
2026-07-25 17:08:27,835 INFO Progress 6024/8281 status=ok steps=40 confidence=0.999899 elapsed=0.103s
2026-07-25 17:08:28,365 INFO Progress 6025/8281 status=ok steps=47 confidence=0.999965 elapsed=0.119s
2026-07-25 17:08:28,459 INFO Progress 6026/8281 status=ok steps=33 confidence=0.999990 elapsed=0.094s
2026-07-25 17:08:28,536 INFO Progress 6027/8281 status=ok steps=25 confidence=0.999918 elapsed=0.076s
2026-07-25 17:08:28,628 INFO Progress 6028/8281 status=ok steps=35 confidence=0.999963 elapsed=0.092s
2026-07-25 17:08:28,792 INFO Progress 6029/8281 status=ok steps=65 confidence=0.999925 elapsed=0.164s
2026-07-25 17:08:28,948 INFO Progress 6030/8281 status=ok steps=65 confidence=0.999993 elapsed=0.156s
2026-07-25 17:08:29,083 INFO Progress 6031/8281 status=ok steps=53 confidence=0.999989 elapsed=0.135s
2026-07-25 17:08:29,189 INFO Progress 6032/8281 status=ok steps=40 confidence=0.999909 elapsed=0.106s
2026-07-25 17:08:29,357 INFO Progress 6033/8281 status=ok steps=69 confidence=0.999916 elapsed=0.168s
2026-07-25 17:08:29,517 INFO Progress 6034/8281 status=ok steps=65 confidence=0.999929 elapsed=0.160s
2026-07-25 17:08:29,675 INFO Progress 6035/8281 status=ok steps=65 confidence=0.999994 elapsed=0.158s
2026-07-25 17:08:29,739 INFO Progress 6036/8281 status=ok steps=23 confidence=0.999691 elapsed=0.063s
2026-07-25 17:08:29,831 INFO Progress 6037/8281 status=ok steps=35 confidence=0.999960 elapsed=0.092s
2026-07-25 17:08:29,922 INFO Progress 6038/8281 status=ok steps=35 confidence=0.999931 elapsed=0.091s
2026-07-25 17:08:30,079 INFO Progress 6039/8281 status=ok steps=65 confidence=0.999988 elapsed=0.158s
2026-07-25 17:08:30,165 INFO Progress 6040/8281 status=ok steps=33 confidence=0.999990 elapsed=0.086s
2026-07-25 17:08:30,238 INFO Progress 6041/8281 status=ok steps=25 confidence=0.999708 elapsed=0.073s
2026-07-25 17:08:30,319 INFO Progress 6042/8281 status=ok steps=30 confidence=0.999926 elapsed=0.081s
2026-07-25 17:08:30,463 INFO Progress 6043/8281 status=ok steps=59 confidence=0.999935 elapsed=0.143s
2026-07-25 17:08:30,594 INFO Progress 6044/8281 status=ok steps=53 confidence=0.999984 elapsed=0.131s
2026-07-25 17:08:30,717 INFO Progress 6045/8281 status=ok steps=50 confidence=0.999913 elapsed=0.122s
2026-07-25 17:08:30,811 INFO Progress 6046/8281 status=ok steps=37 confidence=0.999931 elapsed=0.095s
2026-07-25 17:08:30,915 INFO Progress 6047/8281 status=ok steps=41 confidence=0.999899 elapsed=0.104s
2026-07-25 17:08:31,009 INFO Progress 6048/8281 status=ok steps=37 confidence=0.999879 elapsed=0.094s
2026-07-25 17:08:31,103 INFO Progress 6049/8281 status=ok steps=37 confidence=0.999979 elapsed=0.094s
2026-07-25 17:08:31,438 INFO Progress 6050/8281 status=ok steps=26 confidence=0.999779 elapsed=0.070s
2026-07-25 17:08:31,588 INFO Progress 6051/8281 status=ok steps=59 confidence=0.999976 elapsed=0.150s
2026-07-25 17:08:31,679 INFO Progress 6052/8281 status=ok steps=35 confidence=0.995920 elapsed=0.091s
2026-07-25 17:08:31,912 INFO Progress 6053/8281 status=ok steps=93 confidence=0.991183 elapsed=0.233s
2026-07-25 17:08:32,004 INFO Progress 6054/8281 status=ok steps=35 confidence=0.999741 elapsed=0.092s
2026-07-25 17:08:32,134 INFO Progress 6055/8281 status=ok steps=50 confidence=0.999991 elapsed=0.129s
2026-07-25 17:08:32,213 INFO Progress 6056/8281 status=ok steps=30 confidence=0.999941 elapsed=0.079s
2026-07-25 17:08:32,352 INFO Progress 6057/8281 status=ok steps=55 confidence=0.999994 elapsed=0.139s
2026-07-25 17:08:32,448 INFO Progress 6058/8281 status=ok steps=37 confidence=0.999880 elapsed=0.096s
2026-07-25 17:08:32,539 INFO Progress 6059/8281 status=ok steps=35 confidence=0.999846 elapsed=0.091s
2026-07-25 17:08:32,708 INFO Progress 6060/8281 status=ok steps=69 confidence=0.999957 elapsed=0.168s
2026-07-25 17:08:32,771 INFO Progress 6061/8281 status=ok steps=23 confidence=0.999798 elapsed=0.063s
2026-07-25 17:08:32,867 INFO Progress 6062/8281 status=ok steps=37 confidence=0.999981 elapsed=0.096s
2026-07-25 17:08:32,969 INFO Progress 6063/8281 status=ok steps=41 confidence=0.999905 elapsed=0.103s
2026-07-25 17:08:33,032 INFO Progress 6064/8281 status=ok steps=23 confidence=0.999648 elapsed=0.063s
2026-07-25 17:08:33,095 INFO Progress 6065/8281 status=ok steps=23 confidence=0.999784 elapsed=0.063s
2026-07-25 17:08:33,171 INFO Progress 6066/8281 status=ok steps=29 confidence=0.999792 elapsed=0.076s
2026-07-25 17:08:33,246 INFO Progress 6067/8281 status=ok steps=25 confidence=0.999920 elapsed=0.075s
2026-07-25 17:08:33,352 INFO Progress 6068/8281 status=ok steps=37 confidence=0.999949 elapsed=0.106s
2026-07-25 17:08:33,443 INFO Progress 6069/8281 status=ok steps=33 confidence=0.999990 elapsed=0.091s
2026-07-25 17:08:33,533 INFO Progress 6070/8281 status=ok steps=35 confidence=0.999929 elapsed=0.090s
2026-07-25 17:08:33,591 INFO Progress 6071/8281 status=ok steps=21 confidence=0.999972 elapsed=0.058s
2026-07-25 17:08:33,648 INFO Progress 6072/8281 status=ok steps=20 confidence=0.999407 elapsed=0.056s
2026-07-25 17:08:33,716 INFO Progress 6073/8281 status=ok steps=25 confidence=0.999912 elapsed=0.068s
2026-07-25 17:08:33,812 INFO Progress 6074/8281 status=ok steps=37 confidence=0.999795 elapsed=0.096s
2026-07-25 17:08:34,264 INFO Progress 6075/8281 status=ok steps=41 confidence=0.999810 elapsed=0.106s
2026-07-25 17:08:34,351 INFO Progress 6076/8281 status=ok steps=33 confidence=0.999949 elapsed=0.087s
2026-07-25 17:08:34,410 INFO Progress 6077/8281 status=ok steps=21 confidence=0.997791 elapsed=0.059s
2026-07-25 17:08:34,504 INFO Progress 6078/8281 status=ok steps=37 confidence=0.999941 elapsed=0.094s
2026-07-25 17:08:34,594 INFO Progress 6079/8281 status=ok steps=35 confidence=0.999769 elapsed=0.089s
2026-07-25 17:08:34,681 INFO Progress 6080/8281 status=ok steps=33 confidence=0.999917 elapsed=0.087s
2026-07-25 17:08:34,772 INFO Progress 6081/8281 status=ok steps=35 confidence=0.999373 elapsed=0.091s
2026-07-25 17:08:34,857 INFO Progress 6082/8281 status=ok steps=33 confidence=0.999980 elapsed=0.085s
2026-07-25 17:08:34,920 INFO Progress 6083/8281 status=ok steps=23 confidence=0.999702 elapsed=0.062s
2026-07-25 17:08:35,046 INFO Progress 6084/8281 status=ok steps=50 confidence=0.999971 elapsed=0.126s
2026-07-25 17:08:35,141 INFO Progress 6085/8281 status=ok steps=37 confidence=0.999906 elapsed=0.095s
2026-07-25 17:08:35,218 INFO Progress 6086/8281 status=ok steps=29 confidence=0.999931 elapsed=0.076s
2026-07-25 17:08:35,331 INFO Progress 6087/8281 status=ok steps=45 confidence=0.999885 elapsed=0.113s
2026-07-25 17:08:35,395 INFO Progress 6088/8281 status=ok steps=23 confidence=0.999949 elapsed=0.064s
2026-07-25 17:08:35,500 INFO Progress 6089/8281 status=ok steps=41 confidence=0.999885 elapsed=0.105s
2026-07-25 17:08:35,636 INFO Progress 6090/8281 status=ok steps=53 confidence=0.996051 elapsed=0.136s
2026-07-25 17:08:35,784 INFO Progress 6091/8281 status=ok steps=59 confidence=0.993166 elapsed=0.147s
2026-07-25 17:08:35,876 INFO Progress 6092/8281 status=ok steps=35 confidence=0.996653 elapsed=0.092s
2026-07-25 17:08:35,966 INFO Progress 6093/8281 status=ok steps=35 confidence=0.999923 elapsed=0.090s
2026-07-25 17:08:36,102 INFO Progress 6094/8281 status=ok steps=55 confidence=0.999984 elapsed=0.136s
2026-07-25 17:08:36,205 INFO Progress 6095/8281 status=ok steps=40 confidence=0.999898 elapsed=0.102s
2026-07-25 17:08:36,267 INFO Progress 6096/8281 status=ok steps=23 confidence=0.999618 elapsed=0.062s
2026-07-25 17:08:36,454 INFO Progress 6097/8281 status=ok steps=75 confidence=0.999803 elapsed=0.187s
2026-07-25 17:08:36,504 INFO Progress 6098/8281 status=ok steps=17 confidence=0.999905 elapsed=0.049s
2026-07-25 17:08:36,583 INFO Progress 6099/8281 status=ok steps=30 confidence=0.999926 elapsed=0.079s
2026-07-25 17:08:36,948 INFO Progress 6100/8281 status=ok steps=35 confidence=0.999977 elapsed=0.091s
2026-07-25 17:08:37,045 INFO Progress 6101/8281 status=ok steps=37 confidence=0.999944 elapsed=0.097s
2026-07-25 17:08:37,177 INFO Progress 6102/8281 status=ok steps=53 confidence=0.999959 elapsed=0.132s
2026-07-25 17:08:37,336 INFO Progress 6103/8281 status=ok steps=65 confidence=0.999988 elapsed=0.159s
2026-07-25 17:08:37,483 INFO Progress 6104/8281 status=ok steps=59 confidence=0.999951 elapsed=0.146s
2026-07-25 17:08:37,641 INFO Progress 6105/8281 status=ok steps=65 confidence=0.999994 elapsed=0.158s
2026-07-25 17:08:37,733 INFO Progress 6106/8281 status=ok steps=35 confidence=0.999968 elapsed=0.092s
2026-07-25 17:08:37,796 INFO Progress 6107/8281 status=ok steps=23 confidence=0.999278 elapsed=0.063s
2026-07-25 17:08:37,935 INFO Progress 6108/8281 status=ok steps=55 confidence=0.999996 elapsed=0.138s
2026-07-25 17:08:38,083 INFO Progress 6109/8281 status=ok steps=59 confidence=0.999849 elapsed=0.148s
2026-07-25 17:08:38,180 INFO Progress 6110/8281 status=ok steps=37 confidence=0.997654 elapsed=0.097s
2026-07-25 17:08:38,297 INFO Progress 6111/8281 status=ok steps=45 confidence=0.999468 elapsed=0.117s
2026-07-25 17:08:38,443 INFO Progress 6112/8281 status=ok steps=59 confidence=0.999986 elapsed=0.145s
2026-07-25 17:08:38,557 INFO Progress 6113/8281 status=ok steps=45 confidence=0.999969 elapsed=0.114s
2026-07-25 17:08:38,690 INFO Progress 6114/8281 status=ok steps=53 confidence=0.999984 elapsed=0.133s
2026-07-25 17:08:38,808 INFO Progress 6115/8281 status=ok steps=47 confidence=0.999961 elapsed=0.118s
2026-07-25 17:08:38,862 INFO Progress 6116/8281 status=ok steps=19 confidence=0.972210 elapsed=0.055s
2026-07-25 17:08:38,925 INFO Progress 6117/8281 status=ok steps=23 confidence=0.999876 elapsed=0.062s
2026-07-25 17:08:39,011 INFO Progress 6118/8281 status=ok steps=33 confidence=0.999995 elapsed=0.086s
2026-07-25 17:08:39,117 INFO Progress 6119/8281 status=ok steps=41 confidence=0.999968 elapsed=0.106s
2026-07-25 17:08:39,208 INFO Progress 6120/8281 status=ok steps=35 confidence=0.989563 elapsed=0.091s
2026-07-25 17:08:39,293 INFO Progress 6121/8281 status=ok steps=33 confidence=0.999906 elapsed=0.085s
2026-07-25 17:08:39,389 INFO Progress 6122/8281 status=ok steps=35 confidence=0.999889 elapsed=0.095s
2026-07-25 17:08:39,533 INFO Progress 6123/8281 status=ok steps=59 confidence=0.999950 elapsed=0.144s
2026-07-25 17:08:39,622 INFO Progress 6124/8281 status=ok steps=35 confidence=0.999911 elapsed=0.089s
2026-07-25 17:08:39,974 INFO Progress 6125/8281 status=ok steps=41 confidence=0.999872 elapsed=0.104s
2026-07-25 17:08:40,125 INFO Progress 6126/8281 status=ok steps=59 confidence=0.999982 elapsed=0.151s
2026-07-25 17:08:40,220 INFO Progress 6127/8281 status=ok steps=37 confidence=0.999905 elapsed=0.094s
2026-07-25 17:08:40,333 INFO Progress 6128/8281 status=ok steps=45 confidence=0.999973 elapsed=0.113s
2026-07-25 17:08:40,422 INFO Progress 6129/8281 status=ok steps=33 confidence=0.999939 elapsed=0.088s
2026-07-25 17:08:40,526 INFO Progress 6130/8281 status=ok steps=40 confidence=0.999674 elapsed=0.104s
2026-07-25 17:08:40,594 INFO Progress 6131/8281 status=ok steps=25 confidence=0.999945 elapsed=0.068s
2026-07-25 17:08:40,763 INFO Progress 6132/8281 status=ok steps=69 confidence=0.999841 elapsed=0.169s
2026-07-25 17:08:40,869 INFO Progress 6133/8281 status=ok steps=41 confidence=0.999968 elapsed=0.105s
2026-07-25 17:08:40,971 INFO Progress 6134/8281 status=ok steps=40 confidence=0.999869 elapsed=0.102s
2026-07-25 17:08:41,090 INFO Progress 6135/8281 status=ok steps=47 confidence=0.999989 elapsed=0.119s
2026-07-25 17:08:41,185 INFO Progress 6136/8281 status=ok steps=37 confidence=0.999909 elapsed=0.095s
2026-07-25 17:08:41,275 INFO Progress 6137/8281 status=ok steps=35 confidence=0.999867 elapsed=0.089s
2026-07-25 17:08:41,360 INFO Progress 6138/8281 status=ok steps=33 confidence=0.999809 elapsed=0.085s
2026-07-25 17:08:41,420 INFO Progress 6139/8281 status=ok steps=21 confidence=0.999944 elapsed=0.060s
2026-07-25 17:08:41,524 INFO Progress 6140/8281 status=ok steps=41 confidence=0.999364 elapsed=0.104s
2026-07-25 17:08:41,643 INFO Progress 6141/8281 status=ok steps=47 confidence=0.999969 elapsed=0.119s
2026-07-25 17:08:41,749 INFO Progress 6142/8281 status=ok steps=41 confidence=0.999854 elapsed=0.106s
2026-07-25 17:08:41,840 INFO Progress 6143/8281 status=ok steps=35 confidence=0.999960 elapsed=0.091s
2026-07-25 17:08:41,980 INFO Progress 6144/8281 status=ok steps=55 confidence=0.999991 elapsed=0.140s
2026-07-25 17:08:42,041 INFO Progress 6145/8281 status=ok steps=21 confidence=0.999152 elapsed=0.061s
2026-07-25 17:08:42,136 INFO Progress 6146/8281 status=ok steps=37 confidence=0.999986 elapsed=0.095s
2026-07-25 17:08:42,281 INFO Progress 6147/8281 status=ok steps=59 confidence=0.999986 elapsed=0.144s
2026-07-25 17:08:42,444 INFO Progress 6148/8281 status=ok steps=65 confidence=0.999918 elapsed=0.163s
2026-07-25 17:08:42,554 INFO Progress 6149/8281 status=ok steps=41 confidence=0.999939 elapsed=0.110s
2026-07-25 17:08:43,043 INFO Progress 6150/8281 status=ok steps=77 confidence=0.996421 elapsed=0.217s
2026-07-25 17:08:43,142 INFO Progress 6151/8281 status=ok steps=37 confidence=0.999075 elapsed=0.098s
2026-07-25 17:08:43,233 INFO Progress 6152/8281 status=ok steps=35 confidence=0.999946 elapsed=0.091s
2026-07-25 17:08:43,324 INFO Progress 6153/8281 status=ok steps=35 confidence=0.999935 elapsed=0.091s
2026-07-25 17:08:43,386 INFO Progress 6154/8281 status=ok steps=23 confidence=0.999711 elapsed=0.062s
2026-07-25 17:08:43,477 INFO Progress 6155/8281 status=ok steps=35 confidence=0.999955 elapsed=0.091s
2026-07-25 17:08:43,568 INFO Progress 6156/8281 status=ok steps=35 confidence=0.999958 elapsed=0.091s
2026-07-25 17:08:43,631 INFO Progress 6157/8281 status=ok steps=23 confidence=0.999778 elapsed=0.063s
2026-07-25 17:08:43,767 INFO Progress 6158/8281 status=ok steps=53 confidence=0.999928 elapsed=0.136s
2026-07-25 17:08:43,829 INFO Progress 6159/8281 status=ok steps=23 confidence=0.999741 elapsed=0.062s
2026-07-25 17:08:43,986 INFO Progress 6160/8281 status=ok steps=65 confidence=0.999994 elapsed=0.157s
2026-07-25 17:08:44,080 INFO Progress 6161/8281 status=ok steps=37 confidence=0.999851 elapsed=0.093s
2026-07-25 17:08:44,169 INFO Progress 6162/8281 status=ok steps=35 confidence=0.999739 elapsed=0.089s
2026-07-25 17:08:44,248 INFO Progress 6163/8281 status=ok steps=30 confidence=0.999941 elapsed=0.079s
2026-07-25 17:08:44,327 INFO Progress 6164/8281 status=ok steps=29 confidence=0.999947 elapsed=0.079s
2026-07-25 17:08:44,432 INFO Progress 6165/8281 status=ok steps=41 confidence=0.999939 elapsed=0.105s
2026-07-25 17:08:44,568 INFO Progress 6166/8281 status=ok steps=55 confidence=0.999996 elapsed=0.136s
2026-07-25 17:08:44,644 INFO Progress 6167/8281 status=ok steps=29 confidence=0.999811 elapsed=0.075s
2026-07-25 17:08:44,708 INFO Progress 6168/8281 status=ok steps=23 confidence=0.996968 elapsed=0.063s
2026-07-25 17:08:44,842 INFO Progress 6169/8281 status=ok steps=53 confidence=0.999977 elapsed=0.134s
2026-07-25 17:08:44,929 INFO Progress 6170/8281 status=ok steps=33 confidence=0.999939 elapsed=0.087s
2026-07-25 17:08:45,085 INFO Progress 6171/8281 status=ok steps=65 confidence=0.999991 elapsed=0.156s
2026-07-25 17:08:45,175 INFO Progress 6172/8281 status=ok steps=35 confidence=0.999949 elapsed=0.090s
2026-07-25 17:08:45,332 INFO Progress 6173/8281 status=ok steps=61 confidence=0.996822 elapsed=0.156s
2026-07-25 17:08:45,427 INFO Progress 6174/8281 status=ok steps=37 confidence=0.999984 elapsed=0.095s
2026-07-25 17:08:45,777 INFO Progress 6175/8281 status=ok steps=29 confidence=0.999847 elapsed=0.076s
2026-07-25 17:08:45,871 INFO Progress 6176/8281 status=ok steps=35 confidence=0.999951 elapsed=0.093s
2026-07-25 17:08:46,012 INFO Progress 6177/8281 status=ok steps=55 confidence=0.999996 elapsed=0.141s
2026-07-25 17:08:46,112 INFO Progress 6178/8281 status=ok steps=37 confidence=0.999880 elapsed=0.099s
2026-07-25 17:08:46,215 INFO Progress 6179/8281 status=ok steps=41 confidence=0.999831 elapsed=0.103s
2026-07-25 17:08:46,351 INFO Progress 6180/8281 status=ok steps=55 confidence=0.999994 elapsed=0.136s
2026-07-25 17:08:46,412 INFO Progress 6181/8281 status=ok steps=21 confidence=0.999152 elapsed=0.061s
2026-07-25 17:08:46,510 INFO Progress 6182/8281 status=ok steps=37 confidence=0.999795 elapsed=0.098s
2026-07-25 17:08:46,578 INFO Progress 6183/8281 status=ok steps=25 confidence=0.999516 elapsed=0.068s
2026-07-25 17:08:46,692 INFO Progress 6184/8281 status=ok steps=45 confidence=0.999925 elapsed=0.113s
2026-07-25 17:08:46,795 INFO Progress 6185/8281 status=ok steps=40 confidence=0.999898 elapsed=0.103s
2026-07-25 17:08:46,885 INFO Progress 6186/8281 status=ok steps=35 confidence=0.999955 elapsed=0.090s
2026-07-25 17:08:46,989 INFO Progress 6187/8281 status=ok steps=41 confidence=0.999824 elapsed=0.104s
2026-07-25 17:08:47,146 INFO Progress 6188/8281 status=ok steps=65 confidence=0.999994 elapsed=0.157s
2026-07-25 17:08:47,231 INFO Progress 6189/8281 status=ok steps=33 confidence=0.999912 elapsed=0.085s
2026-07-25 17:08:47,321 INFO Progress 6190/8281 status=ok steps=35 confidence=0.999949 elapsed=0.090s
2026-07-25 17:08:47,425 INFO Progress 6191/8281 status=ok steps=40 confidence=0.999864 elapsed=0.103s
2026-07-25 17:08:47,576 INFO Progress 6192/8281 status=ok steps=61 confidence=0.999988 elapsed=0.152s
2026-07-25 17:08:47,712 INFO Progress 6193/8281 status=ok steps=55 confidence=0.999995 elapsed=0.136s
2026-07-25 17:08:47,880 INFO Progress 6194/8281 status=ok steps=69 confidence=0.999916 elapsed=0.168s
2026-07-25 17:08:47,984 INFO Progress 6195/8281 status=ok steps=41 confidence=0.999831 elapsed=0.104s
2026-07-25 17:08:48,122 INFO Progress 6196/8281 status=ok steps=55 confidence=0.999995 elapsed=0.137s
2026-07-25 17:08:48,201 INFO Progress 6197/8281 status=ok steps=30 confidence=0.999900 elapsed=0.079s
2026-07-25 17:08:48,305 INFO Progress 6198/8281 status=ok steps=41 confidence=0.999869 elapsed=0.104s
2026-07-25 17:08:48,367 INFO Progress 6199/8281 status=ok steps=23 confidence=0.999711 elapsed=0.062s
2026-07-25 17:08:48,801 INFO Progress 6200/8281 status=ok steps=23 confidence=0.999741 elapsed=0.062s
2026-07-25 17:08:48,898 INFO Progress 6201/8281 status=ok steps=37 confidence=0.999979 elapsed=0.097s
2026-07-25 17:08:49,013 INFO Progress 6202/8281 status=ok steps=45 confidence=0.999798 elapsed=0.115s
2026-07-25 17:08:49,126 INFO Progress 6203/8281 status=ok steps=45 confidence=0.999985 elapsed=0.113s
2026-07-25 17:08:49,223 INFO Progress 6204/8281 status=ok steps=37 confidence=0.999917 elapsed=0.097s
2026-07-25 17:08:49,319 INFO Progress 6205/8281 status=ok steps=37 confidence=0.999975 elapsed=0.097s
2026-07-25 17:08:49,407 INFO Progress 6206/8281 status=ok steps=33 confidence=0.999937 elapsed=0.087s
2026-07-25 17:08:49,485 INFO Progress 6207/8281 status=ok steps=29 confidence=0.999815 elapsed=0.078s
2026-07-25 17:08:49,624 INFO Progress 6208/8281 status=ok steps=55 confidence=0.999997 elapsed=0.138s
2026-07-25 17:08:49,794 INFO Progress 6209/8281 status=ok steps=69 confidence=0.999993 elapsed=0.170s
2026-07-25 17:08:49,871 INFO Progress 6210/8281 status=ok steps=29 confidence=0.999944 elapsed=0.077s
2026-07-25 17:08:49,960 INFO Progress 6211/8281 status=ok steps=35 confidence=0.996256 elapsed=0.089s
2026-07-25 17:08:50,122 INFO Progress 6212/8281 status=ok steps=65 confidence=0.999929 elapsed=0.162s
2026-07-25 17:08:50,217 INFO Progress 6213/8281 status=ok steps=37 confidence=0.999944 elapsed=0.095s
2026-07-25 17:08:50,307 INFO Progress 6214/8281 status=ok steps=35 confidence=0.999739 elapsed=0.090s
2026-07-25 17:08:50,444 INFO Progress 6215/8281 status=ok steps=55 confidence=0.999994 elapsed=0.137s
2026-07-25 17:08:50,508 INFO Progress 6216/8281 status=ok steps=23 confidence=0.990089 elapsed=0.063s
2026-07-25 17:08:50,667 INFO Progress 6217/8281 status=ok steps=65 confidence=0.999994 elapsed=0.159s
2026-07-25 17:08:50,747 INFO Progress 6218/8281 status=ok steps=30 confidence=0.999979 elapsed=0.080s
2026-07-25 17:08:50,828 INFO Progress 6219/8281 status=ok steps=29 confidence=0.999919 elapsed=0.080s
2026-07-25 17:08:50,891 INFO Progress 6220/8281 status=ok steps=23 confidence=0.999729 elapsed=0.063s
2026-07-25 17:08:51,055 INFO Progress 6221/8281 status=ok steps=65 confidence=0.999973 elapsed=0.165s
2026-07-25 17:08:51,159 INFO Progress 6222/8281 status=ok steps=41 confidence=0.999946 elapsed=0.104s
2026-07-25 17:08:51,297 INFO Progress 6223/8281 status=ok steps=55 confidence=0.999997 elapsed=0.138s
2026-07-25 17:08:51,535 INFO Progress 6224/8281 status=ok steps=93 confidence=0.992167 elapsed=0.237s
2026-07-25 17:08:52,024 INFO Progress 6225/8281 status=ok steps=35 confidence=0.999951 elapsed=0.091s
2026-07-25 17:08:52,118 INFO Progress 6226/8281 status=ok steps=35 confidence=0.999935 elapsed=0.093s
2026-07-25 17:08:52,245 INFO Progress 6227/8281 status=ok steps=50 confidence=0.999990 elapsed=0.127s
2026-07-25 17:08:52,324 INFO Progress 6228/8281 status=ok steps=29 confidence=0.999904 elapsed=0.078s
2026-07-25 17:08:52,439 INFO Progress 6229/8281 status=ok steps=45 confidence=0.999928 elapsed=0.115s
2026-07-25 17:08:52,577 INFO Progress 6230/8281 status=ok steps=55 confidence=0.999996 elapsed=0.138s
2026-07-25 17:08:52,636 INFO Progress 6231/8281 status=ok steps=21 confidence=0.999878 elapsed=0.059s
2026-07-25 17:08:52,714 INFO Progress 6232/8281 status=ok steps=29 confidence=0.999847 elapsed=0.077s
2026-07-25 17:08:52,820 INFO Progress 6233/8281 status=ok steps=40 confidence=0.999644 elapsed=0.106s
2026-07-25 17:08:52,966 INFO Progress 6234/8281 status=ok steps=59 confidence=0.999942 elapsed=0.146s
2026-07-25 17:08:53,066 INFO Progress 6235/8281 status=ok steps=35 confidence=0.999958 elapsed=0.100s
2026-07-25 17:08:53,218 INFO Progress 6236/8281 status=ok steps=59 confidence=0.999982 elapsed=0.152s
2026-07-25 17:08:53,323 INFO Progress 6237/8281 status=ok steps=41 confidence=0.999905 elapsed=0.105s
2026-07-25 17:08:53,380 INFO Progress 6238/8281 status=ok steps=20 confidence=0.999407 elapsed=0.057s
2026-07-25 17:08:53,472 INFO Progress 6239/8281 status=ok steps=35 confidence=0.995920 elapsed=0.091s
2026-07-25 17:08:53,542 INFO Progress 6240/8281 status=ok steps=25 confidence=0.999937 elapsed=0.071s
2026-07-25 17:08:53,611 INFO Progress 6241/8281 status=ok steps=25 confidence=0.999945 elapsed=0.068s
2026-07-25 17:08:53,743 INFO Progress 6242/8281 status=ok steps=50 confidence=0.999990 elapsed=0.133s
2026-07-25 17:08:53,870 INFO Progress 6243/8281 status=ok steps=50 confidence=0.999988 elapsed=0.126s
2026-07-25 17:08:53,930 INFO Progress 6244/8281 status=ok steps=21 confidence=0.999778 elapsed=0.060s
2026-07-25 17:08:54,023 INFO Progress 6245/8281 status=ok steps=35 confidence=0.999958 elapsed=0.093s
2026-07-25 17:08:54,086 INFO Progress 6246/8281 status=ok steps=23 confidence=0.999801 elapsed=0.063s
2026-07-25 17:08:54,183 INFO Progress 6247/8281 status=ok steps=37 confidence=0.999984 elapsed=0.097s
2026-07-25 17:08:54,331 INFO Progress 6248/8281 status=ok steps=59 confidence=0.999986 elapsed=0.149s
2026-07-25 17:08:54,413 INFO Progress 6249/8281 status=ok steps=29 confidence=0.999902 elapsed=0.081s
2026-07-25 17:08:54,783 INFO Progress 6250/8281 status=ok steps=45 confidence=0.999928 elapsed=0.114s
2026-07-25 17:08:54,894 INFO Progress 6251/8281 status=ok steps=40 confidence=0.999854 elapsed=0.111s
2026-07-25 17:08:55,031 INFO Progress 6252/8281 status=ok steps=54 confidence=0.999958 elapsed=0.136s
2026-07-25 17:08:55,152 INFO Progress 6253/8281 status=ok steps=47 confidence=0.999997 elapsed=0.121s
2026-07-25 17:08:55,276 INFO Progress 6254/8281 status=ok steps=47 confidence=0.999984 elapsed=0.123s
2026-07-25 17:08:55,346 INFO Progress 6255/8281 status=ok steps=25 confidence=0.999971 elapsed=0.070s
2026-07-25 17:08:55,441 INFO Progress 6256/8281 status=ok steps=37 confidence=0.999963 elapsed=0.095s
2026-07-25 17:08:55,531 INFO Progress 6257/8281 status=ok steps=33 confidence=0.997696 elapsed=0.090s
2026-07-25 17:08:55,627 INFO Progress 6258/8281 status=ok steps=35 confidence=0.999993 elapsed=0.096s
2026-07-25 17:08:55,738 INFO Progress 6259/8281 status=ok steps=41 confidence=0.999640 elapsed=0.111s
2026-07-25 17:08:55,844 INFO Progress 6260/8281 status=ok steps=40 confidence=0.999990 elapsed=0.106s
2026-07-25 17:08:55,975 INFO Progress 6261/8281 status=ok steps=50 confidence=0.999997 elapsed=0.130s
2026-07-25 17:08:56,071 INFO Progress 6262/8281 status=ok steps=35 confidence=0.999920 elapsed=0.096s
2026-07-25 17:08:56,169 INFO Progress 6263/8281 status=ok steps=37 confidence=0.999968 elapsed=0.098s
2026-07-25 17:08:56,248 INFO Progress 6264/8281 status=ok steps=29 confidence=0.999848 elapsed=0.079s
2026-07-25 17:08:56,327 INFO Progress 6265/8281 status=ok steps=30 confidence=0.999815 elapsed=0.080s
2026-07-25 17:08:56,568 INFO Progress 6266/8281 status=ok steps=95 confidence=0.999979 elapsed=0.241s
2026-07-25 17:08:56,704 INFO Progress 6267/8281 status=ok steps=53 confidence=0.999976 elapsed=0.136s
2026-07-25 17:08:56,853 INFO Progress 6268/8281 status=ok steps=59 confidence=0.999977 elapsed=0.148s
2026-07-25 17:08:56,996 INFO Progress 6269/8281 status=ok steps=55 confidence=0.999647 elapsed=0.143s
2026-07-25 17:08:57,074 INFO Progress 6270/8281 status=ok steps=29 confidence=0.999962 elapsed=0.078s
2026-07-25 17:08:57,194 INFO Progress 6271/8281 status=ok steps=47 confidence=0.999822 elapsed=0.119s
2026-07-25 17:08:57,271 INFO Progress 6272/8281 status=ok steps=29 confidence=0.999995 elapsed=0.077s
2026-07-25 17:08:57,350 INFO Progress 6273/8281 status=ok steps=29 confidence=0.999995 elapsed=0.078s
2026-07-25 17:08:57,433 INFO Progress 6274/8281 status=ok steps=30 confidence=0.999927 elapsed=0.083s
2026-07-25 17:08:57,813 INFO Progress 6275/8281 status=ok steps=35 confidence=0.999999 elapsed=0.095s
2026-07-25 17:08:57,893 INFO Progress 6276/8281 status=ok steps=29 confidence=0.999812 elapsed=0.079s
2026-07-25 17:08:57,985 INFO Progress 6277/8281 status=ok steps=35 confidence=0.999988 elapsed=0.092s
2026-07-25 17:08:58,076 INFO Progress 6278/8281 status=ok steps=33 confidence=0.997696 elapsed=0.091s
2026-07-25 17:08:58,168 INFO Progress 6279/8281 status=ok steps=35 confidence=0.999412 elapsed=0.091s
2026-07-25 17:08:58,249 INFO Progress 6280/8281 status=ok steps=29 confidence=0.999971 elapsed=0.081s
2026-07-25 17:08:58,381 INFO Progress 6281/8281 status=ok steps=50 confidence=0.999989 elapsed=0.132s
2026-07-25 17:08:58,536 INFO Progress 6282/8281 status=ok steps=59 confidence=0.999958 elapsed=0.155s
2026-07-25 17:08:58,642 INFO Progress 6283/8281 status=ok steps=41 confidence=0.999993 elapsed=0.106s
2026-07-25 17:08:58,848 INFO Progress 6284/8281 status=ok steps=82 confidence=0.999858 elapsed=0.206s
2026-07-25 17:08:58,967 INFO Progress 6285/8281 status=ok steps=45 confidence=0.999996 elapsed=0.119s
2026-07-25 17:08:59,063 INFO Progress 6286/8281 status=ok steps=37 confidence=0.999946 elapsed=0.095s
2026-07-25 17:08:59,148 INFO Progress 6287/8281 status=ok steps=32 confidence=0.999840 elapsed=0.086s
2026-07-25 17:08:59,226 INFO Progress 6288/8281 status=ok steps=29 confidence=0.999497 elapsed=0.077s
2026-07-25 17:08:59,330 INFO Progress 6289/8281 status=ok steps=41 confidence=0.999763 elapsed=0.105s
2026-07-25 17:08:59,410 INFO Progress 6290/8281 status=ok steps=29 confidence=0.999898 elapsed=0.079s
2026-07-25 17:08:59,546 INFO Progress 6291/8281 status=ok steps=53 confidence=0.999926 elapsed=0.136s
2026-07-25 17:08:59,623 INFO Progress 6292/8281 status=ok steps=29 confidence=0.999898 elapsed=0.077s
2026-07-25 17:08:59,714 INFO Progress 6293/8281 status=ok steps=35 confidence=0.999760 elapsed=0.091s
2026-07-25 17:08:59,835 INFO Progress 6294/8281 status=ok steps=47 confidence=0.999861 elapsed=0.121s
2026-07-25 17:08:59,959 INFO Progress 6295/8281 status=ok steps=47 confidence=0.999960 elapsed=0.124s
2026-07-25 17:09:00,038 INFO Progress 6296/8281 status=ok steps=30 confidence=0.999553 elapsed=0.079s
2026-07-25 17:09:00,117 INFO Progress 6297/8281 status=ok steps=30 confidence=0.999927 elapsed=0.079s
2026-07-25 17:09:00,254 INFO Progress 6298/8281 status=ok steps=55 confidence=0.999994 elapsed=0.137s
2026-07-25 17:09:00,447 INFO Progress 6299/8281 status=ok steps=77 confidence=0.999892 elapsed=0.193s
2026-07-25 17:09:00,787 INFO Progress 6300/8281 status=ok steps=29 confidence=0.999852 elapsed=0.079s
2026-07-25 17:09:00,882 INFO Progress 6301/8281 status=ok steps=35 confidence=0.999903 elapsed=0.095s
2026-07-25 17:09:00,941 INFO Progress 6302/8281 status=ok steps=20 confidence=0.999437 elapsed=0.059s
2026-07-25 17:09:01,010 INFO Progress 6303/8281 status=ok steps=25 confidence=0.999925 elapsed=0.069s
2026-07-25 17:09:01,205 INFO Progress 6304/8281 status=ok steps=77 confidence=0.999097 elapsed=0.195s
2026-07-25 17:09:01,341 INFO Progress 6305/8281 status=ok steps=53 confidence=0.999956 elapsed=0.135s
2026-07-25 17:09:01,427 INFO Progress 6306/8281 status=ok steps=32 confidence=0.999883 elapsed=0.086s
2026-07-25 17:09:01,532 INFO Progress 6307/8281 status=ok steps=40 confidence=0.999994 elapsed=0.104s
2026-07-25 17:09:01,637 INFO Progress 6308/8281 status=ok steps=41 confidence=0.999918 elapsed=0.106s
2026-07-25 17:09:01,777 INFO Progress 6309/8281 status=ok steps=54 confidence=0.999987 elapsed=0.139s
2026-07-25 17:09:01,881 INFO Progress 6310/8281 status=ok steps=40 confidence=0.999995 elapsed=0.103s
2026-07-25 17:09:01,988 INFO Progress 6311/8281 status=ok steps=41 confidence=0.999904 elapsed=0.108s
2026-07-25 17:09:02,069 INFO Progress 6312/8281 status=ok steps=29 confidence=0.999951 elapsed=0.080s
2026-07-25 17:09:02,187 INFO Progress 6313/8281 status=ok steps=45 confidence=0.999994 elapsed=0.118s
2026-07-25 17:09:02,264 INFO Progress 6314/8281 status=ok steps=29 confidence=0.999668 elapsed=0.078s
2026-07-25 17:09:02,355 INFO Progress 6315/8281 status=ok steps=33 confidence=0.999320 elapsed=0.091s
2026-07-25 17:09:02,480 INFO Progress 6316/8281 status=ok steps=47 confidence=0.999079 elapsed=0.125s
2026-07-25 17:09:02,584 INFO Progress 6317/8281 status=ok steps=41 confidence=0.999889 elapsed=0.103s
2026-07-25 17:09:02,826 INFO Progress 6318/8281 status=ok steps=95 confidence=0.999985 elapsed=0.242s
2026-07-25 17:09:02,948 INFO Progress 6319/8281 status=ok steps=47 confidence=0.999991 elapsed=0.122s
2026-07-25 17:09:03,000 INFO Progress 6320/8281 status=ok steps=17 confidence=0.999870 elapsed=0.052s
2026-07-25 17:09:03,065 INFO Progress 6321/8281 status=ok steps=23 confidence=0.999787 elapsed=0.064s
2026-07-25 17:09:03,190 INFO Progress 6322/8281 status=ok steps=50 confidence=0.999819 elapsed=0.125s
2026-07-25 17:09:03,299 INFO Progress 6323/8281 status=ok steps=41 confidence=0.999931 elapsed=0.108s
2026-07-25 17:09:03,381 INFO Progress 6324/8281 status=ok steps=30 confidence=0.999835 elapsed=0.082s
2026-07-25 17:09:03,730 INFO Progress 6325/8281 status=ok steps=25 confidence=0.999887 elapsed=0.069s
2026-07-25 17:09:03,881 INFO Progress 6326/8281 status=ok steps=59 confidence=0.999979 elapsed=0.151s
2026-07-25 17:09:03,970 INFO Progress 6327/8281 status=ok steps=33 confidence=0.999864 elapsed=0.089s
2026-07-25 17:09:04,066 INFO Progress 6328/8281 status=ok steps=37 confidence=0.999963 elapsed=0.096s
2026-07-25 17:09:04,129 INFO Progress 6329/8281 status=ok steps=23 confidence=0.999772 elapsed=0.063s
2026-07-25 17:09:04,210 INFO Progress 6330/8281 status=ok steps=29 confidence=0.999975 elapsed=0.081s
2026-07-25 17:09:04,314 INFO Progress 6331/8281 status=ok steps=41 confidence=0.999992 elapsed=0.104s
2026-07-25 17:09:04,394 INFO Progress 6332/8281 status=ok steps=29 confidence=0.999907 elapsed=0.079s
2026-07-25 17:09:04,462 INFO Progress 6333/8281 status=ok steps=25 confidence=0.999350 elapsed=0.068s
2026-07-25 17:09:04,543 INFO Progress 6334/8281 status=ok steps=29 confidence=0.999043 elapsed=0.081s
2026-07-25 17:09:04,673 INFO Progress 6335/8281 status=ok steps=50 confidence=0.999933 elapsed=0.130s
2026-07-25 17:09:04,753 INFO Progress 6336/8281 status=ok steps=29 confidence=0.999980 elapsed=0.080s
2026-07-25 17:09:04,901 INFO Progress 6337/8281 status=ok steps=59 confidence=0.999958 elapsed=0.147s
2026-07-25 17:09:04,986 INFO Progress 6338/8281 status=ok steps=32 confidence=0.999840 elapsed=0.086s
2026-07-25 17:09:05,093 INFO Progress 6339/8281 status=ok steps=41 confidence=0.999890 elapsed=0.106s
2026-07-25 17:09:05,335 INFO Progress 6340/8281 status=ok steps=95 confidence=0.999985 elapsed=0.242s
2026-07-25 17:09:05,484 INFO Progress 6341/8281 status=ok steps=59 confidence=0.999982 elapsed=0.149s
2026-07-25 17:09:05,589 INFO Progress 6342/8281 status=ok steps=41 confidence=0.999918 elapsed=0.105s
2026-07-25 17:09:05,746 INFO Progress 6343/8281 status=ok steps=61 confidence=0.999996 elapsed=0.157s
2026-07-25 17:09:05,851 INFO Progress 6344/8281 status=ok steps=41 confidence=0.999843 elapsed=0.105s
2026-07-25 17:09:05,951 INFO Progress 6345/8281 status=ok steps=37 confidence=0.999888 elapsed=0.100s
2026-07-25 17:09:06,039 INFO Progress 6346/8281 status=ok steps=33 confidence=0.999983 elapsed=0.087s
2026-07-25 17:09:06,120 INFO Progress 6347/8281 status=ok steps=29 confidence=0.999889 elapsed=0.081s
2026-07-25 17:09:06,186 INFO Progress 6348/8281 status=ok steps=23 confidence=0.999665 elapsed=0.065s
2026-07-25 17:09:06,301 INFO Progress 6349/8281 status=ok steps=45 confidence=0.999839 elapsed=0.115s
2026-07-25 17:09:06,634 INFO Progress 6350/8281 status=ok steps=35 confidence=0.999990 elapsed=0.093s
2026-07-25 17:09:06,731 INFO Progress 6351/8281 status=ok steps=33 confidence=0.999300 elapsed=0.097s
2026-07-25 17:09:06,928 INFO Progress 6352/8281 status=ok steps=77 confidence=0.999876 elapsed=0.197s
2026-07-25 17:09:07,079 INFO Progress 6353/8281 status=ok steps=60 confidence=0.999815 elapsed=0.151s
2026-07-25 17:09:07,179 INFO Progress 6354/8281 status=ok steps=37 confidence=0.999455 elapsed=0.100s
2026-07-25 17:09:07,259 INFO Progress 6355/8281 status=ok steps=29 confidence=0.999902 elapsed=0.080s
2026-07-25 17:09:07,378 INFO Progress 6356/8281 status=ok steps=47 confidence=0.999996 elapsed=0.118s
2026-07-25 17:09:07,457 INFO Progress 6357/8281 status=ok steps=30 confidence=0.999927 elapsed=0.079s
2026-07-25 17:09:07,535 INFO Progress 6358/8281 status=ok steps=29 confidence=0.999848 elapsed=0.078s
2026-07-25 17:09:07,612 INFO Progress 6359/8281 status=ok steps=29 confidence=0.999898 elapsed=0.077s
2026-07-25 17:09:07,748 INFO Progress 6360/8281 status=ok steps=55 confidence=0.999995 elapsed=0.136s
2026-07-25 17:09:07,841 INFO Progress 6361/8281 status=ok steps=35 confidence=0.999870 elapsed=0.093s
2026-07-25 17:09:07,936 INFO Progress 6362/8281 status=ok steps=37 confidence=0.999937 elapsed=0.096s
2026-07-25 17:09:08,042 INFO Progress 6363/8281 status=ok steps=41 confidence=0.998228 elapsed=0.105s
2026-07-25 17:09:08,119 INFO Progress 6364/8281 status=ok steps=29 confidence=0.999971 elapsed=0.077s
2026-07-25 17:09:08,208 INFO Progress 6365/8281 status=ok steps=33 confidence=0.999320 elapsed=0.089s
2026-07-25 17:09:08,327 INFO Progress 6366/8281 status=ok steps=47 confidence=0.999991 elapsed=0.119s
2026-07-25 17:09:08,404 INFO Progress 6367/8281 status=ok steps=29 confidence=0.999967 elapsed=0.077s
2026-07-25 17:09:08,534 INFO Progress 6368/8281 status=ok steps=50 confidence=0.999853 elapsed=0.130s
2026-07-25 17:09:08,602 INFO Progress 6369/8281 status=ok steps=25 confidence=0.993544 elapsed=0.068s
2026-07-25 17:09:08,693 INFO Progress 6370/8281 status=ok steps=35 confidence=0.999959 elapsed=0.091s
2026-07-25 17:09:08,789 INFO Progress 6371/8281 status=ok steps=37 confidence=0.999983 elapsed=0.095s
2026-07-25 17:09:08,944 INFO Progress 6372/8281 status=ok steps=61 confidence=0.999950 elapsed=0.155s
2026-07-25 17:09:09,090 INFO Progress 6373/8281 status=ok steps=59 confidence=0.999997 elapsed=0.146s
2026-07-25 17:09:09,286 INFO Progress 6374/8281 status=ok steps=77 confidence=0.999935 elapsed=0.196s
2026-07-25 17:09:09,730 INFO Progress 6375/8281 status=ok steps=61 confidence=0.999996 elapsed=0.153s
2026-07-25 17:09:09,845 INFO Progress 6376/8281 status=ok steps=41 confidence=0.999975 elapsed=0.115s
2026-07-25 17:09:09,951 INFO Progress 6377/8281 status=ok steps=41 confidence=0.999949 elapsed=0.106s
2026-07-25 17:09:10,042 INFO Progress 6378/8281 status=ok steps=35 confidence=0.999988 elapsed=0.090s
2026-07-25 17:09:10,092 INFO Progress 6379/8281 status=ok steps=17 confidence=0.999566 elapsed=0.050s
2026-07-25 17:09:10,237 INFO Progress 6380/8281 status=ok steps=59 confidence=0.999948 elapsed=0.145s
2026-07-25 17:09:10,314 INFO Progress 6381/8281 status=ok steps=29 confidence=0.997449 elapsed=0.077s
2026-07-25 17:09:10,462 INFO Progress 6382/8281 status=ok steps=60 confidence=0.999962 elapsed=0.147s
2026-07-25 17:09:10,583 INFO Progress 6383/8281 status=ok steps=47 confidence=0.999839 elapsed=0.121s
2026-07-25 17:09:10,679 INFO Progress 6384/8281 status=ok steps=37 confidence=0.999981 elapsed=0.096s
2026-07-25 17:09:10,757 INFO Progress 6385/8281 status=ok steps=29 confidence=0.999836 elapsed=0.078s
2026-07-25 17:09:10,861 INFO Progress 6386/8281 status=ok steps=40 confidence=0.999994 elapsed=0.104s
2026-07-25 17:09:10,965 INFO Progress 6387/8281 status=ok steps=40 confidence=0.999990 elapsed=0.104s
2026-07-25 17:09:11,099 INFO Progress 6388/8281 status=ok steps=53 confidence=0.999956 elapsed=0.134s
2026-07-25 17:09:11,221 INFO Progress 6389/8281 status=ok steps=47 confidence=0.999858 elapsed=0.122s
2026-07-25 17:09:11,340 INFO Progress 6390/8281 status=ok steps=47 confidence=0.999784 elapsed=0.119s
2026-07-25 17:09:11,491 INFO Progress 6391/8281 status=ok steps=61 confidence=0.999950 elapsed=0.151s
2026-07-25 17:09:11,554 INFO Progress 6392/8281 status=ok steps=23 confidence=0.999820 elapsed=0.063s
2026-07-25 17:09:11,718 INFO Progress 6393/8281 status=ok steps=65 confidence=0.999909 elapsed=0.164s
2026-07-25 17:09:11,810 INFO Progress 6394/8281 status=ok steps=35 confidence=0.999974 elapsed=0.092s
2026-07-25 17:09:11,906 INFO Progress 6395/8281 status=ok steps=37 confidence=0.999993 elapsed=0.096s
2026-07-25 17:09:11,996 INFO Progress 6396/8281 status=ok steps=35 confidence=0.999988 elapsed=0.090s
2026-07-25 17:09:12,122 INFO Progress 6397/8281 status=ok steps=50 confidence=0.999959 elapsed=0.125s
2026-07-25 17:09:12,213 INFO Progress 6398/8281 status=ok steps=35 confidence=0.999871 elapsed=0.091s
2026-07-25 17:09:12,388 INFO Progress 6399/8281 status=ok steps=68 confidence=0.998081 elapsed=0.174s
2026-07-25 17:09:12,794 INFO Progress 6400/8281 status=ok steps=47 confidence=0.999986 elapsed=0.126s
2026-07-25 17:09:12,876 INFO Progress 6401/8281 status=ok steps=30 confidence=0.999924 elapsed=0.082s
2026-07-25 17:09:12,955 INFO Progress 6402/8281 status=ok steps=29 confidence=0.999221 elapsed=0.078s
2026-07-25 17:09:13,033 INFO Progress 6403/8281 status=ok steps=29 confidence=0.999985 elapsed=0.079s
2026-07-25 17:09:13,091 INFO Progress 6404/8281 status=ok steps=20 confidence=0.999426 elapsed=0.057s
2026-07-25 17:09:13,209 INFO Progress 6405/8281 status=ok steps=47 confidence=0.999988 elapsed=0.118s
2026-07-25 17:09:13,287 INFO Progress 6406/8281 status=ok steps=29 confidence=0.999951 elapsed=0.078s
2026-07-25 17:09:13,425 INFO Progress 6407/8281 status=ok steps=54 confidence=0.998579 elapsed=0.138s
2026-07-25 17:09:13,517 INFO Progress 6408/8281 status=ok steps=35 confidence=0.999871 elapsed=0.092s
2026-07-25 17:09:13,636 INFO Progress 6409/8281 status=ok steps=47 confidence=0.999984 elapsed=0.119s
2026-07-25 17:09:13,809 INFO Progress 6410/8281 status=ok steps=68 confidence=0.993713 elapsed=0.173s
2026-07-25 17:09:13,889 INFO Progress 6411/8281 status=ok steps=29 confidence=0.999862 elapsed=0.080s
2026-07-25 17:09:13,985 INFO Progress 6412/8281 status=ok steps=37 confidence=0.999981 elapsed=0.096s
2026-07-25 17:09:14,064 INFO Progress 6413/8281 status=ok steps=29 confidence=0.999862 elapsed=0.078s
2026-07-25 17:09:14,181 INFO Progress 6414/8281 status=ok steps=45 confidence=0.999978 elapsed=0.117s
2026-07-25 17:09:14,420 INFO Progress 6415/8281 status=ok steps=95 confidence=0.999979 elapsed=0.239s
2026-07-25 17:09:14,568 INFO Progress 6416/8281 status=ok steps=59 confidence=0.999958 elapsed=0.148s
2026-07-25 17:09:14,682 INFO Progress 6417/8281 status=ok steps=45 confidence=0.999993 elapsed=0.113s
2026-07-25 17:09:14,759 INFO Progress 6418/8281 status=ok steps=29 confidence=0.999967 elapsed=0.077s
2026-07-25 17:09:14,863 INFO Progress 6419/8281 status=ok steps=41 confidence=0.999918 elapsed=0.104s
2026-07-25 17:09:14,978 INFO Progress 6420/8281 status=ok steps=45 confidence=0.999996 elapsed=0.115s
2026-07-25 17:09:15,058 INFO Progress 6421/8281 status=ok steps=30 confidence=0.999729 elapsed=0.079s
2026-07-25 17:09:15,176 INFO Progress 6422/8281 status=ok steps=47 confidence=0.999982 elapsed=0.118s
2026-07-25 17:09:15,293 INFO Progress 6423/8281 status=ok steps=45 confidence=0.999987 elapsed=0.117s
2026-07-25 17:09:15,386 INFO Progress 6424/8281 status=ok steps=35 confidence=0.999939 elapsed=0.093s
2026-07-25 17:09:15,773 INFO Progress 6425/8281 status=ok steps=41 confidence=0.999992 elapsed=0.104s
2026-07-25 17:09:15,975 INFO Progress 6426/8281 status=ok steps=77 confidence=0.999804 elapsed=0.201s
2026-07-25 17:09:16,098 INFO Progress 6427/8281 status=ok steps=47 confidence=0.999858 elapsed=0.123s
2026-07-25 17:09:16,176 INFO Progress 6428/8281 status=ok steps=29 confidence=0.999984 elapsed=0.079s
2026-07-25 17:09:16,253 INFO Progress 6429/8281 status=ok steps=29 confidence=0.999980 elapsed=0.077s
2026-07-25 17:09:16,448 INFO Progress 6430/8281 status=ok steps=77 confidence=0.999876 elapsed=0.194s
2026-07-25 17:09:16,555 INFO Progress 6431/8281 status=ok steps=41 confidence=0.999745 elapsed=0.107s
2026-07-25 17:09:16,650 INFO Progress 6432/8281 status=ok steps=37 confidence=0.999730 elapsed=0.095s
2026-07-25 17:09:16,769 INFO Progress 6433/8281 status=ok steps=45 confidence=0.999538 elapsed=0.118s
2026-07-25 17:09:16,861 INFO Progress 6434/8281 status=ok steps=35 confidence=0.999990 elapsed=0.092s
2026-07-25 17:09:16,952 INFO Progress 6435/8281 status=ok steps=35 confidence=0.999760 elapsed=0.091s
2026-07-25 17:09:17,048 INFO Progress 6436/8281 status=ok steps=37 confidence=0.999989 elapsed=0.096s
2026-07-25 17:09:17,166 INFO Progress 6437/8281 status=ok steps=45 confidence=0.999677 elapsed=0.118s
2026-07-25 17:09:17,291 INFO Progress 6438/8281 status=ok steps=50 confidence=0.999705 elapsed=0.124s
2026-07-25 17:09:17,371 INFO Progress 6439/8281 status=ok steps=29 confidence=0.999975 elapsed=0.080s
2026-07-25 17:09:17,468 INFO Progress 6440/8281 status=ok steps=37 confidence=0.999983 elapsed=0.096s
2026-07-25 17:09:17,545 INFO Progress 6441/8281 status=ok steps=29 confidence=0.997449 elapsed=0.077s
2026-07-25 17:09:17,650 INFO Progress 6442/8281 status=ok steps=41 confidence=0.999975 elapsed=0.105s
2026-07-25 17:09:17,776 INFO Progress 6443/8281 status=ok steps=50 confidence=0.999933 elapsed=0.126s
2026-07-25 17:09:17,834 INFO Progress 6444/8281 status=ok steps=20 confidence=0.999721 elapsed=0.058s
2026-07-25 17:09:17,968 INFO Progress 6445/8281 status=ok steps=53 confidence=0.999569 elapsed=0.134s
2026-07-25 17:09:18,094 INFO Progress 6446/8281 status=ok steps=50 confidence=0.999883 elapsed=0.126s
2026-07-25 17:09:18,291 INFO Progress 6447/8281 status=ok steps=77 confidence=0.999097 elapsed=0.196s
2026-07-25 17:09:18,420 INFO Progress 6448/8281 status=ok steps=50 confidence=0.999853 elapsed=0.129s
2026-07-25 17:09:18,526 INFO Progress 6449/8281 status=ok steps=41 confidence=0.999940 elapsed=0.106s
2026-07-25 17:09:18,876 INFO Progress 6450/8281 status=ok steps=41 confidence=0.999984 elapsed=0.105s
2026-07-25 17:09:18,982 INFO Progress 6451/8281 status=ok steps=41 confidence=0.999984 elapsed=0.106s
2026-07-25 17:09:19,097 INFO Progress 6452/8281 status=ok steps=45 confidence=0.999993 elapsed=0.114s
2026-07-25 17:09:19,244 INFO Progress 6453/8281 status=ok steps=59 confidence=0.999997 elapsed=0.147s
2026-07-25 17:09:19,349 INFO Progress 6454/8281 status=ok steps=40 confidence=0.999897 elapsed=0.104s
2026-07-25 17:09:19,442 INFO Progress 6455/8281 status=ok steps=35 confidence=0.999903 elapsed=0.093s
2026-07-25 17:09:19,522 INFO Progress 6456/8281 status=ok steps=30 confidence=0.999946 elapsed=0.080s
2026-07-25 17:09:19,715 INFO Progress 6457/8281 status=ok steps=77 confidence=0.999981 elapsed=0.193s
2026-07-25 17:09:19,819 INFO Progress 6458/8281 status=ok steps=41 confidence=0.999890 elapsed=0.105s
2026-07-25 17:09:19,924 INFO Progress 6459/8281 status=ok steps=41 confidence=0.999745 elapsed=0.105s
2026-07-25 17:09:20,042 INFO Progress 6460/8281 status=ok steps=47 confidence=0.999997 elapsed=0.118s
2026-07-25 17:09:20,147 INFO Progress 6461/8281 status=ok steps=40 confidence=0.999989 elapsed=0.104s
2026-07-25 17:09:20,225 INFO Progress 6462/8281 status=ok steps=29 confidence=0.999836 elapsed=0.078s
2026-07-25 17:09:20,328 INFO Progress 6463/8281 status=ok steps=40 confidence=0.999943 elapsed=0.103s
2026-07-25 17:09:20,425 INFO Progress 6464/8281 status=ok steps=37 confidence=0.999873 elapsed=0.097s
2026-07-25 17:09:20,518 INFO Progress 6465/8281 status=ok steps=35 confidence=0.999955 elapsed=0.092s
2026-07-25 17:09:20,624 INFO Progress 6466/8281 status=ok steps=41 confidence=0.999993 elapsed=0.106s
2026-07-25 17:09:20,687 INFO Progress 6467/8281 status=ok steps=23 confidence=0.999765 elapsed=0.063s
2026-07-25 17:09:20,816 INFO Progress 6468/8281 status=ok steps=50 confidence=0.999853 elapsed=0.129s
2026-07-25 17:09:20,934 INFO Progress 6469/8281 status=ok steps=47 confidence=0.999997 elapsed=0.117s
2026-07-25 17:09:21,025 INFO Progress 6470/8281 status=ok steps=35 confidence=0.999988 elapsed=0.091s
2026-07-25 17:09:21,088 INFO Progress 6471/8281 status=ok steps=23 confidence=0.999432 elapsed=0.063s
2026-07-25 17:09:21,166 INFO Progress 6472/8281 status=ok steps=29 confidence=0.999497 elapsed=0.077s
2026-07-25 17:09:21,258 INFO Progress 6473/8281 status=ok steps=35 confidence=0.999925 elapsed=0.092s
2026-07-25 17:09:21,339 INFO Progress 6474/8281 status=ok steps=29 confidence=0.999962 elapsed=0.081s
2026-07-25 17:09:21,749 INFO Progress 6475/8281 status=ok steps=55 confidence=0.999647 elapsed=0.143s
2026-07-25 17:09:21,878 INFO Progress 6476/8281 status=ok steps=50 confidence=0.999819 elapsed=0.129s
2026-07-25 17:09:22,024 INFO Progress 6477/8281 status=ok steps=59 confidence=0.999983 elapsed=0.146s
2026-07-25 17:09:22,130 INFO Progress 6478/8281 status=ok steps=41 confidence=0.999949 elapsed=0.106s
2026-07-25 17:09:22,207 INFO Progress 6479/8281 status=ok steps=29 confidence=0.999962 elapsed=0.077s
2026-07-25 17:09:22,299 INFO Progress 6480/8281 status=ok steps=35 confidence=0.999699 elapsed=0.092s
2026-07-25 17:09:22,458 INFO Progress 6481/8281 status=ok steps=65 confidence=0.999994 elapsed=0.159s
2026-07-25 17:09:22,517 INFO Progress 6482/8281 status=ok steps=20 confidence=0.999796 elapsed=0.058s
2026-07-25 17:09:22,594 INFO Progress 6483/8281 status=ok steps=29 confidence=0.999919 elapsed=0.077s
2026-07-25 17:09:22,658 INFO Progress 6484/8281 status=ok steps=23 confidence=0.999787 elapsed=0.063s
2026-07-25 17:09:22,775 INFO Progress 6485/8281 status=ok steps=45 confidence=0.999677 elapsed=0.118s
2026-07-25 17:09:22,909 INFO Progress 6486/8281 status=ok steps=53 confidence=0.999802 elapsed=0.133s
2026-07-25 17:09:22,966 INFO Progress 6487/8281 status=ok steps=20 confidence=0.999701 elapsed=0.058s
2026-07-25 17:09:23,061 INFO Progress 6488/8281 status=ok steps=37 confidence=0.999946 elapsed=0.095s
2026-07-25 17:09:23,152 INFO Progress 6489/8281 status=ok steps=35 confidence=0.999993 elapsed=0.090s
2026-07-25 17:09:23,244 INFO Progress 6490/8281 status=ok steps=35 confidence=0.999955 elapsed=0.092s
2026-07-25 17:09:23,342 INFO Progress 6491/8281 status=ok steps=37 confidence=0.999824 elapsed=0.098s
2026-07-25 17:09:23,423 INFO Progress 6492/8281 status=ok steps=30 confidence=0.999835 elapsed=0.082s
2026-07-25 17:09:23,575 INFO Progress 6493/8281 status=ok steps=59 confidence=0.999975 elapsed=0.151s
2026-07-25 17:09:23,689 INFO Progress 6494/8281 status=ok steps=45 confidence=0.999990 elapsed=0.114s
2026-07-25 17:09:23,781 INFO Progress 6495/8281 status=ok steps=35 confidence=0.999993 elapsed=0.092s
2026-07-25 17:09:23,903 INFO Progress 6496/8281 status=ok steps=47 confidence=0.999490 elapsed=0.122s
2026-07-25 17:09:23,981 INFO Progress 6497/8281 status=ok steps=29 confidence=0.999852 elapsed=0.077s
2026-07-25 17:09:24,084 INFO Progress 6498/8281 status=ok steps=40 confidence=0.999976 elapsed=0.103s
2026-07-25 17:09:24,222 INFO Progress 6499/8281 status=ok steps=55 confidence=0.999997 elapsed=0.138s
2026-07-25 17:09:24,628 INFO Progress 6500/8281 status=ok steps=45 confidence=0.999987 elapsed=0.118s
2026-07-25 17:09:24,743 INFO Progress 6501/8281 status=ok steps=45 confidence=0.999839 elapsed=0.115s
2026-07-25 17:09:24,823 INFO Progress 6502/8281 status=ok steps=29 confidence=0.999907 elapsed=0.080s
2026-07-25 17:09:24,903 INFO Progress 6503/8281 status=ok steps=29 confidence=0.999902 elapsed=0.080s
2026-07-25 17:09:25,063 INFO Progress 6504/8281 status=ok steps=61 confidence=0.996981 elapsed=0.160s
2026-07-25 17:09:25,135 INFO Progress 6505/8281 status=ok steps=26 confidence=0.999889 elapsed=0.072s
2026-07-25 17:09:25,296 INFO Progress 6506/8281 status=ok steps=65 confidence=0.999910 elapsed=0.160s
2026-07-25 17:09:25,392 INFO Progress 6507/8281 status=ok steps=37 confidence=0.999981 elapsed=0.096s
2026-07-25 17:09:25,472 INFO Progress 6508/8281 status=ok steps=30 confidence=0.999850 elapsed=0.079s
2026-07-25 17:09:25,747 INFO Progress 6509/8281 status=ok steps=109 confidence=0.999949 elapsed=0.276s
2026-07-25 17:09:25,838 INFO Progress 6510/8281 status=ok steps=35 confidence=0.999999 elapsed=0.091s
2026-07-25 17:09:26,045 INFO Progress 6511/8281 status=ok steps=82 confidence=0.999858 elapsed=0.206s
2026-07-25 17:09:26,149 INFO Progress 6512/8281 status=ok steps=41 confidence=0.999931 elapsed=0.104s
2026-07-25 17:09:26,241 INFO Progress 6513/8281 status=ok steps=35 confidence=0.999925 elapsed=0.092s
2026-07-25 17:09:26,377 INFO Progress 6514/8281 status=ok steps=53 confidence=0.999636 elapsed=0.137s
2026-07-25 17:09:26,493 INFO Progress 6515/8281 status=ok steps=45 confidence=0.999839 elapsed=0.116s
2026-07-25 17:09:26,585 INFO Progress 6516/8281 status=ok steps=35 confidence=0.999900 elapsed=0.091s
2026-07-25 17:09:26,665 INFO Progress 6517/8281 status=ok steps=30 confidence=0.999946 elapsed=0.080s
2026-07-25 17:09:26,806 INFO Progress 6518/8281 status=ok steps=54 confidence=0.998579 elapsed=0.142s
2026-07-25 17:09:26,947 INFO Progress 6519/8281 status=ok steps=53 confidence=0.999916 elapsed=0.141s
2026-07-25 17:09:27,016 INFO Progress 6520/8281 status=ok steps=25 confidence=0.999350 elapsed=0.069s
2026-07-25 17:09:27,086 INFO Progress 6521/8281 status=ok steps=25 confidence=0.999955 elapsed=0.069s
2026-07-25 17:09:27,163 INFO Progress 6522/8281 status=ok steps=29 confidence=0.999940 elapsed=0.077s
2026-07-25 17:09:27,243 INFO Progress 6523/8281 status=ok steps=30 confidence=0.999835 elapsed=0.081s
2026-07-25 17:09:27,339 INFO Progress 6524/8281 status=ok steps=35 confidence=0.999903 elapsed=0.095s
2026-07-25 17:09:27,719 INFO Progress 6525/8281 status=ok steps=41 confidence=0.999973 elapsed=0.109s
2026-07-25 17:09:27,848 INFO Progress 6526/8281 status=ok steps=50 confidence=0.999819 elapsed=0.129s
2026-07-25 17:09:27,967 INFO Progress 6527/8281 status=ok steps=47 confidence=0.999984 elapsed=0.119s
2026-07-25 17:09:28,044 INFO Progress 6528/8281 status=ok steps=29 confidence=0.999043 elapsed=0.077s
2026-07-25 17:09:28,194 INFO Progress 6529/8281 status=ok steps=59 confidence=0.999977 elapsed=0.150s
2026-07-25 17:09:28,271 INFO Progress 6530/8281 status=ok steps=29 confidence=0.999856 elapsed=0.076s
2026-07-25 17:09:28,377 INFO Progress 6531/8281 status=ok steps=41 confidence=0.999974 elapsed=0.106s
2026-07-25 17:09:28,491 INFO Progress 6532/8281 status=ok steps=45 confidence=0.999993 elapsed=0.114s
2026-07-25 17:09:28,569 INFO Progress 6533/8281 status=ok steps=29 confidence=0.999852 elapsed=0.078s
2026-07-25 17:09:28,660 INFO Progress 6534/8281 status=ok steps=35 confidence=0.999873 elapsed=0.091s
2026-07-25 17:09:28,794 INFO Progress 6535/8281 status=ok steps=53 confidence=0.999569 elapsed=0.134s
2026-07-25 17:09:28,907 INFO Progress 6536/8281 status=ok steps=45 confidence=0.999884 elapsed=0.113s
2026-07-25 17:09:28,986 INFO Progress 6537/8281 status=ok steps=30 confidence=0.999924 elapsed=0.079s
2026-07-25 17:09:29,091 INFO Progress 6538/8281 status=ok steps=40 confidence=0.999749 elapsed=0.105s
2026-07-25 17:09:29,238 INFO Progress 6539/8281 status=ok steps=59 confidence=0.999977 elapsed=0.147s
2026-07-25 17:09:29,349 INFO Progress 6540/8281 status=ok steps=40 confidence=0.999716 elapsed=0.110s
2026-07-25 17:09:29,530 INFO Progress 6541/8281 status=ok steps=68 confidence=0.998081 elapsed=0.181s
2026-07-25 17:09:29,726 INFO Progress 6542/8281 status=ok steps=77 confidence=0.999876 elapsed=0.196s
2026-07-25 17:09:29,812 INFO Progress 6543/8281 status=ok steps=33 confidence=0.999975 elapsed=0.086s
2026-07-25 17:09:29,884 INFO Progress 6544/8281 status=ok steps=25 confidence=0.999980 elapsed=0.071s
2026-07-25 17:09:30,001 INFO Progress 6545/8281 status=ok steps=45 confidence=0.999677 elapsed=0.117s
2026-07-25 17:09:30,087 INFO Progress 6546/8281 status=ok steps=33 confidence=0.999844 elapsed=0.086s
2026-07-25 17:09:30,155 INFO Progress 6547/8281 status=ok steps=25 confidence=0.999980 elapsed=0.068s
2026-07-25 17:09:30,250 INFO Progress 6548/8281 status=ok steps=37 confidence=0.999968 elapsed=0.095s
2026-07-25 17:09:30,350 INFO Progress 6549/8281 status=ok steps=37 confidence=0.999993 elapsed=0.100s
2026-07-25 17:09:30,810 INFO Progress 6550/8281 status=ok steps=40 confidence=0.999943 elapsed=0.105s
2026-07-25 17:09:30,889 INFO Progress 6551/8281 status=ok steps=29 confidence=0.999940 elapsed=0.079s
2026-07-25 17:09:30,966 INFO Progress 6552/8281 status=ok steps=29 confidence=0.999907 elapsed=0.077s
2026-07-25 17:09:31,070 INFO Progress 6553/8281 status=ok steps=41 confidence=0.999977 elapsed=0.103s
2026-07-25 17:09:31,344 INFO Progress 6554/8281 status=ok steps=109 confidence=0.999949 elapsed=0.274s
2026-07-25 17:09:31,424 INFO Progress 6555/8281 status=ok steps=30 confidence=0.999901 elapsed=0.080s
2026-07-25 17:09:31,559 INFO Progress 6556/8281 status=ok steps=55 confidence=0.999995 elapsed=0.136s
2026-07-25 17:09:31,631 INFO Progress 6557/8281 status=ok steps=26 confidence=0.999889 elapsed=0.071s
2026-07-25 17:09:31,727 INFO Progress 6558/8281 status=ok steps=37 confidence=0.999873 elapsed=0.096s
2026-07-25 17:09:31,894 INFO Progress 6559/8281 status=ok steps=65 confidence=0.999944 elapsed=0.167s
2026-07-25 17:09:32,090 INFO Progress 6560/8281 status=ok steps=77 confidence=0.999876 elapsed=0.196s
2026-07-25 17:09:32,214 INFO Progress 6561/8281 status=ok steps=50 confidence=0.999819 elapsed=0.124s
2026-07-25 17:09:32,384 INFO Progress 6562/8281 status=ok steps=65 confidence=0.999951 elapsed=0.170s
2026-07-25 17:09:32,494 INFO Progress 6563/8281 status=ok steps=40 confidence=0.999652 elapsed=0.110s
2026-07-25 17:09:32,591 INFO Progress 6564/8281 status=ok steps=37 confidence=0.999919 elapsed=0.096s
2026-07-25 17:09:32,783 INFO Progress 6565/8281 status=ok steps=77 confidence=0.999935 elapsed=0.192s
2026-07-25 17:09:32,888 INFO Progress 6566/8281 status=ok steps=41 confidence=0.999763 elapsed=0.105s
2026-07-25 17:09:32,960 INFO Progress 6567/8281 status=ok steps=26 confidence=0.999867 elapsed=0.072s
2026-07-25 17:09:33,081 INFO Progress 6568/8281 status=ok steps=47 confidence=0.999839 elapsed=0.120s
2026-07-25 17:09:33,199 INFO Progress 6569/8281 status=ok steps=47 confidence=0.999982 elapsed=0.118s
2026-07-25 17:09:33,277 INFO Progress 6570/8281 status=ok steps=29 confidence=0.999830 elapsed=0.078s
2026-07-25 17:09:33,340 INFO Progress 6571/8281 status=ok steps=23 confidence=0.999837 elapsed=0.063s
2026-07-25 17:09:33,446 INFO Progress 6572/8281 status=ok steps=40 confidence=0.999972 elapsed=0.105s
2026-07-25 17:09:33,624 INFO Progress 6573/8281 status=ok steps=71 confidence=0.999994 elapsed=0.178s
2026-07-25 17:09:33,738 INFO Progress 6574/8281 status=ok steps=45 confidence=0.999993 elapsed=0.114s
2026-07-25 17:09:34,119 INFO Progress 6575/8281 status=ok steps=50 confidence=0.999538 elapsed=0.128s
2026-07-25 17:09:34,336 INFO Progress 6576/8281 status=ok steps=85 confidence=0.990706 elapsed=0.216s
2026-07-25 17:09:34,441 INFO Progress 6577/8281 status=ok steps=41 confidence=0.999931 elapsed=0.105s
2026-07-25 17:09:34,537 INFO Progress 6578/8281 status=ok steps=37 confidence=0.999888 elapsed=0.096s
2026-07-25 17:09:34,642 INFO Progress 6579/8281 status=ok steps=41 confidence=0.999948 elapsed=0.104s
2026-07-25 17:09:34,701 INFO Progress 6580/8281 status=ok steps=21 confidence=0.999970 elapsed=0.059s
2026-07-25 17:09:34,804 INFO Progress 6581/8281 status=ok steps=40 confidence=0.999976 elapsed=0.103s
2026-07-25 17:09:34,909 INFO Progress 6582/8281 status=ok steps=40 confidence=0.999994 elapsed=0.105s
2026-07-25 17:09:35,044 INFO Progress 6583/8281 status=ok steps=53 confidence=0.999956 elapsed=0.135s
2026-07-25 17:09:35,107 INFO Progress 6584/8281 status=ok steps=21 confidence=0.999959 elapsed=0.063s
2026-07-25 17:09:35,188 INFO Progress 6585/8281 status=ok steps=30 confidence=0.999835 elapsed=0.081s
2026-07-25 17:09:35,312 INFO Progress 6586/8281 status=ok steps=47 confidence=0.999079 elapsed=0.124s
2026-07-25 17:09:35,416 INFO Progress 6587/8281 status=ok steps=41 confidence=0.999897 elapsed=0.104s
2026-07-25 17:09:35,561 INFO Progress 6588/8281 status=ok steps=59 confidence=0.999983 elapsed=0.145s
2026-07-25 17:09:35,679 INFO Progress 6589/8281 status=ok steps=47 confidence=0.999996 elapsed=0.117s
2026-07-25 17:09:35,802 INFO Progress 6590/8281 status=ok steps=50 confidence=0.999959 elapsed=0.124s
2026-07-25 17:09:35,906 INFO Progress 6591/8281 status=ok steps=41 confidence=0.999860 elapsed=0.103s
2026-07-25 17:09:35,956 INFO Progress 6592/8281 status=ok steps=17 confidence=0.999750 elapsed=0.050s
2026-07-25 17:09:36,050 INFO Progress 6593/8281 status=ok steps=37 confidence=0.999963 elapsed=0.095s
2026-07-25 17:09:36,239 INFO Progress 6594/8281 status=ok steps=75 confidence=0.999976 elapsed=0.188s
2026-07-25 17:09:36,334 INFO Progress 6595/8281 status=ok steps=37 confidence=0.999989 elapsed=0.095s
2026-07-25 17:09:36,411 INFO Progress 6596/8281 status=ok steps=29 confidence=0.999918 elapsed=0.077s
2026-07-25 17:09:36,514 INFO Progress 6597/8281 status=ok steps=41 confidence=0.999883 elapsed=0.103s
2026-07-25 17:09:36,618 INFO Progress 6598/8281 status=ok steps=40 confidence=0.999972 elapsed=0.104s
2026-07-25 17:09:36,735 INFO Progress 6599/8281 status=ok steps=45 confidence=0.999978 elapsed=0.117s
2026-07-25 17:09:37,099 INFO Progress 6600/8281 status=ok steps=25 confidence=0.999980 elapsed=0.067s
2026-07-25 17:09:37,187 INFO Progress 6601/8281 status=ok steps=33 confidence=0.999819 elapsed=0.087s
2026-07-25 17:09:37,264 INFO Progress 6602/8281 status=ok steps=30 confidence=0.999553 elapsed=0.077s
2026-07-25 17:09:37,367 INFO Progress 6603/8281 status=ok steps=40 confidence=0.999981 elapsed=0.103s
2026-07-25 17:09:37,457 INFO Progress 6604/8281 status=ok steps=35 confidence=0.999836 elapsed=0.090s
2026-07-25 17:09:37,585 INFO Progress 6605/8281 status=ok steps=50 confidence=0.999945 elapsed=0.127s
2026-07-25 17:09:37,653 INFO Progress 6606/8281 status=ok steps=25 confidence=0.999925 elapsed=0.068s
2026-07-25 17:09:37,703 INFO Progress 6607/8281 status=ok steps=17 confidence=0.999750 elapsed=0.049s
2026-07-25 17:09:37,834 INFO Progress 6608/8281 status=ok steps=53 confidence=0.999982 elapsed=0.131s
2026-07-25 17:09:37,950 INFO Progress 6609/8281 status=ok steps=45 confidence=0.999898 elapsed=0.115s
2026-07-25 17:09:38,017 INFO Progress 6610/8281 status=ok steps=25 confidence=0.999980 elapsed=0.068s
2026-07-25 17:09:38,109 INFO Progress 6611/8281 status=ok steps=35 confidence=0.999872 elapsed=0.091s
2026-07-25 17:09:38,299 INFO Progress 6612/8281 status=ok steps=77 confidence=0.999935 elapsed=0.191s
2026-07-25 17:09:38,414 INFO Progress 6613/8281 status=ok steps=45 confidence=0.999994 elapsed=0.114s
2026-07-25 17:09:38,491 INFO Progress 6614/8281 status=ok steps=29 confidence=0.999898 elapsed=0.077s
2026-07-25 17:09:38,607 INFO Progress 6615/8281 status=ok steps=45 confidence=0.999994 elapsed=0.115s
2026-07-25 17:09:38,687 INFO Progress 6616/8281 status=ok steps=29 confidence=0.999902 elapsed=0.081s
2026-07-25 17:09:38,792 INFO Progress 6617/8281 status=ok steps=40 confidence=0.999910 elapsed=0.104s
2026-07-25 17:09:38,911 INFO Progress 6618/8281 status=ok steps=47 confidence=0.999996 elapsed=0.119s
2026-07-25 17:09:38,986 INFO Progress 6619/8281 status=ok steps=29 confidence=0.999899 elapsed=0.076s
2026-07-25 17:09:39,062 INFO Progress 6620/8281 status=ok steps=29 confidence=0.999934 elapsed=0.076s
2026-07-25 17:09:39,166 INFO Progress 6621/8281 status=ok steps=41 confidence=0.999843 elapsed=0.104s
2026-07-25 17:09:39,256 INFO Progress 6622/8281 status=ok steps=35 confidence=0.999990 elapsed=0.091s
2026-07-25 17:09:39,314 INFO Progress 6623/8281 status=ok steps=20 confidence=0.999701 elapsed=0.058s
2026-07-25 17:09:39,365 INFO Progress 6624/8281 status=ok steps=17 confidence=0.999694 elapsed=0.050s
2026-07-25 17:09:40,194 INFO Progress 6625/8281 status=ok steps=65 confidence=0.999989 elapsed=0.159s
2026-07-25 17:09:40,323 INFO Progress 6626/8281 status=ok steps=47 confidence=0.999986 elapsed=0.129s
2026-07-25 17:09:40,402 INFO Progress 6627/8281 status=ok steps=30 confidence=0.999729 elapsed=0.079s
2026-07-25 17:09:40,509 INFO Progress 6628/8281 status=ok steps=41 confidence=0.999904 elapsed=0.106s
2026-07-25 17:09:40,604 INFO Progress 6629/8281 status=ok steps=37 confidence=0.999993 elapsed=0.095s
2026-07-25 17:09:40,718 INFO Progress 6630/8281 status=ok steps=45 confidence=0.999992 elapsed=0.114s
2026-07-25 17:09:40,867 INFO Progress 6631/8281 status=ok steps=60 confidence=0.999815 elapsed=0.149s
2026-07-25 17:09:40,972 INFO Progress 6632/8281 status=ok steps=40 confidence=0.999990 elapsed=0.105s
2026-07-25 17:09:41,089 INFO Progress 6633/8281 status=ok steps=45 confidence=0.999677 elapsed=0.117s
2026-07-25 17:09:41,202 INFO Progress 6634/8281 status=ok steps=45 confidence=0.999990 elapsed=0.113s
2026-07-25 17:09:41,305 INFO Progress 6635/8281 status=ok steps=41 confidence=0.999918 elapsed=0.103s
2026-07-25 17:09:41,368 INFO Progress 6636/8281 status=ok steps=23 confidence=0.999432 elapsed=0.063s
2026-07-25 17:09:41,520 INFO Progress 6637/8281 status=ok steps=61 confidence=0.999996 elapsed=0.152s
2026-07-25 17:09:41,601 INFO Progress 6638/8281 status=ok steps=30 confidence=0.999553 elapsed=0.080s
2026-07-25 17:09:41,729 INFO Progress 6639/8281 status=ok steps=50 confidence=0.999945 elapsed=0.128s
2026-07-25 17:09:41,925 INFO Progress 6640/8281 status=ok steps=77 confidence=0.999615 elapsed=0.196s
2026-07-25 17:09:42,028 INFO Progress 6641/8281 status=ok steps=41 confidence=0.999977 elapsed=0.103s
2026-07-25 17:09:42,106 INFO Progress 6642/8281 status=ok steps=30 confidence=0.999815 elapsed=0.078s
2026-07-25 17:09:42,209 INFO Progress 6643/8281 status=ok steps=41 confidence=0.999763 elapsed=0.103s
2026-07-25 17:09:42,348 INFO Progress 6644/8281 status=ok steps=55 confidence=0.999994 elapsed=0.139s
2026-07-25 17:09:42,539 INFO Progress 6645/8281 status=ok steps=77 confidence=0.999981 elapsed=0.191s
2026-07-25 17:09:42,643 INFO Progress 6646/8281 status=ok steps=41 confidence=0.999763 elapsed=0.103s
2026-07-25 17:09:42,757 INFO Progress 6647/8281 status=ok steps=40 confidence=0.999910 elapsed=0.114s
2026-07-25 17:09:42,825 INFO Progress 6648/8281 status=ok steps=25 confidence=0.999971 elapsed=0.068s
2026-07-25 17:09:42,941 INFO Progress 6649/8281 status=ok steps=47 confidence=0.999997 elapsed=0.116s
2026-07-25 17:09:43,331 INFO Progress 6650/8281 status=ok steps=50 confidence=0.999538 elapsed=0.123s
2026-07-25 17:09:43,412 INFO Progress 6651/8281 status=ok steps=30 confidence=0.999850 elapsed=0.081s
2026-07-25 17:09:43,478 INFO Progress 6652/8281 status=ok steps=23 confidence=0.999846 elapsed=0.066s
2026-07-25 17:09:43,569 INFO Progress 6653/8281 status=ok steps=35 confidence=0.999993 elapsed=0.090s
2026-07-25 17:09:43,683 INFO Progress 6654/8281 status=ok steps=45 confidence=0.999839 elapsed=0.114s
2026-07-25 17:09:43,810 INFO Progress 6655/8281 status=ok steps=50 confidence=0.999853 elapsed=0.127s
2026-07-25 17:09:43,870 INFO Progress 6656/8281 status=ok steps=21 confidence=0.999880 elapsed=0.060s
2026-07-25 17:09:43,949 INFO Progress 6657/8281 status=ok steps=29 confidence=0.999043 elapsed=0.080s
2026-07-25 17:09:44,043 INFO Progress 6658/8281 status=ok steps=37 confidence=0.999983 elapsed=0.094s
2026-07-25 17:09:44,112 INFO Progress 6659/8281 status=ok steps=25 confidence=0.993544 elapsed=0.069s
2026-07-25 17:09:44,256 INFO Progress 6660/8281 status=ok steps=59 confidence=0.999979 elapsed=0.143s
2026-07-25 17:09:44,443 INFO Progress 6661/8281 status=ok steps=77 confidence=0.999900 elapsed=0.187s
2026-07-25 17:09:44,534 INFO Progress 6662/8281 status=ok steps=35 confidence=0.999872 elapsed=0.091s
2026-07-25 17:09:44,611 INFO Progress 6663/8281 status=ok steps=29 confidence=0.999852 elapsed=0.077s
2026-07-25 17:09:44,716 INFO Progress 6664/8281 status=ok steps=41 confidence=0.999897 elapsed=0.104s
2026-07-25 17:09:44,863 INFO Progress 6665/8281 status=ok steps=59 confidence=0.999977 elapsed=0.147s
2026-07-25 17:09:44,914 INFO Progress 6666/8281 status=ok steps=17 confidence=0.999870 elapsed=0.051s
2026-07-25 17:09:45,059 INFO Progress 6667/8281 status=ok steps=59 confidence=0.999997 elapsed=0.145s
2026-07-25 17:09:45,140 INFO Progress 6668/8281 status=ok steps=29 confidence=0.999569 elapsed=0.081s
2026-07-25 17:09:45,216 INFO Progress 6669/8281 status=ok steps=29 confidence=0.999899 elapsed=0.076s
2026-07-25 17:09:45,311 INFO Progress 6670/8281 status=ok steps=37 confidence=0.999919 elapsed=0.095s
2026-07-25 17:09:45,468 INFO Progress 6671/8281 status=ok steps=65 confidence=0.999910 elapsed=0.157s
2026-07-25 17:09:45,665 INFO Progress 6672/8281 status=ok steps=77 confidence=0.999615 elapsed=0.196s
2026-07-25 17:09:45,724 INFO Progress 6673/8281 status=ok steps=21 confidence=0.999891 elapsed=0.058s
2026-07-25 17:09:45,791 INFO Progress 6674/8281 status=ok steps=25 confidence=0.999980 elapsed=0.067s
2026-07-25 17:09:46,158 INFO Progress 6675/8281 status=ok steps=53 confidence=0.999977 elapsed=0.130s
2026-07-25 17:09:46,236 INFO Progress 6676/8281 status=ok steps=29 confidence=0.999221 elapsed=0.078s
2026-07-25 17:09:46,322 INFO Progress 6677/8281 status=ok steps=33 confidence=0.999993 elapsed=0.085s
2026-07-25 17:09:46,508 INFO Progress 6678/8281 status=ok steps=77 confidence=0.999892 elapsed=0.186s
2026-07-25 17:09:46,597 INFO Progress 6679/8281 status=ok steps=33 confidence=0.997696 elapsed=0.089s
2026-07-25 17:09:46,755 INFO Progress 6680/8281 status=ok steps=65 confidence=0.999910 elapsed=0.158s
2026-07-25 17:09:46,848 INFO Progress 6681/8281 status=ok steps=37 confidence=0.999730 elapsed=0.093s
2026-07-25 17:09:46,961 INFO Progress 6682/8281 status=ok steps=45 confidence=0.999884 elapsed=0.112s
2026-07-25 17:09:47,085 INFO Progress 6683/8281 status=ok steps=50 confidence=0.999933 elapsed=0.125s
2026-07-25 17:09:47,190 INFO Progress 6684/8281 status=ok steps=41 confidence=0.999897 elapsed=0.105s
2026-07-25 17:09:47,307 INFO Progress 6685/8281 status=ok steps=45 confidence=0.999538 elapsed=0.117s
2026-07-25 17:09:47,440 INFO Progress 6686/8281 status=ok steps=53 confidence=0.999802 elapsed=0.133s
2026-07-25 17:09:47,508 INFO Progress 6687/8281 status=ok steps=25 confidence=0.999955 elapsed=0.069s
2026-07-25 17:09:47,602 INFO Progress 6688/8281 status=ok steps=37 confidence=0.999528 elapsed=0.093s
2026-07-25 17:09:47,678 INFO Progress 6689/8281 status=ok steps=29 confidence=0.999967 elapsed=0.076s
2026-07-25 17:09:47,741 INFO Progress 6690/8281 status=ok steps=23 confidence=0.999432 elapsed=0.063s
2026-07-25 17:09:47,832 INFO Progress 6691/8281 status=ok steps=35 confidence=0.999923 elapsed=0.090s
2026-07-25 17:09:47,957 INFO Progress 6692/8281 status=ok steps=50 confidence=0.999997 elapsed=0.125s
2026-07-25 17:09:48,035 INFO Progress 6693/8281 status=ok steps=30 confidence=0.999924 elapsed=0.078s
2026-07-25 17:09:48,140 INFO Progress 6694/8281 status=ok steps=40 confidence=0.999716 elapsed=0.105s
2026-07-25 17:09:48,224 INFO Progress 6695/8281 status=ok steps=32 confidence=0.999840 elapsed=0.084s
2026-07-25 17:09:48,273 INFO Progress 6696/8281 status=ok steps=17 confidence=0.999694 elapsed=0.049s
2026-07-25 17:09:48,382 INFO Progress 6697/8281 status=ok steps=41 confidence=0.999978 elapsed=0.108s
2026-07-25 17:09:48,487 INFO Progress 6698/8281 status=ok steps=41 confidence=0.999993 elapsed=0.105s
2026-07-25 17:09:48,577 INFO Progress 6699/8281 status=ok steps=35 confidence=0.999836 elapsed=0.090s
2026-07-25 17:09:49,143 INFO Progress 6700/8281 status=ok steps=77 confidence=0.999615 elapsed=0.196s
2026-07-25 17:09:49,307 INFO Progress 6701/8281 status=ok steps=65 confidence=0.999995 elapsed=0.163s
2026-07-25 17:09:49,365 INFO Progress 6702/8281 status=ok steps=20 confidence=0.999796 elapsed=0.058s
2026-07-25 17:09:49,484 INFO Progress 6703/8281 status=ok steps=47 confidence=0.999839 elapsed=0.119s
2026-07-25 17:09:49,562 INFO Progress 6704/8281 status=ok steps=29 confidence=0.999967 elapsed=0.077s
2026-07-25 17:09:49,692 INFO Progress 6705/8281 status=ok steps=47 confidence=0.999861 elapsed=0.130s
2026-07-25 17:09:49,778 INFO Progress 6706/8281 status=ok steps=29 confidence=0.999830 elapsed=0.085s
2026-07-25 17:09:49,859 INFO Progress 6707/8281 status=ok steps=29 confidence=0.999812 elapsed=0.082s
2026-07-25 17:09:49,962 INFO Progress 6708/8281 status=ok steps=41 confidence=0.999645 elapsed=0.103s
2026-07-25 17:09:50,030 INFO Progress 6709/8281 status=ok steps=25 confidence=0.999925 elapsed=0.068s
2026-07-25 17:09:50,134 INFO Progress 6710/8281 status=ok steps=41 confidence=0.999860 elapsed=0.104s
2026-07-25 17:09:50,216 INFO Progress 6711/8281 status=ok steps=29 confidence=0.999569 elapsed=0.082s
2026-07-25 17:09:50,276 INFO Progress 6712/8281 status=ok steps=21 confidence=0.999970 elapsed=0.060s
2026-07-25 17:09:50,381 INFO Progress 6713/8281 status=ok steps=41 confidence=0.999991 elapsed=0.105s
2026-07-25 17:09:50,557 INFO Progress 6714/8281 status=ok steps=71 confidence=0.999994 elapsed=0.175s
2026-07-25 17:09:50,762 INFO Progress 6715/8281 status=ok steps=82 confidence=0.999858 elapsed=0.205s
2026-07-25 17:09:50,881 INFO Progress 6716/8281 status=ok steps=47 confidence=0.999972 elapsed=0.119s
2026-07-25 17:09:51,007 INFO Progress 6717/8281 status=ok steps=50 confidence=0.999945 elapsed=0.126s
2026-07-25 17:09:51,168 INFO Progress 6718/8281 status=ok steps=65 confidence=0.999889 elapsed=0.162s
2026-07-25 17:09:51,303 INFO Progress 6719/8281 status=ok steps=53 confidence=0.999965 elapsed=0.134s
2026-07-25 17:09:51,352 INFO Progress 6720/8281 status=ok steps=17 confidence=0.999750 elapsed=0.049s
2026-07-25 17:09:51,444 INFO Progress 6721/8281 status=ok steps=35 confidence=0.999871 elapsed=0.091s
2026-07-25 17:09:51,535 INFO Progress 6722/8281 status=ok steps=35 confidence=0.999903 elapsed=0.091s
2026-07-25 17:09:51,625 INFO Progress 6723/8281 status=ok steps=35 confidence=0.999760 elapsed=0.090s
2026-07-25 17:09:51,772 INFO Progress 6724/8281 status=ok steps=59 confidence=0.999900 elapsed=0.147s
2026-07-25 17:09:52,236 INFO Progress 6725/8281 status=ok steps=77 confidence=0.999892 elapsed=0.188s
2026-07-25 17:09:52,315 INFO Progress 6726/8281 status=ok steps=29 confidence=0.999899 elapsed=0.079s
2026-07-25 17:09:52,420 INFO Progress 6727/8281 status=ok steps=41 confidence=0.999939 elapsed=0.105s
2026-07-25 17:09:52,613 INFO Progress 6728/8281 status=ok steps=77 confidence=0.999097 elapsed=0.193s
2026-07-25 17:09:52,734 INFO Progress 6729/8281 status=ok steps=47 confidence=0.999991 elapsed=0.121s
2026-07-25 17:09:52,791 INFO Progress 6730/8281 status=ok steps=20 confidence=0.999984 elapsed=0.057s
2026-07-25 17:09:52,927 INFO Progress 6731/8281 status=ok steps=53 confidence=0.999956 elapsed=0.136s
2026-07-25 17:09:53,004 INFO Progress 6732/8281 status=ok steps=29 confidence=0.999856 elapsed=0.077s
2026-07-25 17:09:53,099 INFO Progress 6733/8281 status=ok steps=35 confidence=0.996843 elapsed=0.095s
2026-07-25 17:09:53,167 INFO Progress 6734/8281 status=ok steps=25 confidence=0.999831 elapsed=0.067s
2026-07-25 17:09:53,271 INFO Progress 6735/8281 status=ok steps=40 confidence=0.999972 elapsed=0.104s
2026-07-25 17:09:53,366 INFO Progress 6736/8281 status=ok steps=37 confidence=0.999946 elapsed=0.095s
2026-07-25 17:09:53,470 INFO Progress 6737/8281 status=ok steps=41 confidence=0.999860 elapsed=0.104s
2026-07-25 17:09:53,591 INFO Progress 6738/8281 status=ok steps=45 confidence=0.999906 elapsed=0.121s
2026-07-25 17:09:53,714 INFO Progress 6739/8281 status=ok steps=50 confidence=0.999538 elapsed=0.123s
2026-07-25 17:09:53,790 INFO Progress 6740/8281 status=ok steps=29 confidence=0.999934 elapsed=0.076s
2026-07-25 17:09:53,947 INFO Progress 6741/8281 status=ok steps=65 confidence=0.999910 elapsed=0.157s
2026-07-25 17:09:54,053 INFO Progress 6742/8281 status=ok steps=40 confidence=0.999897 elapsed=0.106s
2026-07-25 17:09:54,154 INFO Progress 6743/8281 status=ok steps=40 confidence=0.999994 elapsed=0.101s
2026-07-25 17:09:54,232 INFO Progress 6744/8281 status=ok steps=29 confidence=0.999812 elapsed=0.078s
2026-07-25 17:09:54,338 INFO Progress 6745/8281 status=ok steps=40 confidence=0.999749 elapsed=0.106s
2026-07-25 17:09:54,414 INFO Progress 6746/8281 status=ok steps=29 confidence=0.999951 elapsed=0.076s
2026-07-25 17:09:54,493 INFO Progress 6747/8281 status=ok steps=30 confidence=0.999815 elapsed=0.078s
2026-07-25 17:09:54,582 INFO Progress 6748/8281 status=ok steps=35 confidence=0.999923 elapsed=0.089s
2026-07-25 17:09:54,672 INFO Progress 6749/8281 status=ok steps=35 confidence=0.999873 elapsed=0.089s
2026-07-25 17:09:55,075 INFO Progress 6750/8281 status=ok steps=26 confidence=0.999889 elapsed=0.072s
2026-07-25 17:09:55,170 INFO Progress 6751/8281 status=ok steps=35 confidence=0.999872 elapsed=0.095s
2026-07-25 17:09:55,301 INFO Progress 6752/8281 status=ok steps=53 confidence=0.999982 elapsed=0.131s
2026-07-25 17:09:55,394 INFO Progress 6753/8281 status=ok steps=35 confidence=0.999999 elapsed=0.093s
2026-07-25 17:09:55,516 INFO Progress 6754/8281 status=ok steps=47 confidence=0.999986 elapsed=0.122s
2026-07-25 17:09:55,594 INFO Progress 6755/8281 status=ok steps=29 confidence=0.999848 elapsed=0.078s
2026-07-25 17:09:55,682 INFO Progress 6756/8281 status=ok steps=33 confidence=0.997696 elapsed=0.087s
2026-07-25 17:09:55,814 INFO Progress 6757/8281 status=ok steps=53 confidence=0.999965 elapsed=0.133s
2026-07-25 17:09:55,950 INFO Progress 6758/8281 status=ok steps=55 confidence=0.999997 elapsed=0.136s
2026-07-25 17:09:56,052 INFO Progress 6759/8281 status=ok steps=40 confidence=0.999995 elapsed=0.101s
2026-07-25 17:09:56,155 INFO Progress 6760/8281 status=ok steps=40 confidence=0.999994 elapsed=0.103s
2026-07-25 17:09:56,263 INFO Progress 6761/8281 status=ok steps=41 confidence=0.999893 elapsed=0.108s
2026-07-25 17:09:56,362 INFO Progress 6762/8281 status=ok steps=37 confidence=0.999989 elapsed=0.099s
2026-07-25 17:09:56,452 INFO Progress 6763/8281 status=ok steps=35 confidence=0.999836 elapsed=0.089s
2026-07-25 17:09:56,542 INFO Progress 6764/8281 status=ok steps=35 confidence=0.999965 elapsed=0.090s
2026-07-25 17:09:56,646 INFO Progress 6765/8281 status=ok steps=41 confidence=0.999939 elapsed=0.104s
2026-07-25 17:09:56,707 INFO Progress 6766/8281 status=ok steps=21 confidence=0.999959 elapsed=0.061s
2026-07-25 17:09:56,785 INFO Progress 6767/8281 status=ok steps=29 confidence=0.999985 elapsed=0.077s
2026-07-25 17:09:56,919 INFO Progress 6768/8281 status=ok steps=53 confidence=0.999916 elapsed=0.134s
2026-07-25 17:09:57,009 INFO Progress 6769/8281 status=ok steps=35 confidence=0.999873 elapsed=0.090s
2026-07-25 17:09:57,128 INFO Progress 6770/8281 status=ok steps=45 confidence=0.999898 elapsed=0.118s
2026-07-25 17:09:57,237 INFO Progress 6771/8281 status=ok steps=40 confidence=0.999972 elapsed=0.109s
2026-07-25 17:09:57,317 INFO Progress 6772/8281 status=ok steps=29 confidence=0.999918 elapsed=0.081s
2026-07-25 17:09:57,387 INFO Progress 6773/8281 status=ok steps=25 confidence=0.999980 elapsed=0.070s
2026-07-25 17:09:57,519 INFO Progress 6774/8281 status=ok steps=53 confidence=0.999982 elapsed=0.132s
2026-07-25 17:09:57,880 INFO Progress 6775/8281 status=ok steps=50 confidence=0.999883 elapsed=0.126s
2026-07-25 17:09:57,932 INFO Progress 6776/8281 status=ok steps=17 confidence=0.999694 elapsed=0.052s
2026-07-25 17:09:58,089 INFO Progress 6777/8281 status=ok steps=65 confidence=0.999994 elapsed=0.157s
2026-07-25 17:09:58,212 INFO Progress 6778/8281 status=ok steps=50 confidence=0.999955 elapsed=0.123s
2026-07-25 17:09:58,315 INFO Progress 6779/8281 status=ok steps=41 confidence=0.999931 elapsed=0.103s
2026-07-25 17:09:58,413 INFO Progress 6780/8281 status=ok steps=37 confidence=0.998930 elapsed=0.097s
2026-07-25 17:09:58,528 INFO Progress 6781/8281 status=ok steps=45 confidence=0.999898 elapsed=0.115s
2026-07-25 17:09:58,624 INFO Progress 6782/8281 status=ok steps=37 confidence=0.999968 elapsed=0.096s
2026-07-25 17:09:58,727 INFO Progress 6783/8281 status=ok steps=41 confidence=0.999860 elapsed=0.103s
2026-07-25 17:09:58,843 INFO Progress 6784/8281 status=ok steps=45 confidence=0.999987 elapsed=0.116s
2026-07-25 17:09:58,968 INFO Progress 6785/8281 status=ok steps=50 confidence=0.999933 elapsed=0.125s
2026-07-25 17:09:59,063 INFO Progress 6786/8281 status=ok steps=37 confidence=0.999989 elapsed=0.095s
2026-07-25 17:09:59,132 INFO Progress 6787/8281 status=ok steps=25 confidence=0.999893 elapsed=0.069s
2026-07-25 17:09:59,227 INFO Progress 6788/8281 status=ok steps=37 confidence=0.999930 elapsed=0.094s
2026-07-25 17:09:59,294 INFO Progress 6789/8281 status=ok steps=25 confidence=0.999887 elapsed=0.067s
2026-07-25 17:09:59,351 INFO Progress 6790/8281 status=ok steps=20 confidence=0.999796 elapsed=0.057s
2026-07-25 17:09:59,427 INFO Progress 6791/8281 status=ok steps=29 confidence=0.999956 elapsed=0.076s
2026-07-25 17:09:59,576 INFO Progress 6792/8281 status=ok steps=61 confidence=0.999918 elapsed=0.149s
2026-07-25 17:09:59,663 INFO Progress 6793/8281 status=ok steps=33 confidence=0.999864 elapsed=0.086s
2026-07-25 17:09:59,775 INFO Progress 6794/8281 status=ok steps=45 confidence=0.999994 elapsed=0.113s
2026-07-25 17:09:59,852 INFO Progress 6795/8281 status=ok steps=29 confidence=0.999497 elapsed=0.076s
2026-07-25 17:10:00,001 INFO Progress 6796/8281 status=ok steps=61 confidence=0.999918 elapsed=0.149s
2026-07-25 17:10:00,050 INFO Progress 6797/8281 status=ok steps=17 confidence=0.999694 elapsed=0.050s
2026-07-25 17:10:00,145 INFO Progress 6798/8281 status=ok steps=37 confidence=0.999963 elapsed=0.094s
2026-07-25 17:10:00,270 INFO Progress 6799/8281 status=ok steps=50 confidence=0.999883 elapsed=0.125s
2026-07-25 17:10:00,603 INFO Progress 6800/8281 status=ok steps=29 confidence=0.999887 elapsed=0.077s
2026-07-25 17:10:00,743 INFO Progress 6801/8281 status=ok steps=55 confidence=0.999994 elapsed=0.139s
2026-07-25 17:10:00,848 INFO Progress 6802/8281 status=ok steps=40 confidence=0.999994 elapsed=0.106s
2026-07-25 17:10:01,024 INFO Progress 6803/8281 status=ok steps=68 confidence=0.998081 elapsed=0.175s
2026-07-25 17:10:01,142 INFO Progress 6804/8281 status=ok steps=47 confidence=0.999972 elapsed=0.118s
2026-07-25 17:10:01,248 INFO Progress 6805/8281 status=ok steps=41 confidence=0.999973 elapsed=0.106s
2026-07-25 17:10:01,440 INFO Progress 6806/8281 status=ok steps=77 confidence=0.999994 elapsed=0.192s
2026-07-25 17:10:01,546 INFO Progress 6807/8281 status=ok steps=41 confidence=0.999893 elapsed=0.105s
2026-07-25 17:10:01,709 INFO Progress 6808/8281 status=ok steps=65 confidence=0.999982 elapsed=0.163s
2026-07-25 17:10:01,901 INFO Progress 6809/8281 status=ok steps=77 confidence=0.999994 elapsed=0.192s
2026-07-25 17:10:01,958 INFO Progress 6810/8281 status=ok steps=20 confidence=0.999721 elapsed=0.057s
2026-07-25 17:10:02,094 INFO Progress 6811/8281 status=ok steps=53 confidence=0.999636 elapsed=0.136s
2026-07-25 17:10:02,230 INFO Progress 6812/8281 status=ok steps=54 confidence=0.999958 elapsed=0.136s
2026-07-25 17:10:02,308 INFO Progress 6813/8281 status=ok steps=29 confidence=0.999043 elapsed=0.078s
2026-07-25 17:10:02,433 INFO Progress 6814/8281 status=ok steps=50 confidence=0.999705 elapsed=0.124s
2026-07-25 17:10:02,569 INFO Progress 6815/8281 status=ok steps=55 confidence=0.999934 elapsed=0.136s
2026-07-25 17:10:02,648 INFO Progress 6816/8281 status=ok steps=29 confidence=0.999668 elapsed=0.078s
2026-07-25 17:10:02,739 INFO Progress 6817/8281 status=ok steps=35 confidence=0.999608 elapsed=0.092s
2026-07-25 17:10:02,816 INFO Progress 6818/8281 status=ok steps=29 confidence=0.999995 elapsed=0.077s
2026-07-25 17:10:02,879 INFO Progress 6819/8281 status=ok steps=23 confidence=0.999846 elapsed=0.063s
2026-07-25 17:10:03,043 INFO Progress 6820/8281 status=ok steps=65 confidence=0.999982 elapsed=0.164s
2026-07-25 17:10:03,149 INFO Progress 6821/8281 status=ok steps=40 confidence=0.999981 elapsed=0.106s
2026-07-25 17:10:03,286 INFO Progress 6822/8281 status=ok steps=53 confidence=0.999916 elapsed=0.136s
2026-07-25 17:10:03,421 INFO Progress 6823/8281 status=ok steps=53 confidence=0.999976 elapsed=0.135s
2026-07-25 17:10:03,540 INFO Progress 6824/8281 status=ok steps=47 confidence=0.999972 elapsed=0.119s
2026-07-25 17:10:03,985 INFO Progress 6825/8281 status=ok steps=53 confidence=0.999636 elapsed=0.137s
2026-07-25 17:10:04,179 INFO Progress 6826/8281 status=ok steps=77 confidence=0.999900 elapsed=0.195s
2026-07-25 17:10:04,237 INFO Progress 6827/8281 status=ok steps=20 confidence=0.999701 elapsed=0.058s
2026-07-25 17:10:04,328 INFO Progress 6828/8281 status=ok steps=35 confidence=0.999974 elapsed=0.091s
2026-07-25 17:10:04,435 INFO Progress 6829/8281 status=ok steps=41 confidence=0.999973 elapsed=0.106s
2026-07-25 17:10:04,583 INFO Progress 6830/8281 status=ok steps=59 confidence=0.999900 elapsed=0.148s
2026-07-25 17:10:04,660 INFO Progress 6831/8281 status=ok steps=29 confidence=0.999856 elapsed=0.077s
2026-07-25 17:10:04,780 INFO Progress 6832/8281 status=ok steps=47 confidence=0.999490 elapsed=0.120s
2026-07-25 17:10:04,883 INFO Progress 6833/8281 status=ok steps=40 confidence=0.999943 elapsed=0.103s
2026-07-25 17:10:04,999 INFO Progress 6834/8281 status=ok steps=45 confidence=0.999898 elapsed=0.116s
2026-07-25 17:10:05,104 INFO Progress 6835/8281 status=ok steps=40 confidence=0.999990 elapsed=0.105s
2026-07-25 17:10:05,182 INFO Progress 6836/8281 status=ok steps=29 confidence=0.999919 elapsed=0.078s
2026-07-25 17:10:05,333 INFO Progress 6837/8281 status=ok steps=61 confidence=0.999950 elapsed=0.151s
2026-07-25 17:10:05,438 INFO Progress 6838/8281 status=ok steps=41 confidence=0.999897 elapsed=0.104s
2026-07-25 17:10:05,544 INFO Progress 6839/8281 status=ok steps=41 confidence=0.999906 elapsed=0.106s
2026-07-25 17:10:05,690 INFO Progress 6840/8281 status=ok steps=59 confidence=0.999948 elapsed=0.146s
2026-07-25 17:10:05,804 INFO Progress 6841/8281 status=ok steps=45 confidence=0.999996 elapsed=0.114s
2026-07-25 17:10:05,937 INFO Progress 6842/8281 status=ok steps=53 confidence=0.999614 elapsed=0.133s
2026-07-25 17:10:06,001 INFO Progress 6843/8281 status=ok steps=23 confidence=0.999665 elapsed=0.064s
2026-07-25 17:10:06,070 INFO Progress 6844/8281 status=ok steps=25 confidence=0.999925 elapsed=0.069s
2026-07-25 17:10:06,189 INFO Progress 6845/8281 status=ok steps=47 confidence=0.999822 elapsed=0.119s
2026-07-25 17:10:06,276 INFO Progress 6846/8281 status=ok steps=33 confidence=0.999975 elapsed=0.087s
2026-07-25 17:10:06,363 INFO Progress 6847/8281 status=ok steps=29 confidence=0.999569 elapsed=0.087s
2026-07-25 17:10:06,536 INFO Progress 6848/8281 status=ok steps=68 confidence=0.993713 elapsed=0.172s
2026-07-25 17:10:06,612 INFO Progress 6849/8281 status=ok steps=29 confidence=0.999899 elapsed=0.076s
2026-07-25 17:10:07,030 INFO Progress 6850/8281 status=ok steps=59 confidence=0.999975 elapsed=0.151s
2026-07-25 17:10:07,182 INFO Progress 6851/8281 status=ok steps=59 confidence=0.999977 elapsed=0.151s
2026-07-25 17:10:07,267 INFO Progress 6852/8281 status=ok steps=33 confidence=0.999844 elapsed=0.085s
2026-07-25 17:10:07,430 INFO Progress 6853/8281 status=ok steps=65 confidence=0.999995 elapsed=0.162s
2026-07-25 17:10:07,532 INFO Progress 6854/8281 status=ok steps=40 confidence=0.999994 elapsed=0.102s
2026-07-25 17:10:07,591 INFO Progress 6855/8281 status=ok steps=20 confidence=0.984287 elapsed=0.059s
2026-07-25 17:10:07,659 INFO Progress 6856/8281 status=ok steps=25 confidence=0.999980 elapsed=0.067s
2026-07-25 17:10:07,763 INFO Progress 6857/8281 status=ok steps=41 confidence=0.999948 elapsed=0.104s
2026-07-25 17:10:07,826 INFO Progress 6858/8281 status=ok steps=23 confidence=0.999432 elapsed=0.063s
2026-07-25 17:10:07,921 INFO Progress 6859/8281 status=ok steps=37 confidence=0.999983 elapsed=0.095s
2026-07-25 17:10:08,093 INFO Progress 6860/8281 status=ok steps=68 confidence=0.993713 elapsed=0.172s
2026-07-25 17:10:08,186 INFO Progress 6861/8281 status=ok steps=35 confidence=0.996843 elapsed=0.093s
2026-07-25 17:10:08,316 INFO Progress 6862/8281 status=ok steps=50 confidence=0.999945 elapsed=0.130s
2026-07-25 17:10:08,379 INFO Progress 6863/8281 status=ok steps=23 confidence=0.999765 elapsed=0.063s
2026-07-25 17:10:08,449 INFO Progress 6864/8281 status=ok steps=26 confidence=0.972931 elapsed=0.070s
2026-07-25 17:10:08,574 INFO Progress 6865/8281 status=ok steps=50 confidence=0.999538 elapsed=0.125s
2026-07-25 17:10:08,666 INFO Progress 6866/8281 status=ok steps=35 confidence=0.999939 elapsed=0.092s
2026-07-25 17:10:08,826 INFO Progress 6867/8281 status=ok steps=65 confidence=0.999989 elapsed=0.161s
2026-07-25 17:10:08,929 INFO Progress 6868/8281 status=ok steps=40 confidence=0.999989 elapsed=0.102s
2026-07-25 17:10:09,008 INFO Progress 6869/8281 status=ok steps=30 confidence=0.999924 elapsed=0.079s
2026-07-25 17:10:09,100 INFO Progress 6870/8281 status=ok steps=35 confidence=0.999025 elapsed=0.092s
2026-07-25 17:10:09,236 INFO Progress 6871/8281 status=ok steps=55 confidence=0.999995 elapsed=0.136s
2026-07-25 17:10:09,331 INFO Progress 6872/8281 status=ok steps=37 confidence=0.999968 elapsed=0.095s
2026-07-25 17:10:09,392 INFO Progress 6873/8281 status=ok steps=21 confidence=0.999959 elapsed=0.061s
2026-07-25 17:10:09,463 INFO Progress 6874/8281 status=ok steps=26 confidence=0.972931 elapsed=0.071s
2026-07-25 17:10:10,057 INFO Progress 6875/8281 status=ok steps=61 confidence=0.999950 elapsed=0.151s
2026-07-25 17:10:10,164 INFO Progress 6876/8281 status=ok steps=41 confidence=0.999883 elapsed=0.107s
2026-07-25 17:10:10,300 INFO Progress 6877/8281 status=ok steps=55 confidence=0.999934 elapsed=0.136s
2026-07-25 17:10:10,506 INFO Progress 6878/8281 status=ok steps=77 confidence=0.999615 elapsed=0.206s
2026-07-25 17:10:10,603 INFO Progress 6879/8281 status=ok steps=37 confidence=0.999930 elapsed=0.097s
2026-07-25 17:10:10,707 INFO Progress 6880/8281 status=ok steps=41 confidence=0.999918 elapsed=0.104s
2026-07-25 17:10:10,809 INFO Progress 6881/8281 status=ok steps=40 confidence=0.999976 elapsed=0.102s
2026-07-25 17:10:10,900 INFO Progress 6882/8281 status=ok steps=35 confidence=0.999921 elapsed=0.090s
2026-07-25 17:10:10,979 INFO Progress 6883/8281 status=ok steps=30 confidence=0.999710 elapsed=0.080s
2026-07-25 17:10:11,120 INFO Progress 6884/8281 status=ok steps=55 confidence=0.999647 elapsed=0.141s
2026-07-25 17:10:11,274 INFO Progress 6885/8281 status=ok steps=61 confidence=0.999996 elapsed=0.154s
2026-07-25 17:10:11,392 INFO Progress 6886/8281 status=ok steps=47 confidence=0.999984 elapsed=0.118s
2026-07-25 17:10:11,483 INFO Progress 6887/8281 status=ok steps=35 confidence=0.999965 elapsed=0.090s
2026-07-25 17:10:11,574 INFO Progress 6888/8281 status=ok steps=35 confidence=0.999870 elapsed=0.092s
2026-07-25 17:10:11,710 INFO Progress 6889/8281 status=ok steps=53 confidence=0.999926 elapsed=0.136s
2026-07-25 17:10:11,857 INFO Progress 6890/8281 status=ok steps=59 confidence=0.999997 elapsed=0.146s
2026-07-25 17:10:11,945 INFO Progress 6891/8281 status=ok steps=33 confidence=0.999938 elapsed=0.088s
2026-07-25 17:10:12,076 INFO Progress 6892/8281 status=ok steps=53 confidence=0.999982 elapsed=0.131s
2026-07-25 17:10:12,182 INFO Progress 6893/8281 status=ok steps=41 confidence=0.999978 elapsed=0.105s
2026-07-25 17:10:12,313 INFO Progress 6894/8281 status=ok steps=53 confidence=0.999982 elapsed=0.132s
2026-07-25 17:10:12,419 INFO Progress 6895/8281 status=ok steps=41 confidence=0.999975 elapsed=0.106s
2026-07-25 17:10:12,512 INFO Progress 6896/8281 status=ok steps=35 confidence=0.999870 elapsed=0.093s
2026-07-25 17:10:12,634 INFO Progress 6897/8281 status=ok steps=47 confidence=0.999858 elapsed=0.122s
2026-07-25 17:10:12,733 INFO Progress 6898/8281 status=ok steps=33 confidence=0.999975 elapsed=0.099s
2026-07-25 17:10:12,830 INFO Progress 6899/8281 status=ok steps=37 confidence=0.999981 elapsed=0.096s
2026-07-25 17:10:13,232 INFO Progress 6900/8281 status=ok steps=35 confidence=0.999900 elapsed=0.090s
2026-07-25 17:10:13,334 INFO Progress 6901/8281 status=ok steps=37 confidence=0.999946 elapsed=0.101s
2026-07-25 17:10:13,425 INFO Progress 6902/8281 status=ok steps=35 confidence=0.999965 elapsed=0.091s
2026-07-25 17:10:13,484 INFO Progress 6903/8281 status=ok steps=20 confidence=0.999984 elapsed=0.059s
2026-07-25 17:10:13,633 INFO Progress 6904/8281 status=ok steps=59 confidence=0.999977 elapsed=0.149s
2026-07-25 17:10:13,740 INFO Progress 6905/8281 status=ok steps=41 confidence=0.999906 elapsed=0.107s
2026-07-25 17:10:13,817 INFO Progress 6906/8281 status=ok steps=29 confidence=0.997449 elapsed=0.077s
2026-07-25 17:10:13,897 INFO Progress 6907/8281 status=ok steps=29 confidence=0.997449 elapsed=0.080s
2026-07-25 17:10:14,007 INFO Progress 6908/8281 status=ok steps=41 confidence=0.999640 elapsed=0.110s
2026-07-25 17:10:14,114 INFO Progress 6909/8281 status=ok steps=41 confidence=0.999906 elapsed=0.106s
2026-07-25 17:10:14,221 INFO Progress 6910/8281 status=ok steps=40 confidence=0.999716 elapsed=0.107s
2026-07-25 17:10:14,327 INFO Progress 6911/8281 status=ok steps=41 confidence=0.999991 elapsed=0.106s
2026-07-25 17:10:14,503 INFO Progress 6912/8281 status=ok steps=68 confidence=0.998081 elapsed=0.175s
2026-07-25 17:10:14,618 INFO Progress 6913/8281 status=ok steps=45 confidence=0.999996 elapsed=0.115s
2026-07-25 17:10:14,687 INFO Progress 6914/8281 status=ok steps=25 confidence=0.999955 elapsed=0.069s
2026-07-25 17:10:14,803 INFO Progress 6915/8281 status=ok steps=45 confidence=0.999992 elapsed=0.115s
2026-07-25 17:10:14,862 INFO Progress 6916/8281 status=ok steps=21 confidence=0.999880 elapsed=0.059s
2026-07-25 17:10:15,025 INFO Progress 6917/8281 status=ok steps=65 confidence=0.999951 elapsed=0.163s
2026-07-25 17:10:15,188 INFO Progress 6918/8281 status=ok steps=65 confidence=0.999909 elapsed=0.162s
2026-07-25 17:10:15,291 INFO Progress 6919/8281 status=ok steps=40 confidence=0.999990 elapsed=0.103s
2026-07-25 17:10:15,442 INFO Progress 6920/8281 status=ok steps=61 confidence=0.999918 elapsed=0.151s
2026-07-25 17:10:15,521 INFO Progress 6921/8281 status=ok steps=29 confidence=0.999848 elapsed=0.078s
2026-07-25 17:10:15,618 INFO Progress 6922/8281 status=ok steps=37 confidence=0.999882 elapsed=0.097s
2026-07-25 17:10:15,686 INFO Progress 6923/8281 status=ok steps=25 confidence=0.999980 elapsed=0.069s
2026-07-25 17:10:15,775 INFO Progress 6924/8281 status=ok steps=33 confidence=0.999938 elapsed=0.088s
2026-07-25 17:10:16,104 INFO Progress 6925/8281 status=ok steps=30 confidence=0.999850 elapsed=0.079s
2026-07-25 17:10:16,244 INFO Progress 6926/8281 status=ok steps=53 confidence=0.999636 elapsed=0.140s
2026-07-25 17:10:16,322 INFO Progress 6927/8281 status=ok steps=29 confidence=0.999919 elapsed=0.077s
2026-07-25 17:10:16,464 INFO Progress 6928/8281 status=ok steps=55 confidence=0.999647 elapsed=0.142s
2026-07-25 17:10:16,568 INFO Progress 6929/8281 status=ok steps=40 confidence=0.999976 elapsed=0.103s
2026-07-25 17:10:16,686 INFO Progress 6930/8281 status=ok steps=47 confidence=0.999984 elapsed=0.118s
2026-07-25 17:10:16,899 INFO Progress 6931/8281 status=ok steps=85 confidence=0.990706 elapsed=0.213s
2026-07-25 17:10:16,986 INFO Progress 6932/8281 status=ok steps=33 confidence=0.999975 elapsed=0.087s
2026-07-25 17:10:17,093 INFO Progress 6933/8281 status=ok steps=41 confidence=0.999974 elapsed=0.107s
2026-07-25 17:10:17,171 INFO Progress 6934/8281 status=ok steps=29 confidence=0.999668 elapsed=0.077s
2026-07-25 17:10:17,316 INFO Progress 6935/8281 status=ok steps=59 confidence=0.999979 elapsed=0.145s
2026-07-25 17:10:17,421 INFO Progress 6936/8281 status=ok steps=41 confidence=0.999973 elapsed=0.105s
2026-07-25 17:10:17,543 INFO Progress 6937/8281 status=ok steps=47 confidence=0.999858 elapsed=0.122s
2026-07-25 17:10:17,624 INFO Progress 6938/8281 status=ok steps=29 confidence=0.999836 elapsed=0.081s
2026-07-25 17:10:17,729 INFO Progress 6939/8281 status=ok steps=41 confidence=0.999975 elapsed=0.105s
2026-07-25 17:10:17,807 INFO Progress 6940/8281 status=ok steps=29 confidence=0.999951 elapsed=0.077s
2026-07-25 17:10:17,864 INFO Progress 6941/8281 status=ok steps=20 confidence=0.999984 elapsed=0.057s
2026-07-25 17:10:17,942 INFO Progress 6942/8281 status=ok steps=29 confidence=0.999918 elapsed=0.078s
2026-07-25 17:10:18,033 INFO Progress 6943/8281 status=ok steps=35 confidence=0.999836 elapsed=0.090s
2026-07-25 17:10:18,114 INFO Progress 6944/8281 status=ok steps=29 confidence=0.999569 elapsed=0.081s
2026-07-25 17:10:18,183 INFO Progress 6945/8281 status=ok steps=25 confidence=0.999955 elapsed=0.069s
2026-07-25 17:10:18,289 INFO Progress 6946/8281 status=ok steps=41 confidence=0.999949 elapsed=0.106s
2026-07-25 17:10:18,394 INFO Progress 6947/8281 status=ok steps=41 confidence=0.999918 elapsed=0.105s
2026-07-25 17:10:18,480 INFO Progress 6948/8281 status=ok steps=33 confidence=0.999844 elapsed=0.086s
2026-07-25 17:10:18,616 INFO Progress 6949/8281 status=ok steps=55 confidence=0.999995 elapsed=0.136s
2026-07-25 17:10:19,009 INFO Progress 6950/8281 status=ok steps=47 confidence=0.999079 elapsed=0.125s
2026-07-25 17:10:19,072 INFO Progress 6951/8281 status=ok steps=21 confidence=0.999959 elapsed=0.063s
2026-07-25 17:10:19,144 INFO Progress 6952/8281 status=ok steps=26 confidence=0.999867 elapsed=0.072s
2026-07-25 17:10:19,258 INFO Progress 6953/8281 status=ok steps=40 confidence=0.999995 elapsed=0.114s
2026-07-25 17:10:19,360 INFO Progress 6954/8281 status=ok steps=35 confidence=0.999999 elapsed=0.101s
2026-07-25 17:10:19,477 INFO Progress 6955/8281 status=ok steps=41 confidence=0.999940 elapsed=0.117s
2026-07-25 17:10:19,609 INFO Progress 6956/8281 status=ok steps=47 confidence=0.999972 elapsed=0.132s
2026-07-25 17:10:19,761 INFO Progress 6957/8281 status=ok steps=53 confidence=0.999916 elapsed=0.152s
2026-07-25 17:10:19,897 INFO Progress 6958/8281 status=ok steps=47 confidence=0.999861 elapsed=0.136s
2026-07-25 17:10:19,968 INFO Progress 6959/8281 status=ok steps=26 confidence=0.999889 elapsed=0.071s
2026-07-25 17:10:20,044 INFO Progress 6960/8281 status=ok steps=29 confidence=0.999856 elapsed=0.076s
2026-07-25 17:10:20,213 INFO Progress 6961/8281 status=ok steps=69 confidence=0.999861 elapsed=0.168s
2026-07-25 17:10:20,317 INFO Progress 6962/8281 status=ok steps=40 confidence=0.999990 elapsed=0.104s
2026-07-25 17:10:20,454 INFO Progress 6963/8281 status=ok steps=55 confidence=0.999997 elapsed=0.136s
2026-07-25 17:10:20,534 INFO Progress 6964/8281 status=ok steps=30 confidence=0.999729 elapsed=0.080s
2026-07-25 17:10:20,628 INFO Progress 6965/8281 status=ok steps=37 confidence=0.999993 elapsed=0.094s
2026-07-25 17:10:20,684 INFO Progress 6966/8281 status=ok steps=20 confidence=0.999426 elapsed=0.056s
2026-07-25 17:10:20,790 INFO Progress 6967/8281 status=ok steps=41 confidence=0.998228 elapsed=0.106s
2026-07-25 17:10:20,888 INFO Progress 6968/8281 status=ok steps=37 confidence=0.998930 elapsed=0.097s
2026-07-25 17:10:20,944 INFO Progress 6969/8281 status=ok steps=20 confidence=0.999437 elapsed=0.056s
2026-07-25 17:10:21,057 INFO Progress 6970/8281 status=ok steps=45 confidence=0.999996 elapsed=0.113s
2026-07-25 17:10:21,159 INFO Progress 6971/8281 status=ok steps=40 confidence=0.999991 elapsed=0.102s
2026-07-25 17:10:21,262 INFO Progress 6972/8281 status=ok steps=40 confidence=0.999990 elapsed=0.103s
2026-07-25 17:10:21,340 INFO Progress 6973/8281 status=ok steps=29 confidence=0.999668 elapsed=0.078s
2026-07-25 17:10:21,403 INFO Progress 6974/8281 status=ok steps=23 confidence=0.999820 elapsed=0.063s
2026-07-25 17:10:21,746 INFO Progress 6975/8281 status=ok steps=33 confidence=0.999975 elapsed=0.085s
2026-07-25 17:10:21,815 INFO Progress 6976/8281 status=ok steps=25 confidence=0.999831 elapsed=0.069s
2026-07-25 17:10:22,009 INFO Progress 6977/8281 status=ok steps=77 confidence=0.999804 elapsed=0.193s
2026-07-25 17:10:22,168 INFO Progress 6978/8281 status=ok steps=65 confidence=0.999909 elapsed=0.159s
2026-07-25 17:10:22,261 INFO Progress 6979/8281 status=ok steps=35 confidence=0.999958 elapsed=0.093s
2026-07-25 17:10:22,340 INFO Progress 6980/8281 status=ok steps=30 confidence=0.999927 elapsed=0.079s
2026-07-25 17:10:22,399 INFO Progress 6981/8281 status=ok steps=21 confidence=0.999891 elapsed=0.059s
2026-07-25 17:10:22,504 INFO Progress 6982/8281 status=ok steps=41 confidence=0.999991 elapsed=0.105s
2026-07-25 17:10:22,637 INFO Progress 6983/8281 status=ok steps=53 confidence=0.999956 elapsed=0.133s
2026-07-25 17:10:22,705 INFO Progress 6984/8281 status=ok steps=25 confidence=0.999925 elapsed=0.067s
2026-07-25 17:10:22,790 INFO Progress 6985/8281 status=ok steps=33 confidence=0.999983 elapsed=0.085s
2026-07-25 17:10:22,920 INFO Progress 6986/8281 status=ok steps=53 confidence=0.999977 elapsed=0.130s
2026-07-25 17:10:23,005 INFO Progress 6987/8281 status=ok steps=32 confidence=0.999883 elapsed=0.084s
2026-07-25 17:10:23,089 INFO Progress 6988/8281 status=ok steps=32 confidence=0.999840 elapsed=0.085s
2026-07-25 17:10:23,222 INFO Progress 6989/8281 status=ok steps=53 confidence=0.999926 elapsed=0.132s
2026-07-25 17:10:23,372 INFO Progress 6990/8281 status=ok steps=61 confidence=0.999918 elapsed=0.149s
2026-07-25 17:10:23,439 INFO Progress 6991/8281 status=ok steps=25 confidence=0.999971 elapsed=0.067s
2026-07-25 17:10:23,562 INFO Progress 6992/8281 status=ok steps=50 confidence=0.999538 elapsed=0.123s
2026-07-25 17:10:23,695 INFO Progress 6993/8281 status=ok steps=53 confidence=0.999926 elapsed=0.133s
2026-07-25 17:10:23,753 INFO Progress 6994/8281 status=ok steps=20 confidence=0.999984 elapsed=0.057s
2026-07-25 17:10:23,843 INFO Progress 6995/8281 status=ok steps=35 confidence=0.999760 elapsed=0.090s
2026-07-25 17:10:23,920 INFO Progress 6996/8281 status=ok steps=29 confidence=0.999887 elapsed=0.077s
2026-07-25 17:10:24,011 INFO Progress 6997/8281 status=ok steps=35 confidence=0.999965 elapsed=0.091s
2026-07-25 17:10:24,128 INFO Progress 6998/8281 status=ok steps=47 confidence=0.999960 elapsed=0.118s
2026-07-25 17:10:24,213 INFO Progress 6999/8281 status=ok steps=33 confidence=0.999844 elapsed=0.085s
2026-07-25 17:10:24,599 INFO Progress 7000/8281 status=ok steps=29 confidence=0.999221 elapsed=0.077s
2026-07-25 17:10:24,693 INFO Progress 7001/8281 status=ok steps=35 confidence=0.999870 elapsed=0.094s
2026-07-25 17:10:24,778 INFO Progress 7002/8281 status=ok steps=33 confidence=0.999975 elapsed=0.085s
2026-07-25 17:10:24,846 INFO Progress 7003/8281 status=ok steps=25 confidence=0.999925 elapsed=0.068s
2026-07-25 17:10:24,997 INFO Progress 7004/8281 status=ok steps=61 confidence=0.999935 elapsed=0.151s
2026-07-25 17:10:25,149 INFO Progress 7005/8281 status=ok steps=61 confidence=0.999935 elapsed=0.151s
2026-07-25 17:10:25,252 INFO Progress 7006/8281 status=ok steps=40 confidence=0.999897 elapsed=0.103s
2026-07-25 17:10:25,357 INFO Progress 7007/8281 status=ok steps=40 confidence=0.999716 elapsed=0.105s
2026-07-25 17:10:25,409 INFO Progress 7008/8281 status=ok steps=17 confidence=0.999926 elapsed=0.052s
2026-07-25 17:10:25,479 INFO Progress 7009/8281 status=ok steps=25 confidence=0.999893 elapsed=0.070s
2026-07-25 17:10:25,557 INFO Progress 7010/8281 status=ok steps=29 confidence=0.999918 elapsed=0.077s
2026-07-25 17:10:25,615 INFO Progress 7011/8281 status=ok steps=21 confidence=0.999880 elapsed=0.059s
2026-07-25 17:10:25,719 INFO Progress 7012/8281 status=ok steps=40 confidence=0.999749 elapsed=0.104s
2026-07-25 17:10:25,824 INFO Progress 7013/8281 status=ok steps=41 confidence=0.999991 elapsed=0.105s
2026-07-25 17:10:25,926 INFO Progress 7014/8281 status=ok steps=40 confidence=0.999995 elapsed=0.101s
2026-07-25 17:10:26,072 INFO Progress 7015/8281 status=ok steps=60 confidence=0.999962 elapsed=0.146s
2026-07-25 17:10:26,190 INFO Progress 7016/8281 status=ok steps=47 confidence=0.999839 elapsed=0.119s
2026-07-25 17:10:26,315 INFO Progress 7017/8281 status=ok steps=47 confidence=0.999079 elapsed=0.124s
2026-07-25 17:10:26,405 INFO Progress 7018/8281 status=ok steps=35 confidence=0.999993 elapsed=0.090s
2026-07-25 17:10:26,459 INFO Progress 7019/8281 status=ok steps=17 confidence=0.999926 elapsed=0.054s
2026-07-25 17:10:26,517 INFO Progress 7020/8281 status=ok steps=20 confidence=0.999796 elapsed=0.058s
2026-07-25 17:10:26,661 INFO Progress 7021/8281 status=ok steps=59 confidence=0.999982 elapsed=0.144s
2026-07-25 17:10:26,764 INFO Progress 7022/8281 status=ok steps=41 confidence=0.999889 elapsed=0.103s
2026-07-25 17:10:26,827 INFO Progress 7023/8281 status=ok steps=23 confidence=0.999772 elapsed=0.062s
2026-07-25 17:10:26,945 INFO Progress 7024/8281 status=ok steps=47 confidence=0.999784 elapsed=0.118s
2026-07-25 17:10:27,393 INFO Progress 7025/8281 status=ok steps=55 confidence=0.999994 elapsed=0.135s
2026-07-25 17:10:27,520 INFO Progress 7026/8281 status=ok steps=50 confidence=0.999955 elapsed=0.126s
2026-07-25 17:10:27,610 INFO Progress 7027/8281 status=ok steps=35 confidence=0.999920 elapsed=0.090s
2026-07-25 17:10:27,735 INFO Progress 7028/8281 status=ok steps=50 confidence=0.999883 elapsed=0.125s
2026-07-25 17:10:27,812 INFO Progress 7029/8281 status=ok steps=30 confidence=0.999553 elapsed=0.077s
2026-07-25 17:10:27,888 INFO Progress 7030/8281 status=ok steps=29 confidence=0.999497 elapsed=0.076s
2026-07-25 17:10:28,002 INFO Progress 7031/8281 status=ok steps=45 confidence=0.999992 elapsed=0.113s
2026-07-25 17:10:28,092 INFO Progress 7032/8281 status=ok steps=35 confidence=0.999921 elapsed=0.090s
2026-07-25 17:10:28,223 INFO Progress 7033/8281 status=ok steps=53 confidence=0.999982 elapsed=0.131s
2026-07-25 17:10:28,327 INFO Progress 7034/8281 status=ok steps=41 confidence=0.999949 elapsed=0.104s
2026-07-25 17:10:28,445 INFO Progress 7035/8281 status=ok steps=45 confidence=0.999987 elapsed=0.118s
2026-07-25 17:10:28,521 INFO Progress 7036/8281 status=ok steps=29 confidence=0.999812 elapsed=0.076s
2026-07-25 17:10:28,658 INFO Progress 7037/8281 status=ok steps=54 confidence=0.998579 elapsed=0.137s
2026-07-25 17:10:28,763 INFO Progress 7038/8281 status=ok steps=40 confidence=0.999749 elapsed=0.105s
2026-07-25 17:10:28,866 INFO Progress 7039/8281 status=ok steps=41 confidence=0.999645 elapsed=0.103s
2026-07-25 17:10:28,952 INFO Progress 7040/8281 status=ok steps=33 confidence=0.999975 elapsed=0.086s
2026-07-25 17:10:29,057 INFO Progress 7041/8281 status=ok steps=41 confidence=0.999974 elapsed=0.105s
2026-07-25 17:10:29,120 INFO Progress 7042/8281 status=ok steps=23 confidence=0.999772 elapsed=0.062s
2026-07-25 17:10:29,215 INFO Progress 7043/8281 status=ok steps=37 confidence=0.999930 elapsed=0.095s
2026-07-25 17:10:29,320 INFO Progress 7044/8281 status=ok steps=41 confidence=0.999984 elapsed=0.105s
2026-07-25 17:10:29,411 INFO Progress 7045/8281 status=ok steps=35 confidence=0.996843 elapsed=0.091s
2026-07-25 17:10:29,513 INFO Progress 7046/8281 status=ok steps=37 confidence=0.999455 elapsed=0.101s
2026-07-25 17:10:29,617 INFO Progress 7047/8281 status=ok steps=40 confidence=0.999981 elapsed=0.104s
2026-07-25 17:10:29,728 INFO Progress 7048/8281 status=ok steps=45 confidence=0.999884 elapsed=0.112s
2026-07-25 17:10:29,870 INFO Progress 7049/8281 status=ok steps=55 confidence=0.999997 elapsed=0.142s
2026-07-25 17:10:30,564 INFO Progress 7050/8281 status=ok steps=35 confidence=0.999959 elapsed=0.091s
2026-07-25 17:10:30,713 INFO Progress 7051/8281 status=ok steps=59 confidence=0.999977 elapsed=0.149s
2026-07-25 17:10:30,817 INFO Progress 7052/8281 status=ok steps=41 confidence=0.999890 elapsed=0.104s
2026-07-25 17:10:30,963 INFO Progress 7053/8281 status=ok steps=59 confidence=0.999977 elapsed=0.146s
2026-07-25 17:10:31,065 INFO Progress 7054/8281 status=ok steps=41 confidence=0.999745 elapsed=0.102s
2026-07-25 17:10:31,142 INFO Progress 7055/8281 status=ok steps=29 confidence=0.999962 elapsed=0.077s
2026-07-25 17:10:31,278 INFO Progress 7056/8281 status=ok steps=55 confidence=0.999997 elapsed=0.136s
2026-07-25 17:10:31,330 INFO Progress 7057/8281 status=ok steps=17 confidence=0.999870 elapsed=0.051s
2026-07-25 17:10:31,434 INFO Progress 7058/8281 status=ok steps=41 confidence=0.999890 elapsed=0.104s
2026-07-25 17:10:31,533 INFO Progress 7059/8281 status=ok steps=37 confidence=0.999455 elapsed=0.098s
2026-07-25 17:10:31,617 INFO Progress 7060/8281 status=ok steps=33 confidence=0.999819 elapsed=0.084s
2026-07-25 17:10:31,697 INFO Progress 7061/8281 status=ok steps=29 confidence=0.999887 elapsed=0.080s
2026-07-25 17:10:31,800 INFO Progress 7062/8281 status=ok steps=41 confidence=0.999745 elapsed=0.103s
2026-07-25 17:10:31,905 INFO Progress 7063/8281 status=ok steps=40 confidence=0.999981 elapsed=0.104s
2026-07-25 17:10:31,967 INFO Progress 7064/8281 status=ok steps=23 confidence=0.999765 elapsed=0.062s
2026-07-25 17:10:32,124 INFO Progress 7065/8281 status=ok steps=65 confidence=0.999994 elapsed=0.157s
2026-07-25 17:10:32,283 INFO Progress 7066/8281 status=ok steps=65 confidence=0.999989 elapsed=0.158s
2026-07-25 17:10:32,360 INFO Progress 7067/8281 status=ok steps=29 confidence=0.999956 elapsed=0.077s
2026-07-25 17:10:32,512 INFO Progress 7068/8281 status=ok steps=59 confidence=0.999975 elapsed=0.152s
2026-07-25 17:10:32,615 INFO Progress 7069/8281 status=ok steps=41 confidence=0.999889 elapsed=0.103s
2026-07-25 17:10:32,740 INFO Progress 7070/8281 status=ok steps=50 confidence=0.999989 elapsed=0.125s
2026-07-25 17:10:32,898 INFO Progress 7071/8281 status=ok steps=61 confidence=0.996981 elapsed=0.158s
2026-07-25 17:10:33,034 INFO Progress 7072/8281 status=ok steps=55 confidence=0.999997 elapsed=0.136s
2026-07-25 17:10:33,128 INFO Progress 7073/8281 status=ok steps=37 confidence=0.999528 elapsed=0.094s
2026-07-25 17:10:33,219 INFO Progress 7074/8281 status=ok steps=35 confidence=0.999025 elapsed=0.091s
2026-07-25 17:10:33,775 INFO Progress 7075/8281 status=ok steps=37 confidence=0.999930 elapsed=0.095s
2026-07-25 17:10:33,840 INFO Progress 7076/8281 status=ok steps=23 confidence=0.999765 elapsed=0.065s
2026-07-25 17:10:33,998 INFO Progress 7077/8281 status=ok steps=61 confidence=0.996981 elapsed=0.157s
2026-07-25 17:10:34,048 INFO Progress 7078/8281 status=ok steps=17 confidence=0.999870 elapsed=0.050s
2026-07-25 17:10:34,145 INFO Progress 7079/8281 status=ok steps=37 confidence=0.998930 elapsed=0.097s
2026-07-25 17:10:34,235 INFO Progress 7080/8281 status=ok steps=35 confidence=0.999959 elapsed=0.090s
2026-07-25 17:10:34,387 INFO Progress 7081/8281 status=ok steps=61 confidence=0.999996 elapsed=0.151s
2026-07-25 17:10:34,472 INFO Progress 7082/8281 status=ok steps=33 confidence=0.999983 elapsed=0.085s
2026-07-25 17:10:34,576 INFO Progress 7083/8281 status=ok steps=40 confidence=0.999910 elapsed=0.104s
2026-07-25 17:10:34,682 INFO Progress 7084/8281 status=ok steps=41 confidence=0.999904 elapsed=0.106s
2026-07-25 17:10:34,767 INFO Progress 7085/8281 status=ok steps=33 confidence=0.999993 elapsed=0.085s
2026-07-25 17:10:34,885 INFO Progress 7086/8281 status=ok steps=47 confidence=0.999982 elapsed=0.117s
2026-07-25 17:10:35,035 INFO Progress 7087/8281 status=ok steps=61 confidence=0.999996 elapsed=0.150s
2026-07-25 17:10:35,121 INFO Progress 7088/8281 status=ok steps=33 confidence=0.999983 elapsed=0.086s
2026-07-25 17:10:35,217 INFO Progress 7089/8281 status=ok steps=37 confidence=0.999824 elapsed=0.096s
2026-07-25 17:10:35,341 INFO Progress 7090/8281 status=ok steps=50 confidence=0.999959 elapsed=0.124s
2026-07-25 17:10:35,492 INFO Progress 7091/8281 status=ok steps=61 confidence=0.999996 elapsed=0.151s
2026-07-25 17:10:35,546 INFO Progress 7092/8281 status=ok steps=17 confidence=0.999926 elapsed=0.054s
2026-07-25 17:10:35,636 INFO Progress 7093/8281 status=ok steps=35 confidence=0.999608 elapsed=0.090s
2026-07-25 17:10:35,727 INFO Progress 7094/8281 status=ok steps=35 confidence=0.996843 elapsed=0.091s
2026-07-25 17:10:35,831 INFO Progress 7095/8281 status=ok steps=40 confidence=0.999910 elapsed=0.104s
2026-07-25 17:10:35,984 INFO Progress 7096/8281 status=ok steps=61 confidence=0.999935 elapsed=0.153s
2026-07-25 17:10:36,051 INFO Progress 7097/8281 status=ok steps=25 confidence=0.999925 elapsed=0.067s
2026-07-25 17:10:36,177 INFO Progress 7098/8281 status=ok steps=50 confidence=0.999989 elapsed=0.125s
2026-07-25 17:10:36,280 INFO Progress 7099/8281 status=ok steps=41 confidence=0.999843 elapsed=0.104s
2026-07-25 17:10:36,697 INFO Progress 7100/8281 status=ok steps=61 confidence=0.999935 elapsed=0.151s
2026-07-25 17:10:36,806 INFO Progress 7101/8281 status=ok steps=41 confidence=0.999904 elapsed=0.109s
2026-07-25 17:10:36,869 INFO Progress 7102/8281 status=ok steps=23 confidence=0.999787 elapsed=0.062s
2026-07-25 17:10:36,955 INFO Progress 7103/8281 status=ok steps=33 confidence=0.999993 elapsed=0.086s
2026-07-25 17:10:37,032 INFO Progress 7104/8281 status=ok steps=29 confidence=0.999830 elapsed=0.077s
2026-07-25 17:10:37,134 INFO Progress 7105/8281 status=ok steps=41 confidence=0.999889 elapsed=0.102s
2026-07-25 17:10:37,252 INFO Progress 7106/8281 status=ok steps=47 confidence=0.999982 elapsed=0.118s
2026-07-25 17:10:37,329 INFO Progress 7107/8281 status=ok steps=29 confidence=0.999830 elapsed=0.077s
2026-07-25 17:10:37,425 INFO Progress 7108/8281 status=ok steps=37 confidence=0.999730 elapsed=0.096s
2026-07-25 17:10:37,520 INFO Progress 7109/8281 status=ok steps=37 confidence=0.999989 elapsed=0.095s
2026-07-25 17:10:37,646 INFO Progress 7110/8281 status=ok steps=50 confidence=0.999959 elapsed=0.126s
2026-07-25 17:10:37,709 INFO Progress 7111/8281 status=ok steps=23 confidence=0.999787 elapsed=0.063s
2026-07-25 17:10:37,800 INFO Progress 7112/8281 status=ok steps=35 confidence=0.999025 elapsed=0.091s
2026-07-25 17:10:37,920 INFO Progress 7113/8281 status=ok steps=45 confidence=0.999538 elapsed=0.120s
2026-07-25 17:10:38,055 INFO Progress 7114/8281 status=ok steps=55 confidence=0.999997 elapsed=0.136s
2026-07-25 17:10:38,149 INFO Progress 7115/8281 status=ok steps=37 confidence=0.999730 elapsed=0.093s
2026-07-25 17:10:38,304 INFO Progress 7116/8281 status=ok steps=61 confidence=0.999996 elapsed=0.155s
2026-07-25 17:10:38,403 INFO Progress 7117/8281 status=ok steps=37 confidence=0.999989 elapsed=0.100s
2026-07-25 17:10:38,480 INFO Progress 7118/8281 status=ok steps=29 confidence=0.999956 elapsed=0.077s
2026-07-25 17:10:38,637 INFO Progress 7119/8281 status=ok steps=65 confidence=0.999994 elapsed=0.157s
2026-07-25 17:10:38,727 INFO Progress 7120/8281 status=ok steps=35 confidence=0.999608 elapsed=0.090s
2026-07-25 17:10:38,789 INFO Progress 7121/8281 status=ok steps=23 confidence=0.999772 elapsed=0.062s
2026-07-25 17:10:38,883 INFO Progress 7122/8281 status=ok steps=37 confidence=0.999528 elapsed=0.093s
2026-07-25 17:10:38,986 INFO Progress 7123/8281 status=ok steps=41 confidence=0.999948 elapsed=0.103s
2026-07-25 17:10:39,091 INFO Progress 7124/8281 status=ok steps=41 confidence=0.999984 elapsed=0.105s
2026-07-25 17:10:39,497 INFO Progress 7125/8281 status=ok steps=59 confidence=0.999975 elapsed=0.159s
2026-07-25 17:10:39,580 INFO Progress 7126/8281 status=ok steps=29 confidence=0.999887 elapsed=0.083s
2026-07-25 17:10:39,650 INFO Progress 7127/8281 status=ok steps=25 confidence=0.999925 elapsed=0.070s
2026-07-25 17:10:39,711 INFO Progress 7128/8281 status=ok steps=21 confidence=0.999970 elapsed=0.061s
2026-07-25 17:10:39,807 INFO Progress 7129/8281 status=ok steps=37 confidence=0.999824 elapsed=0.096s
2026-07-25 17:10:39,906 INFO Progress 7130/8281 status=ok steps=37 confidence=0.998930 elapsed=0.098s
2026-07-25 17:10:39,983 INFO Progress 7131/8281 status=ok steps=29 confidence=0.999962 elapsed=0.077s
2026-07-25 17:10:40,050 INFO Progress 7132/8281 status=ok steps=25 confidence=0.999887 elapsed=0.067s
2026-07-25 17:10:40,121 INFO Progress 7133/8281 status=ok steps=25 confidence=0.999893 elapsed=0.071s
2026-07-25 17:10:40,206 INFO Progress 7134/8281 status=ok steps=33 confidence=0.999819 elapsed=0.085s
2026-07-25 17:10:40,311 INFO Progress 7135/8281 status=ok steps=41 confidence=0.999968 elapsed=0.105s
2026-07-25 17:10:40,387 INFO Progress 7136/8281 status=ok steps=29 confidence=0.999960 elapsed=0.076s
2026-07-25 17:10:40,453 INFO Progress 7137/8281 status=ok steps=23 confidence=0.994981 elapsed=0.065s
2026-07-25 17:10:40,502 INFO Progress 7138/8281 status=ok steps=17 confidence=0.999843 elapsed=0.049s
2026-07-25 17:10:40,617 INFO Progress 7139/8281 status=ok steps=45 confidence=0.999797 elapsed=0.115s
2026-07-25 17:10:40,703 INFO Progress 7140/8281 status=ok steps=33 confidence=0.999264 elapsed=0.085s
2026-07-25 17:10:40,809 INFO Progress 7141/8281 status=ok steps=37 confidence=0.999975 elapsed=0.106s
2026-07-25 17:10:40,914 INFO Progress 7142/8281 status=ok steps=37 confidence=0.999976 elapsed=0.106s
2026-07-25 17:10:41,046 INFO Progress 7143/8281 status=ok steps=47 confidence=0.999992 elapsed=0.131s
2026-07-25 17:10:41,200 INFO Progress 7144/8281 status=ok steps=59 confidence=0.999948 elapsed=0.153s
2026-07-25 17:10:41,283 INFO Progress 7145/8281 status=ok steps=30 confidence=0.986179 elapsed=0.083s
2026-07-25 17:10:41,441 INFO Progress 7146/8281 status=ok steps=61 confidence=0.999986 elapsed=0.158s
2026-07-25 17:10:41,585 INFO Progress 7147/8281 status=ok steps=55 confidence=0.999991 elapsed=0.145s
2026-07-25 17:10:41,708 INFO Progress 7148/8281 status=ok steps=50 confidence=0.999907 elapsed=0.123s
2026-07-25 17:10:41,795 INFO Progress 7149/8281 status=ok steps=33 confidence=0.999994 elapsed=0.086s
2026-07-25 17:10:42,383 INFO Progress 7150/8281 status=ok steps=89 confidence=0.999939 elapsed=0.227s
2026-07-25 17:10:42,473 INFO Progress 7151/8281 status=ok steps=33 confidence=0.999862 elapsed=0.090s
2026-07-25 17:10:42,549 INFO Progress 7152/8281 status=ok steps=29 confidence=0.999982 elapsed=0.077s
2026-07-25 17:10:42,637 INFO Progress 7153/8281 status=ok steps=33 confidence=0.999168 elapsed=0.087s
2026-07-25 17:10:42,714 INFO Progress 7154/8281 status=ok steps=29 confidence=0.997538 elapsed=0.077s
2026-07-25 17:10:42,853 INFO Progress 7155/8281 status=ok steps=50 confidence=0.999997 elapsed=0.138s
2026-07-25 17:10:42,959 INFO Progress 7156/8281 status=ok steps=41 confidence=0.999820 elapsed=0.106s
2026-07-25 17:10:43,098 INFO Progress 7157/8281 status=ok steps=55 confidence=0.999996 elapsed=0.138s
2026-07-25 17:10:43,258 INFO Progress 7158/8281 status=ok steps=61 confidence=0.999190 elapsed=0.160s
2026-07-25 17:10:43,397 INFO Progress 7159/8281 status=ok steps=53 confidence=0.999941 elapsed=0.139s
2026-07-25 17:10:43,516 INFO Progress 7160/8281 status=ok steps=45 confidence=0.999995 elapsed=0.119s
2026-07-25 17:10:43,579 INFO Progress 7161/8281 status=ok steps=23 confidence=0.999738 elapsed=0.064s
2026-07-25 17:10:43,668 INFO Progress 7162/8281 status=ok steps=33 confidence=0.999168 elapsed=0.088s
2026-07-25 17:10:43,717 INFO Progress 7163/8281 status=ok steps=17 confidence=0.999917 elapsed=0.050s
2026-07-25 17:10:43,785 INFO Progress 7164/8281 status=ok steps=25 confidence=0.991930 elapsed=0.067s
2026-07-25 17:10:43,943 INFO Progress 7165/8281 status=ok steps=65 confidence=0.999993 elapsed=0.158s
2026-07-25 17:10:44,256 INFO Progress 7166/8281 status=ok steps=125 confidence=0.999995 elapsed=0.314s
2026-07-25 17:10:44,404 INFO Progress 7167/8281 status=ok steps=59 confidence=0.999731 elapsed=0.148s
2026-07-25 17:10:44,569 INFO Progress 7168/8281 status=ok steps=65 confidence=0.999910 elapsed=0.164s
2026-07-25 17:10:44,657 INFO Progress 7169/8281 status=ok steps=33 confidence=0.999951 elapsed=0.088s
2026-07-25 17:10:44,706 INFO Progress 7170/8281 status=ok steps=17 confidence=0.999842 elapsed=0.049s
2026-07-25 17:10:44,801 INFO Progress 7171/8281 status=ok steps=37 confidence=0.999985 elapsed=0.095s
2026-07-25 17:10:44,916 INFO Progress 7172/8281 status=ok steps=45 confidence=0.999995 elapsed=0.114s
2026-07-25 17:10:44,995 INFO Progress 7173/8281 status=ok steps=29 confidence=0.999782 elapsed=0.079s
2026-07-25 17:10:45,040 INFO Progress 7174/8281 status=ok steps=15 confidence=0.999932 elapsed=0.045s
2026-07-25 17:10:45,389 INFO Progress 7175/8281 status=ok steps=29 confidence=0.999983 elapsed=0.077s
2026-07-25 17:10:45,501 INFO Progress 7176/8281 status=ok steps=41 confidence=0.999357 elapsed=0.111s
2026-07-25 17:10:45,597 INFO Progress 7177/8281 status=ok steps=35 confidence=0.999949 elapsed=0.096s
2026-07-25 17:10:45,747 INFO Progress 7178/8281 status=ok steps=61 confidence=0.999988 elapsed=0.150s
2026-07-25 17:10:45,839 INFO Progress 7179/8281 status=ok steps=35 confidence=0.999814 elapsed=0.091s
2026-07-25 17:10:45,920 INFO Progress 7180/8281 status=ok steps=29 confidence=0.999710 elapsed=0.081s
2026-07-25 17:10:46,023 INFO Progress 7181/8281 status=ok steps=41 confidence=0.999982 elapsed=0.103s
2026-07-25 17:10:46,102 INFO Progress 7182/8281 status=ok steps=29 confidence=0.999986 elapsed=0.079s
2026-07-25 17:10:46,193 INFO Progress 7183/8281 status=ok steps=33 confidence=0.999951 elapsed=0.090s
2026-07-25 17:10:46,297 INFO Progress 7184/8281 status=ok steps=40 confidence=0.999898 elapsed=0.104s
2026-07-25 17:10:46,451 INFO Progress 7185/8281 status=ok steps=61 confidence=0.999745 elapsed=0.154s
2026-07-25 17:10:46,615 INFO Progress 7186/8281 status=ok steps=65 confidence=0.999930 elapsed=0.165s
2026-07-25 17:10:46,779 INFO Progress 7187/8281 status=ok steps=65 confidence=0.999988 elapsed=0.163s
2026-07-25 17:10:46,880 INFO Progress 7188/8281 status=ok steps=40 confidence=0.999981 elapsed=0.101s
2026-07-25 17:10:46,947 INFO Progress 7189/8281 status=ok steps=25 confidence=0.999902 elapsed=0.067s
2026-07-25 17:10:47,036 INFO Progress 7190/8281 status=ok steps=33 confidence=0.999872 elapsed=0.089s
2026-07-25 17:10:47,128 INFO Progress 7191/8281 status=ok steps=35 confidence=0.999949 elapsed=0.092s
2026-07-25 17:10:47,215 INFO Progress 7192/8281 status=ok steps=33 confidence=0.999979 elapsed=0.086s
2026-07-25 17:10:47,317 INFO Progress 7193/8281 status=ok steps=41 confidence=0.999991 elapsed=0.102s
2026-07-25 17:10:47,396 INFO Progress 7194/8281 status=ok steps=29 confidence=0.999916 elapsed=0.079s
2026-07-25 17:10:47,544 INFO Progress 7195/8281 status=ok steps=60 confidence=0.999956 elapsed=0.148s
2026-07-25 17:10:47,624 INFO Progress 7196/8281 status=ok steps=30 confidence=0.999993 elapsed=0.080s
2026-07-25 17:10:47,709 INFO Progress 7197/8281 status=ok steps=29 confidence=0.998972 elapsed=0.085s
2026-07-25 17:10:47,850 INFO Progress 7198/8281 status=ok steps=57 confidence=0.999980 elapsed=0.140s
2026-07-25 17:10:47,928 INFO Progress 7199/8281 status=ok steps=29 confidence=0.999983 elapsed=0.078s
2026-07-25 17:10:48,293 INFO Progress 7200/8281 status=ok steps=35 confidence=0.999636 elapsed=0.091s
2026-07-25 17:10:48,444 INFO Progress 7201/8281 status=ok steps=61 confidence=0.999949 elapsed=0.150s
2026-07-25 17:10:48,531 INFO Progress 7202/8281 status=ok steps=33 confidence=0.999951 elapsed=0.087s
2026-07-25 17:10:48,626 INFO Progress 7203/8281 status=ok steps=37 confidence=0.999975 elapsed=0.095s
2026-07-25 17:10:48,752 INFO Progress 7204/8281 status=ok steps=50 confidence=0.999997 elapsed=0.126s
2026-07-25 17:10:48,945 INFO Progress 7205/8281 status=ok steps=77 confidence=0.999274 elapsed=0.193s
2026-07-25 17:10:49,016 INFO Progress 7206/8281 status=ok steps=26 confidence=0.978975 elapsed=0.071s
2026-07-25 17:10:49,098 INFO Progress 7207/8281 status=ok steps=29 confidence=0.998972 elapsed=0.082s
2026-07-25 17:10:49,202 INFO Progress 7208/8281 status=ok steps=41 confidence=0.999916 elapsed=0.103s
2026-07-25 17:10:49,305 INFO Progress 7209/8281 status=ok steps=41 confidence=0.999808 elapsed=0.103s
2026-07-25 17:10:49,394 INFO Progress 7210/8281 status=ok steps=35 confidence=0.999881 elapsed=0.090s
2026-07-25 17:10:49,470 INFO Progress 7211/8281 status=ok steps=29 confidence=0.999909 elapsed=0.076s
2026-07-25 17:10:49,595 INFO Progress 7212/8281 status=ok steps=49 confidence=0.999983 elapsed=0.124s
2026-07-25 17:10:49,711 INFO Progress 7213/8281 status=ok steps=45 confidence=0.999939 elapsed=0.116s
2026-07-25 17:10:49,815 INFO Progress 7214/8281 status=ok steps=41 confidence=0.999871 elapsed=0.104s
2026-07-25 17:10:49,919 INFO Progress 7215/8281 status=ok steps=41 confidence=0.999871 elapsed=0.104s
2026-07-25 17:10:50,089 INFO Progress 7216/8281 status=ok steps=68 confidence=0.999879 elapsed=0.170s
2026-07-25 17:10:50,194 INFO Progress 7217/8281 status=ok steps=40 confidence=0.999917 elapsed=0.105s
2026-07-25 17:10:50,280 INFO Progress 7218/8281 status=ok steps=33 confidence=0.999995 elapsed=0.086s
2026-07-25 17:10:50,344 INFO Progress 7219/8281 status=ok steps=23 confidence=0.999890 elapsed=0.063s
2026-07-25 17:10:50,438 INFO Progress 7220/8281 status=ok steps=37 confidence=0.999976 elapsed=0.094s
2026-07-25 17:10:50,543 INFO Progress 7221/8281 status=ok steps=41 confidence=0.999874 elapsed=0.104s
2026-07-25 17:10:50,619 INFO Progress 7222/8281 status=ok steps=29 confidence=0.999916 elapsed=0.076s
2026-07-25 17:10:50,786 INFO Progress 7223/8281 status=ok steps=65 confidence=0.999988 elapsed=0.166s
2026-07-25 17:10:50,876 INFO Progress 7224/8281 status=ok steps=35 confidence=0.999928 elapsed=0.090s
2026-07-25 17:10:51,309 INFO Progress 7225/8281 status=ok steps=47 confidence=0.986263 elapsed=0.121s
2026-07-25 17:10:51,373 INFO Progress 7226/8281 status=ok steps=23 confidence=0.999822 elapsed=0.064s
2026-07-25 17:10:51,490 INFO Progress 7227/8281 status=ok steps=47 confidence=0.999949 elapsed=0.117s
2026-07-25 17:10:51,597 INFO Progress 7228/8281 status=ok steps=41 confidence=0.999633 elapsed=0.107s
2026-07-25 17:10:51,700 INFO Progress 7229/8281 status=ok steps=41 confidence=0.999902 elapsed=0.103s
2026-07-25 17:10:51,918 INFO Progress 7230/8281 status=ok steps=89 confidence=0.999966 elapsed=0.217s
2026-07-25 17:10:52,020 INFO Progress 7231/8281 status=ok steps=41 confidence=0.999900 elapsed=0.102s
2026-07-25 17:10:52,192 INFO Progress 7232/8281 status=ok steps=69 confidence=0.999901 elapsed=0.171s
2026-07-25 17:10:52,256 INFO Progress 7233/8281 status=ok steps=23 confidence=0.999677 elapsed=0.065s
2026-07-25 17:10:52,343 INFO Progress 7234/8281 status=ok steps=33 confidence=0.999994 elapsed=0.086s
2026-07-25 17:10:52,488 INFO Progress 7235/8281 status=ok steps=59 confidence=0.999947 elapsed=0.145s
2026-07-25 17:10:52,802 INFO Progress 7236/8281 status=ok steps=125 confidence=0.999995 elapsed=0.314s
2026-07-25 17:10:52,888 INFO Progress 7237/8281 status=ok steps=33 confidence=0.999982 elapsed=0.086s
2026-07-25 17:10:53,025 INFO Progress 7238/8281 status=ok steps=55 confidence=0.999959 elapsed=0.137s
2026-07-25 17:10:53,178 INFO Progress 7239/8281 status=ok steps=61 confidence=0.999941 elapsed=0.153s
2026-07-25 17:10:53,282 INFO Progress 7240/8281 status=ok steps=41 confidence=0.999870 elapsed=0.104s
2026-07-25 17:10:53,351 INFO Progress 7241/8281 status=ok steps=25 confidence=0.999991 elapsed=0.069s
2026-07-25 17:10:53,584 INFO Progress 7242/8281 status=ok steps=95 confidence=0.999988 elapsed=0.232s
2026-07-25 17:10:53,675 INFO Progress 7243/8281 status=ok steps=35 confidence=0.999963 elapsed=0.091s
2026-07-25 17:10:53,786 INFO Progress 7244/8281 status=ok steps=45 confidence=0.999984 elapsed=0.111s
2026-07-25 17:10:53,924 INFO Progress 7245/8281 status=ok steps=55 confidence=0.999996 elapsed=0.137s
2026-07-25 17:10:53,985 INFO Progress 7246/8281 status=ok steps=21 confidence=0.999440 elapsed=0.061s
2026-07-25 17:10:54,099 INFO Progress 7247/8281 status=ok steps=45 confidence=0.999836 elapsed=0.114s
2026-07-25 17:10:54,224 INFO Progress 7248/8281 status=ok steps=50 confidence=0.999997 elapsed=0.125s
2026-07-25 17:10:54,357 INFO Progress 7249/8281 status=ok steps=53 confidence=0.999499 elapsed=0.133s
2026-07-25 17:10:54,714 INFO Progress 7250/8281 status=ok steps=40 confidence=0.999971 elapsed=0.101s
2026-07-25 17:10:54,922 INFO Progress 7251/8281 status=ok steps=85 confidence=0.999996 elapsed=0.207s
2026-07-25 17:10:55,096 INFO Progress 7252/8281 status=ok steps=69 confidence=0.999942 elapsed=0.174s
2026-07-25 17:10:55,231 INFO Progress 7253/8281 status=ok steps=55 confidence=0.999969 elapsed=0.135s
2026-07-25 17:10:55,333 INFO Progress 7254/8281 status=ok steps=40 confidence=0.999997 elapsed=0.102s
2026-07-25 17:10:55,423 INFO Progress 7255/8281 status=ok steps=33 confidence=0.999994 elapsed=0.090s
2026-07-25 17:10:55,483 INFO Progress 7256/8281 status=ok steps=21 confidence=0.999981 elapsed=0.060s
2026-07-25 17:10:55,654 INFO Progress 7257/8281 status=ok steps=69 confidence=0.999901 elapsed=0.171s
2026-07-25 17:10:55,733 INFO Progress 7258/8281 status=ok steps=30 confidence=0.999969 elapsed=0.078s
2026-07-25 17:10:55,827 INFO Progress 7259/8281 status=ok steps=37 confidence=0.993729 elapsed=0.094s
2026-07-25 17:10:55,932 INFO Progress 7260/8281 status=ok steps=40 confidence=0.999917 elapsed=0.106s
2026-07-25 17:10:56,024 INFO Progress 7261/8281 status=ok steps=35 confidence=0.999892 elapsed=0.092s
2026-07-25 17:10:56,170 INFO Progress 7262/8281 status=ok steps=55 confidence=0.999959 elapsed=0.145s
2026-07-25 17:10:56,295 INFO Progress 7263/8281 status=ok steps=47 confidence=0.999976 elapsed=0.125s
2026-07-25 17:10:56,423 INFO Progress 7264/8281 status=ok steps=50 confidence=0.999889 elapsed=0.128s
2026-07-25 17:10:56,542 INFO Progress 7265/8281 status=ok steps=47 confidence=0.999992 elapsed=0.118s
2026-07-25 17:10:56,732 INFO Progress 7266/8281 status=ok steps=77 confidence=0.999959 elapsed=0.190s
2026-07-25 17:10:56,796 INFO Progress 7267/8281 status=ok steps=23 confidence=0.999951 elapsed=0.064s
2026-07-25 17:10:56,970 INFO Progress 7268/8281 status=ok steps=69 confidence=0.999975 elapsed=0.174s
2026-07-25 17:10:57,105 INFO Progress 7269/8281 status=ok steps=53 confidence=0.999911 elapsed=0.135s
2026-07-25 17:10:57,209 INFO Progress 7270/8281 status=ok steps=41 confidence=0.999876 elapsed=0.103s
2026-07-25 17:10:57,288 INFO Progress 7271/8281 status=ok steps=30 confidence=0.999918 elapsed=0.080s
2026-07-25 17:10:57,391 INFO Progress 7272/8281 status=ok steps=40 confidence=0.999995 elapsed=0.103s
2026-07-25 17:10:57,497 INFO Progress 7273/8281 status=ok steps=41 confidence=0.999953 elapsed=0.105s
2026-07-25 17:10:57,700 INFO Progress 7274/8281 status=ok steps=83 confidence=0.999935 elapsed=0.203s
2026-07-25 17:10:58,083 INFO Progress 7275/8281 status=ok steps=45 confidence=0.999978 elapsed=0.115s
2026-07-25 17:10:58,251 INFO Progress 7276/8281 status=ok steps=65 confidence=0.999910 elapsed=0.168s
2026-07-25 17:10:58,337 INFO Progress 7277/8281 status=ok steps=33 confidence=0.999878 elapsed=0.085s
2026-07-25 17:10:58,477 INFO Progress 7278/8281 status=ok steps=55 confidence=0.999990 elapsed=0.140s
2026-07-25 17:10:58,582 INFO Progress 7279/8281 status=ok steps=41 confidence=0.999968 elapsed=0.106s
2026-07-25 17:10:58,645 INFO Progress 7280/8281 status=ok steps=23 confidence=0.999769 elapsed=0.063s
2026-07-25 17:10:58,701 INFO Progress 7281/8281 status=ok steps=20 confidence=0.998876 elapsed=0.056s
2026-07-25 17:10:58,814 INFO Progress 7282/8281 status=ok steps=45 confidence=0.999988 elapsed=0.113s
2026-07-25 17:10:58,912 INFO Progress 7283/8281 status=ok steps=37 confidence=0.993729 elapsed=0.098s
2026-07-25 17:10:59,019 INFO Progress 7284/8281 status=ok steps=41 confidence=0.999938 elapsed=0.107s
2026-07-25 17:10:59,167 INFO Progress 7285/8281 status=ok steps=57 confidence=0.999979 elapsed=0.147s
2026-07-25 17:10:59,271 INFO Progress 7286/8281 status=ok steps=41 confidence=0.999900 elapsed=0.104s
2026-07-25 17:10:59,351 INFO Progress 7287/8281 status=ok steps=30 confidence=0.999969 elapsed=0.079s
2026-07-25 17:10:59,450 INFO Progress 7288/8281 status=ok steps=37 confidence=0.999909 elapsed=0.099s
2026-07-25 17:10:59,559 INFO Progress 7289/8281 status=ok steps=41 confidence=0.999876 elapsed=0.109s
2026-07-25 17:10:59,683 INFO Progress 7290/8281 status=ok steps=49 confidence=0.999983 elapsed=0.123s
2026-07-25 17:10:59,917 INFO Progress 7291/8281 status=ok steps=95 confidence=0.999978 elapsed=0.234s
2026-07-25 17:11:00,011 INFO Progress 7292/8281 status=ok steps=37 confidence=0.999760 elapsed=0.094s
2026-07-25 17:11:00,099 INFO Progress 7293/8281 status=ok steps=33 confidence=0.999994 elapsed=0.087s
2026-07-25 17:11:00,149 INFO Progress 7294/8281 status=ok steps=17 confidence=0.999722 elapsed=0.050s
2026-07-25 17:11:00,194 INFO Progress 7295/8281 status=ok steps=15 confidence=0.999932 elapsed=0.045s
2026-07-25 17:11:00,243 INFO Progress 7296/8281 status=ok steps=17 confidence=0.999917 elapsed=0.049s
2026-07-25 17:11:00,349 INFO Progress 7297/8281 status=ok steps=41 confidence=0.999870 elapsed=0.105s
2026-07-25 17:11:00,444 INFO Progress 7298/8281 status=ok steps=37 confidence=0.999915 elapsed=0.095s
2026-07-25 17:11:00,548 INFO Progress 7299/8281 status=ok steps=41 confidence=0.999938 elapsed=0.104s
2026-07-25 17:11:00,905 INFO Progress 7300/8281 status=ok steps=26 confidence=0.999832 elapsed=0.070s
2026-07-25 17:11:01,010 INFO Progress 7301/8281 status=ok steps=41 confidence=0.999941 elapsed=0.105s
2026-07-25 17:11:01,070 INFO Progress 7302/8281 status=ok steps=21 confidence=0.999700 elapsed=0.060s
2026-07-25 17:11:01,183 INFO Progress 7303/8281 status=ok steps=45 confidence=0.999992 elapsed=0.113s
2026-07-25 17:11:01,336 INFO Progress 7304/8281 status=ok steps=61 confidence=0.999745 elapsed=0.153s
2026-07-25 17:11:01,415 INFO Progress 7305/8281 status=ok steps=29 confidence=0.998001 elapsed=0.078s
2026-07-25 17:11:01,528 INFO Progress 7306/8281 status=ok steps=45 confidence=0.999848 elapsed=0.114s
2026-07-25 17:11:01,609 INFO Progress 7307/8281 status=ok steps=30 confidence=0.999978 elapsed=0.080s
2026-07-25 17:11:01,673 INFO Progress 7308/8281 status=ok steps=23 confidence=0.999819 elapsed=0.064s
2026-07-25 17:11:01,807 INFO Progress 7309/8281 status=ok steps=53 confidence=0.999499 elapsed=0.134s
2026-07-25 17:11:01,885 INFO Progress 7310/8281 status=ok steps=29 confidence=0.999832 elapsed=0.078s
2026-07-25 17:11:01,961 INFO Progress 7311/8281 status=ok steps=29 confidence=0.999857 elapsed=0.077s
2026-07-25 17:11:02,049 INFO Progress 7312/8281 status=ok steps=33 confidence=0.999168 elapsed=0.087s
2026-07-25 17:11:02,195 INFO Progress 7313/8281 status=ok steps=59 confidence=0.999890 elapsed=0.146s
2026-07-25 17:11:02,300 INFO Progress 7314/8281 status=ok steps=41 confidence=0.999853 elapsed=0.106s
2026-07-25 17:11:02,404 INFO Progress 7315/8281 status=ok steps=41 confidence=0.999871 elapsed=0.104s
2026-07-25 17:11:02,481 INFO Progress 7316/8281 status=ok steps=29 confidence=0.999996 elapsed=0.077s
2026-07-25 17:11:02,603 INFO Progress 7317/8281 status=ok steps=47 confidence=0.986263 elapsed=0.122s
2026-07-25 17:11:02,706 INFO Progress 7318/8281 status=ok steps=41 confidence=0.999900 elapsed=0.103s
2026-07-25 17:11:02,830 INFO Progress 7319/8281 status=ok steps=50 confidence=0.999981 elapsed=0.123s
2026-07-25 17:11:02,918 INFO Progress 7320/8281 status=ok steps=33 confidence=0.999995 elapsed=0.088s
2026-07-25 17:11:03,022 INFO Progress 7321/8281 status=ok steps=41 confidence=0.999708 elapsed=0.104s
2026-07-25 17:11:03,108 INFO Progress 7322/8281 status=ok steps=33 confidence=0.999979 elapsed=0.086s
2026-07-25 17:11:03,240 INFO Progress 7323/8281 status=ok steps=53 confidence=0.999732 elapsed=0.132s
2026-07-25 17:11:03,333 INFO Progress 7324/8281 status=ok steps=35 confidence=0.999957 elapsed=0.093s
2026-07-25 17:11:03,810 INFO Progress 7325/8281 status=ok steps=17 confidence=0.996870 elapsed=0.050s
2026-07-25 17:11:03,906 INFO Progress 7326/8281 status=ok steps=35 confidence=0.999944 elapsed=0.096s
2026-07-25 17:11:03,988 INFO Progress 7327/8281 status=ok steps=29 confidence=0.999713 elapsed=0.082s
2026-07-25 17:11:04,083 INFO Progress 7328/8281 status=ok steps=37 confidence=0.999915 elapsed=0.095s
2026-07-25 17:11:04,204 INFO Progress 7329/8281 status=ok steps=47 confidence=0.999921 elapsed=0.121s
2026-07-25 17:11:04,322 INFO Progress 7330/8281 status=ok steps=47 confidence=0.999954 elapsed=0.119s
2026-07-25 17:11:04,494 INFO Progress 7331/8281 status=ok steps=69 confidence=0.999901 elapsed=0.172s
2026-07-25 17:11:04,587 INFO Progress 7332/8281 status=ok steps=35 confidence=0.999938 elapsed=0.093s
2026-07-25 17:11:04,680 INFO Progress 7333/8281 status=ok steps=35 confidence=0.999928 elapsed=0.093s
2026-07-25 17:11:04,760 INFO Progress 7334/8281 status=ok steps=29 confidence=0.999853 elapsed=0.080s
2026-07-25 17:11:04,844 INFO Progress 7335/8281 status=ok steps=32 confidence=0.999658 elapsed=0.084s
2026-07-25 17:11:04,952 INFO Progress 7336/8281 status=ok steps=41 confidence=0.999833 elapsed=0.107s
2026-07-25 17:11:05,012 INFO Progress 7337/8281 status=ok steps=21 confidence=0.999963 elapsed=0.060s
2026-07-25 17:11:05,154 INFO Progress 7338/8281 status=ok steps=53 confidence=0.999990 elapsed=0.142s
2026-07-25 17:11:05,239 INFO Progress 7339/8281 status=ok steps=33 confidence=0.999981 elapsed=0.085s
2026-07-25 17:11:05,347 INFO Progress 7340/8281 status=ok steps=41 confidence=0.999633 elapsed=0.108s
2026-07-25 17:11:05,480 INFO Progress 7341/8281 status=ok steps=53 confidence=0.999941 elapsed=0.133s
2026-07-25 17:11:05,645 INFO Progress 7342/8281 status=ok steps=65 confidence=0.999982 elapsed=0.164s
2026-07-25 17:11:05,789 INFO Progress 7343/8281 status=ok steps=57 confidence=0.999883 elapsed=0.144s
2026-07-25 17:11:05,977 INFO Progress 7344/8281 status=ok steps=77 confidence=0.999990 elapsed=0.189s
2026-07-25 17:11:06,125 INFO Progress 7345/8281 status=ok steps=60 confidence=0.999956 elapsed=0.147s
2026-07-25 17:11:06,233 INFO Progress 7346/8281 status=ok steps=40 confidence=0.999882 elapsed=0.108s
2026-07-25 17:11:06,311 INFO Progress 7347/8281 status=ok steps=29 confidence=0.999835 elapsed=0.078s
2026-07-25 17:11:06,447 INFO Progress 7348/8281 status=ok steps=53 confidence=0.999990 elapsed=0.136s
2026-07-25 17:11:06,533 INFO Progress 7349/8281 status=ok steps=33 confidence=0.999992 elapsed=0.086s
2026-07-25 17:11:06,911 INFO Progress 7350/8281 status=ok steps=37 confidence=0.999987 elapsed=0.095s
2026-07-25 17:11:07,032 INFO Progress 7351/8281 status=ok steps=45 confidence=0.999848 elapsed=0.121s
2026-07-25 17:11:07,112 INFO Progress 7352/8281 status=ok steps=30 confidence=0.999918 elapsed=0.080s
2026-07-25 17:11:07,176 INFO Progress 7353/8281 status=ok steps=23 confidence=0.999738 elapsed=0.064s
2026-07-25 17:11:07,269 INFO Progress 7354/8281 status=ok steps=35 confidence=0.999792 elapsed=0.093s
2026-07-25 17:11:07,360 INFO Progress 7355/8281 status=ok steps=35 confidence=0.999984 elapsed=0.091s
2026-07-25 17:11:07,428 INFO Progress 7356/8281 status=ok steps=25 confidence=0.999873 elapsed=0.068s
2026-07-25 17:11:07,574 INFO Progress 7357/8281 status=ok steps=59 confidence=0.999810 elapsed=0.146s
2026-07-25 17:11:07,680 INFO Progress 7358/8281 status=ok steps=41 confidence=0.999876 elapsed=0.105s
2026-07-25 17:11:07,793 INFO Progress 7359/8281 status=ok steps=45 confidence=0.999836 elapsed=0.113s
2026-07-25 17:11:07,849 INFO Progress 7360/8281 status=ok steps=20 confidence=0.997141 elapsed=0.056s
2026-07-25 17:11:07,981 INFO Progress 7361/8281 status=ok steps=53 confidence=0.999777 elapsed=0.132s
2026-07-25 17:11:08,102 INFO Progress 7362/8281 status=ok steps=47 confidence=0.999921 elapsed=0.120s
2026-07-25 17:11:08,236 INFO Progress 7363/8281 status=ok steps=53 confidence=0.999875 elapsed=0.134s
2026-07-25 17:11:08,289 INFO Progress 7364/8281 status=ok steps=17 confidence=0.999931 elapsed=0.053s
2026-07-25 17:11:08,427 INFO Progress 7365/8281 status=ok steps=55 confidence=0.999994 elapsed=0.138s
2026-07-25 17:11:08,492 INFO Progress 7366/8281 status=ok steps=23 confidence=0.999634 elapsed=0.065s
2026-07-25 17:11:08,573 INFO Progress 7367/8281 status=ok steps=29 confidence=0.999872 elapsed=0.080s
2026-07-25 17:11:08,637 INFO Progress 7368/8281 status=ok steps=23 confidence=0.999769 elapsed=0.064s
2026-07-25 17:11:08,729 INFO Progress 7369/8281 status=ok steps=35 confidence=0.999892 elapsed=0.092s
2026-07-25 17:11:08,809 INFO Progress 7370/8281 status=ok steps=29 confidence=0.999872 elapsed=0.080s
2026-07-25 17:11:09,045 INFO Progress 7371/8281 status=ok steps=96 confidence=0.999993 elapsed=0.235s
2026-07-25 17:11:09,189 INFO Progress 7372/8281 status=ok steps=59 confidence=0.999978 elapsed=0.144s
2026-07-25 17:11:09,281 INFO Progress 7373/8281 status=ok steps=35 confidence=0.999957 elapsed=0.092s
2026-07-25 17:11:09,337 INFO Progress 7374/8281 status=ok steps=20 confidence=0.985317 elapsed=0.056s
2026-07-25 17:11:09,714 INFO Progress 7375/8281 status=ok steps=29 confidence=0.999819 elapsed=0.076s
2026-07-25 17:11:09,823 INFO Progress 7376/8281 status=ok steps=41 confidence=0.999968 elapsed=0.109s
2026-07-25 17:11:09,945 INFO Progress 7377/8281 status=ok steps=47 confidence=0.999954 elapsed=0.122s
2026-07-25 17:11:10,023 INFO Progress 7378/8281 status=ok steps=29 confidence=0.999840 elapsed=0.078s
2026-07-25 17:11:10,129 INFO Progress 7379/8281 status=ok steps=41 confidence=0.999918 elapsed=0.105s
2026-07-25 17:11:10,242 INFO Progress 7380/8281 status=ok steps=45 confidence=0.999992 elapsed=0.113s
2026-07-25 17:11:10,347 INFO Progress 7381/8281 status=ok steps=41 confidence=0.999876 elapsed=0.104s
2026-07-25 17:11:10,450 INFO Progress 7382/8281 status=ok steps=41 confidence=0.999994 elapsed=0.104s
2026-07-25 17:11:10,583 INFO Progress 7383/8281 status=ok steps=53 confidence=0.999941 elapsed=0.132s
2026-07-25 17:11:10,751 INFO Progress 7384/8281 status=ok steps=69 confidence=0.999975 elapsed=0.168s
2026-07-25 17:11:10,858 INFO Progress 7385/8281 status=ok steps=41 confidence=0.999953 elapsed=0.106s
2026-07-25 17:11:10,939 INFO Progress 7386/8281 status=ok steps=29 confidence=0.999713 elapsed=0.081s
2026-07-25 17:11:11,055 INFO Progress 7387/8281 status=ok steps=45 confidence=0.999978 elapsed=0.116s
2026-07-25 17:11:11,162 INFO Progress 7388/8281 status=ok steps=41 confidence=0.999967 elapsed=0.107s
2026-07-25 17:11:11,213 INFO Progress 7389/8281 status=ok steps=17 confidence=0.999920 elapsed=0.050s
2026-07-25 17:11:11,290 INFO Progress 7390/8281 status=ok steps=29 confidence=0.999960 elapsed=0.077s
2026-07-25 17:11:11,377 INFO Progress 7391/8281 status=ok steps=33 confidence=0.999878 elapsed=0.087s
2026-07-25 17:11:11,563 INFO Progress 7392/8281 status=ok steps=77 confidence=0.999958 elapsed=0.186s
2026-07-25 17:11:11,658 INFO Progress 7393/8281 status=ok steps=35 confidence=0.999977 elapsed=0.094s
2026-07-25 17:11:11,745 INFO Progress 7394/8281 status=ok steps=33 confidence=0.999952 elapsed=0.087s
2026-07-25 17:11:11,909 INFO Progress 7395/8281 status=ok steps=65 confidence=0.999988 elapsed=0.164s
2026-07-25 17:11:12,028 INFO Progress 7396/8281 status=ok steps=47 confidence=0.999992 elapsed=0.119s
2026-07-25 17:11:12,106 INFO Progress 7397/8281 status=ok steps=29 confidence=0.999857 elapsed=0.079s
2026-07-25 17:11:12,269 INFO Progress 7398/8281 status=ok steps=65 confidence=0.999952 elapsed=0.162s
2026-07-25 17:11:12,320 INFO Progress 7399/8281 status=ok steps=17 confidence=0.999778 elapsed=0.051s
2026-07-25 17:11:12,771 INFO Progress 7400/8281 status=ok steps=53 confidence=0.999990 elapsed=0.136s
2026-07-25 17:11:12,854 INFO Progress 7401/8281 status=ok steps=26 confidence=0.999832 elapsed=0.083s
2026-07-25 17:11:12,957 INFO Progress 7402/8281 status=ok steps=40 confidence=0.999990 elapsed=0.103s
2026-07-25 17:11:13,037 INFO Progress 7403/8281 status=ok steps=29 confidence=0.999876 elapsed=0.079s
2026-07-25 17:11:13,153 INFO Progress 7404/8281 status=ok steps=45 confidence=0.999888 elapsed=0.116s
2026-07-25 17:11:13,259 INFO Progress 7405/8281 status=ok steps=41 confidence=0.999967 elapsed=0.106s
2026-07-25 17:11:13,339 INFO Progress 7406/8281 status=ok steps=30 confidence=0.986179 elapsed=0.080s
2026-07-25 17:11:13,431 INFO Progress 7407/8281 status=ok steps=35 confidence=0.999963 elapsed=0.092s
2026-07-25 17:11:13,536 INFO Progress 7408/8281 status=ok steps=41 confidence=0.999871 elapsed=0.105s
2026-07-25 17:11:13,627 INFO Progress 7409/8281 status=ok steps=35 confidence=0.999962 elapsed=0.092s
2026-07-25 17:11:13,710 INFO Progress 7410/8281 status=ok steps=31 confidence=0.933505 elapsed=0.083s
2026-07-25 17:11:13,848 INFO Progress 7411/8281 status=ok steps=55 confidence=0.999972 elapsed=0.137s
2026-07-25 17:11:13,942 INFO Progress 7412/8281 status=ok steps=37 confidence=0.999809 elapsed=0.094s
2026-07-25 17:11:14,047 INFO Progress 7413/8281 status=ok steps=41 confidence=0.999992 elapsed=0.104s
2026-07-25 17:11:14,196 INFO Progress 7414/8281 status=ok steps=61 confidence=0.999988 elapsed=0.150s
2026-07-25 17:11:14,275 INFO Progress 7415/8281 status=ok steps=29 confidence=0.999782 elapsed=0.079s
2026-07-25 17:11:14,367 INFO Progress 7416/8281 status=ok steps=35 confidence=0.999940 elapsed=0.091s
2026-07-25 17:11:14,456 INFO Progress 7417/8281 status=ok steps=33 confidence=0.999862 elapsed=0.089s
2026-07-25 17:11:14,589 INFO Progress 7418/8281 status=ok steps=53 confidence=0.999929 elapsed=0.133s
2026-07-25 17:11:14,734 INFO Progress 7419/8281 status=ok steps=59 confidence=0.999978 elapsed=0.144s
2026-07-25 17:11:14,819 INFO Progress 7420/8281 status=ok steps=33 confidence=0.999878 elapsed=0.085s
2026-07-25 17:11:14,890 INFO Progress 7421/8281 status=ok steps=26 confidence=0.999880 elapsed=0.071s
2026-07-25 17:11:14,937 INFO Progress 7422/8281 status=ok steps=15 confidence=0.999932 elapsed=0.046s
2026-07-25 17:11:15,070 INFO Progress 7423/8281 status=ok steps=53 confidence=0.999988 elapsed=0.134s
2026-07-25 17:11:15,156 INFO Progress 7424/8281 status=ok steps=33 confidence=0.999878 elapsed=0.085s
2026-07-25 17:11:15,512 INFO Progress 7425/8281 status=ok steps=30 confidence=0.999585 elapsed=0.080s
2026-07-25 17:11:15,614 INFO Progress 7426/8281 status=ok steps=37 confidence=0.999682 elapsed=0.102s
2026-07-25 17:11:15,739 INFO Progress 7427/8281 status=ok steps=49 confidence=0.999993 elapsed=0.124s
2026-07-25 17:11:15,889 INFO Progress 7428/8281 status=ok steps=61 confidence=0.999988 elapsed=0.150s
2026-07-25 17:11:15,980 INFO Progress 7429/8281 status=ok steps=35 confidence=0.999861 elapsed=0.091s
2026-07-25 17:11:16,060 INFO Progress 7430/8281 status=ok steps=30 confidence=0.999969 elapsed=0.080s
2026-07-25 17:11:16,175 INFO Progress 7431/8281 status=ok steps=45 confidence=0.999993 elapsed=0.115s
2026-07-25 17:11:16,321 INFO Progress 7432/8281 status=ok steps=57 confidence=0.999747 elapsed=0.146s
2026-07-25 17:11:16,399 INFO Progress 7433/8281 status=ok steps=29 confidence=0.999916 elapsed=0.078s
2026-07-25 17:11:16,441 INFO Progress 7434/8281 status=ok steps=13 confidence=0.999432 elapsed=0.042s
2026-07-25 17:11:16,630 INFO Progress 7435/8281 status=ok steps=77 confidence=0.999990 elapsed=0.189s
2026-07-25 17:11:16,692 INFO Progress 7436/8281 status=ok steps=21 confidence=0.999440 elapsed=0.061s
2026-07-25 17:11:16,823 INFO Progress 7437/8281 status=ok steps=53 confidence=0.999732 elapsed=0.132s
2026-07-25 17:11:17,024 INFO Progress 7438/8281 status=ok steps=80 confidence=0.999993 elapsed=0.200s
2026-07-25 17:11:17,088 INFO Progress 7439/8281 status=ok steps=23 confidence=0.999789 elapsed=0.064s
2026-07-25 17:11:17,172 INFO Progress 7440/8281 status=ok steps=33 confidence=0.999878 elapsed=0.084s
2026-07-25 17:11:17,306 INFO Progress 7441/8281 status=ok steps=53 confidence=0.999875 elapsed=0.133s
2026-07-25 17:11:17,442 INFO Progress 7442/8281 status=ok steps=55 confidence=0.999994 elapsed=0.136s
2026-07-25 17:11:17,532 INFO Progress 7443/8281 status=ok steps=35 confidence=0.999881 elapsed=0.090s
2026-07-25 17:11:17,629 INFO Progress 7444/8281 status=ok steps=37 confidence=0.999985 elapsed=0.096s
2026-07-25 17:11:17,725 INFO Progress 7445/8281 status=ok steps=37 confidence=0.999994 elapsed=0.096s
2026-07-25 17:11:17,795 INFO Progress 7446/8281 status=ok steps=25 confidence=0.999987 elapsed=0.070s
2026-07-25 17:11:17,851 INFO Progress 7447/8281 status=ok steps=20 confidence=0.999680 elapsed=0.056s
2026-07-25 17:11:17,996 INFO Progress 7448/8281 status=ok steps=59 confidence=0.999984 elapsed=0.145s
2026-07-25 17:11:18,229 INFO Progress 7449/8281 status=ok steps=95 confidence=0.999955 elapsed=0.232s
2026-07-25 17:11:18,543 INFO Progress 7450/8281 status=ok steps=17 confidence=0.999903 elapsed=0.052s
2026-07-25 17:11:18,642 INFO Progress 7451/8281 status=ok steps=37 confidence=0.993729 elapsed=0.098s
2026-07-25 17:11:18,763 INFO Progress 7452/8281 status=ok steps=47 confidence=0.999917 elapsed=0.121s
2026-07-25 17:11:18,961 INFO Progress 7453/8281 status=ok steps=80 confidence=0.999993 elapsed=0.198s
2026-07-25 17:11:19,039 INFO Progress 7454/8281 status=ok steps=29 confidence=0.999996 elapsed=0.078s
2026-07-25 17:11:19,118 INFO Progress 7455/8281 status=ok steps=30 confidence=0.999978 elapsed=0.079s
2026-07-25 17:11:19,223 INFO Progress 7456/8281 status=ok steps=40 confidence=0.999875 elapsed=0.105s
2026-07-25 17:11:19,301 INFO Progress 7457/8281 status=ok steps=29 confidence=0.999906 elapsed=0.078s
2026-07-25 17:11:19,436 INFO Progress 7458/8281 status=ok steps=53 confidence=0.999758 elapsed=0.134s
2026-07-25 17:11:19,531 INFO Progress 7459/8281 status=ok steps=33 confidence=0.999264 elapsed=0.095s
2026-07-25 17:11:19,627 INFO Progress 7460/8281 status=ok steps=35 confidence=0.999940 elapsed=0.096s
2026-07-25 17:11:19,758 INFO Progress 7461/8281 status=ok steps=53 confidence=0.999819 elapsed=0.130s
2026-07-25 17:11:19,871 INFO Progress 7462/8281 status=ok steps=45 confidence=0.999797 elapsed=0.113s
2026-07-25 17:11:19,956 INFO Progress 7463/8281 status=ok steps=33 confidence=0.999981 elapsed=0.086s
2026-07-25 17:11:20,006 INFO Progress 7464/8281 status=ok steps=17 confidence=0.996870 elapsed=0.050s
2026-07-25 17:11:20,089 INFO Progress 7465/8281 status=ok steps=31 confidence=0.933505 elapsed=0.082s
2026-07-25 17:11:20,207 INFO Progress 7466/8281 status=ok steps=47 confidence=0.999937 elapsed=0.118s
2026-07-25 17:11:20,470 INFO Progress 7467/8281 status=ok steps=107 confidence=0.999960 elapsed=0.263s
2026-07-25 17:11:20,552 INFO Progress 7468/8281 status=ok steps=30 confidence=0.999962 elapsed=0.081s
2026-07-25 17:11:20,643 INFO Progress 7469/8281 status=ok steps=35 confidence=0.999912 elapsed=0.091s
2026-07-25 17:11:20,721 INFO Progress 7470/8281 status=ok steps=29 confidence=0.999876 elapsed=0.078s
2026-07-25 17:11:20,825 INFO Progress 7471/8281 status=ok steps=41 confidence=0.999357 elapsed=0.104s
2026-07-25 17:11:20,910 INFO Progress 7472/8281 status=ok steps=33 confidence=0.999991 elapsed=0.085s
2026-07-25 17:11:20,983 INFO Progress 7473/8281 status=ok steps=25 confidence=0.999917 elapsed=0.072s
2026-07-25 17:11:21,074 INFO Progress 7474/8281 status=ok steps=35 confidence=0.999797 elapsed=0.091s
2026-07-25 17:11:21,537 INFO Progress 7475/8281 status=ok steps=41 confidence=0.999982 elapsed=0.103s
2026-07-25 17:11:21,617 INFO Progress 7476/8281 status=ok steps=29 confidence=0.999833 elapsed=0.080s
2026-07-25 17:11:21,686 INFO Progress 7477/8281 status=ok steps=25 confidence=0.999877 elapsed=0.069s
2026-07-25 17:11:21,791 INFO Progress 7478/8281 status=ok steps=41 confidence=0.999473 elapsed=0.104s
2026-07-25 17:11:21,888 INFO Progress 7479/8281 status=ok steps=37 confidence=0.999582 elapsed=0.097s
2026-07-25 17:11:21,967 INFO Progress 7480/8281 status=ok steps=30 confidence=0.999952 elapsed=0.079s
2026-07-25 17:11:22,046 INFO Progress 7481/8281 status=ok steps=30 confidence=0.999969 elapsed=0.079s
2026-07-25 17:11:22,178 INFO Progress 7482/8281 status=ok steps=53 confidence=0.999732 elapsed=0.132s
2026-07-25 17:11:22,265 INFO Progress 7483/8281 status=ok steps=33 confidence=0.999951 elapsed=0.087s
2026-07-25 17:11:22,416 INFO Progress 7484/8281 status=ok steps=61 confidence=0.999966 elapsed=0.151s
2026-07-25 17:11:22,555 INFO Progress 7485/8281 status=ok steps=55 confidence=0.999959 elapsed=0.138s
2026-07-25 17:11:22,671 INFO Progress 7486/8281 status=ok steps=45 confidence=0.999978 elapsed=0.116s
2026-07-25 17:11:22,784 INFO Progress 7487/8281 status=ok steps=45 confidence=0.999950 elapsed=0.113s
2026-07-25 17:11:22,865 INFO Progress 7488/8281 status=ok steps=29 confidence=0.999872 elapsed=0.081s
2026-07-25 17:11:22,968 INFO Progress 7489/8281 status=ok steps=41 confidence=0.999820 elapsed=0.103s
2026-07-25 17:11:23,071 INFO Progress 7490/8281 status=ok steps=41 confidence=0.999915 elapsed=0.102s
2026-07-25 17:11:23,234 INFO Progress 7491/8281 status=ok steps=65 confidence=0.999982 elapsed=0.163s
2026-07-25 17:11:23,336 INFO Progress 7492/8281 status=ok steps=40 confidence=0.999965 elapsed=0.102s
2026-07-25 17:11:23,420 INFO Progress 7493/8281 status=ok steps=32 confidence=0.999893 elapsed=0.084s
2026-07-25 17:11:23,544 INFO Progress 7494/8281 status=ok steps=49 confidence=0.999993 elapsed=0.123s
2026-07-25 17:11:23,601 INFO Progress 7495/8281 status=ok steps=20 confidence=0.999156 elapsed=0.057s
2026-07-25 17:11:23,762 INFO Progress 7496/8281 status=ok steps=65 confidence=0.999937 elapsed=0.161s
2026-07-25 17:11:23,850 INFO Progress 7497/8281 status=ok steps=33 confidence=0.999994 elapsed=0.087s
2026-07-25 17:11:23,946 INFO Progress 7498/8281 status=ok steps=37 confidence=0.999988 elapsed=0.096s
2026-07-25 17:11:24,052 INFO Progress 7499/8281 status=ok steps=40 confidence=0.999990 elapsed=0.105s
2026-07-25 17:11:24,528 INFO Progress 7500/8281 status=ok steps=41 confidence=0.999943 elapsed=0.105s
2026-07-25 17:11:24,653 INFO Progress 7501/8281 status=ok steps=47 confidence=0.986263 elapsed=0.124s
2026-07-25 17:11:24,748 INFO Progress 7502/8281 status=ok steps=37 confidence=0.999915 elapsed=0.095s
2026-07-25 17:11:24,838 INFO Progress 7503/8281 status=ok steps=35 confidence=0.999861 elapsed=0.090s
2026-07-25 17:11:24,943 INFO Progress 7504/8281 status=ok steps=41 confidence=0.999900 elapsed=0.105s
2026-07-25 17:11:25,109 INFO Progress 7505/8281 status=ok steps=65 confidence=0.985527 elapsed=0.166s
2026-07-25 17:11:25,187 INFO Progress 7506/8281 status=ok steps=29 confidence=0.999906 elapsed=0.078s
2026-07-25 17:11:25,282 INFO Progress 7507/8281 status=ok steps=37 confidence=0.999943 elapsed=0.094s
2026-07-25 17:11:25,360 INFO Progress 7508/8281 status=ok steps=29 confidence=0.999986 elapsed=0.078s
2026-07-25 17:11:25,425 INFO Progress 7509/8281 status=ok steps=23 confidence=0.999645 elapsed=0.065s
2026-07-25 17:11:25,535 INFO Progress 7510/8281 status=ok steps=41 confidence=0.999902 elapsed=0.109s
2026-07-25 17:11:25,643 INFO Progress 7511/8281 status=ok steps=41 confidence=0.999904 elapsed=0.108s
2026-07-25 17:11:25,940 INFO Progress 7512/8281 status=ok steps=117 confidence=0.999995 elapsed=0.296s
2026-07-25 17:11:26,009 INFO Progress 7513/8281 status=ok steps=25 confidence=0.998661 elapsed=0.069s
2026-07-25 17:11:26,059 INFO Progress 7514/8281 status=ok steps=17 confidence=0.999778 elapsed=0.050s
2026-07-25 17:11:26,137 INFO Progress 7515/8281 status=ok steps=30 confidence=0.999969 elapsed=0.078s
2026-07-25 17:11:26,281 INFO Progress 7516/8281 status=ok steps=57 confidence=0.999883 elapsed=0.143s
2026-07-25 17:11:26,385 INFO Progress 7517/8281 status=ok steps=41 confidence=0.999943 elapsed=0.104s
2026-07-25 17:11:26,516 INFO Progress 7518/8281 status=ok steps=53 confidence=0.999966 elapsed=0.131s
2026-07-25 17:11:26,584 INFO Progress 7519/8281 status=ok steps=25 confidence=0.999991 elapsed=0.068s
2026-07-25 17:11:26,710 INFO Progress 7520/8281 status=ok steps=50 confidence=0.999985 elapsed=0.125s
2026-07-25 17:11:26,785 INFO Progress 7521/8281 status=ok steps=29 confidence=0.999595 elapsed=0.076s
2026-07-25 17:11:26,922 INFO Progress 7522/8281 status=ok steps=55 confidence=0.999991 elapsed=0.136s
2026-07-25 17:11:27,066 INFO Progress 7523/8281 status=ok steps=55 confidence=0.999909 elapsed=0.143s
2026-07-25 17:11:27,152 INFO Progress 7524/8281 status=ok steps=33 confidence=0.999982 elapsed=0.086s
2026-07-25 17:11:27,553 INFO Progress 7525/8281 status=ok steps=29 confidence=0.999819 elapsed=0.079s
2026-07-25 17:11:27,653 INFO Progress 7526/8281 status=ok steps=37 confidence=0.999941 elapsed=0.099s
2026-07-25 17:11:27,743 INFO Progress 7527/8281 status=ok steps=35 confidence=0.999944 elapsed=0.090s
2026-07-25 17:11:27,876 INFO Progress 7528/8281 status=ok steps=53 confidence=0.999993 elapsed=0.133s
2026-07-25 17:11:27,985 INFO Progress 7529/8281 status=ok steps=41 confidence=0.999991 elapsed=0.109s
2026-07-25 17:11:28,066 INFO Progress 7530/8281 status=ok steps=30 confidence=0.999988 elapsed=0.081s
2026-07-25 17:11:28,200 INFO Progress 7531/8281 status=ok steps=53 confidence=0.999868 elapsed=0.134s
2026-07-25 17:11:28,290 INFO Progress 7532/8281 status=ok steps=35 confidence=0.999888 elapsed=0.089s
2026-07-25 17:11:28,341 INFO Progress 7533/8281 status=ok steps=17 confidence=0.999778 elapsed=0.050s
2026-07-25 17:11:28,427 INFO Progress 7534/8281 status=ok steps=33 confidence=0.999992 elapsed=0.086s
2026-07-25 17:11:28,659 INFO Progress 7535/8281 status=ok steps=95 confidence=0.999955 elapsed=0.233s
2026-07-25 17:11:28,785 INFO Progress 7536/8281 status=ok steps=50 confidence=0.999987 elapsed=0.125s
2026-07-25 17:11:28,889 INFO Progress 7537/8281 status=ok steps=41 confidence=0.999992 elapsed=0.104s
2026-07-25 17:11:28,968 INFO Progress 7538/8281 status=ok steps=29 confidence=0.999849 elapsed=0.079s
2026-07-25 17:11:29,054 INFO Progress 7539/8281 status=ok steps=33 confidence=0.999982 elapsed=0.086s
2026-07-25 17:11:29,159 INFO Progress 7540/8281 status=ok steps=41 confidence=0.999708 elapsed=0.105s
2026-07-25 17:11:29,291 INFO Progress 7541/8281 status=ok steps=53 confidence=0.999732 elapsed=0.132s
2026-07-25 17:11:29,341 INFO Progress 7542/8281 status=ok steps=17 confidence=0.999920 elapsed=0.050s
2026-07-25 17:11:29,454 INFO Progress 7543/8281 status=ok steps=45 confidence=0.999880 elapsed=0.113s
2026-07-25 17:11:29,682 INFO Progress 7544/8281 status=ok steps=95 confidence=0.999988 elapsed=0.228s
2026-07-25 17:11:29,810 INFO Progress 7545/8281 status=ok steps=50 confidence=0.999889 elapsed=0.128s
2026-07-25 17:11:29,888 INFO Progress 7546/8281 status=ok steps=29 confidence=0.999996 elapsed=0.077s
2026-07-25 17:11:29,953 INFO Progress 7547/8281 status=ok steps=23 confidence=0.999856 elapsed=0.065s
2026-07-25 17:11:30,030 INFO Progress 7548/8281 status=ok steps=29 confidence=0.999833 elapsed=0.077s
2026-07-25 17:11:30,143 INFO Progress 7549/8281 status=ok steps=45 confidence=0.999836 elapsed=0.113s
2026-07-25 17:11:30,549 INFO Progress 7550/8281 status=ok steps=41 confidence=0.999953 elapsed=0.105s
2026-07-25 17:11:30,629 INFO Progress 7551/8281 status=ok steps=29 confidence=0.999984 elapsed=0.081s
2026-07-25 17:11:30,732 INFO Progress 7552/8281 status=ok steps=40 confidence=0.999988 elapsed=0.102s
2026-07-25 17:11:30,858 INFO Progress 7553/8281 status=ok steps=50 confidence=0.999961 elapsed=0.126s
2026-07-25 17:11:31,002 INFO Progress 7554/8281 status=ok steps=57 confidence=0.999883 elapsed=0.145s
2026-07-25 17:11:31,081 INFO Progress 7555/8281 status=ok steps=30 confidence=0.999888 elapsed=0.079s
2026-07-25 17:11:31,156 INFO Progress 7556/8281 status=ok steps=29 confidence=0.999595 elapsed=0.075s
2026-07-25 17:11:31,250 INFO Progress 7557/8281 status=ok steps=37 confidence=0.999943 elapsed=0.094s
2026-07-25 17:11:31,399 INFO Progress 7558/8281 status=ok steps=61 confidence=0.999949 elapsed=0.148s
2026-07-25 17:11:31,474 INFO Progress 7559/8281 status=ok steps=29 confidence=0.999909 elapsed=0.076s
2026-07-25 17:11:31,691 INFO Progress 7560/8281 status=ok steps=89 confidence=0.999975 elapsed=0.216s
2026-07-25 17:11:31,808 INFO Progress 7561/8281 status=ok steps=47 confidence=0.999992 elapsed=0.117s
2026-07-25 17:11:31,924 INFO Progress 7562/8281 status=ok steps=45 confidence=0.999978 elapsed=0.116s
2026-07-25 17:11:32,027 INFO Progress 7563/8281 status=ok steps=41 confidence=0.999979 elapsed=0.103s
2026-07-25 17:11:32,131 INFO Progress 7564/8281 status=ok steps=41 confidence=0.999885 elapsed=0.104s
2026-07-25 17:11:32,221 INFO Progress 7565/8281 status=ok steps=35 confidence=0.999794 elapsed=0.090s
2026-07-25 17:11:32,317 INFO Progress 7566/8281 status=ok steps=35 confidence=0.999728 elapsed=0.095s
2026-07-25 17:11:32,486 INFO Progress 7567/8281 status=ok steps=69 confidence=0.999942 elapsed=0.169s
2026-07-25 17:11:32,604 INFO Progress 7568/8281 status=ok steps=47 confidence=0.999954 elapsed=0.118s
2026-07-25 17:11:32,718 INFO Progress 7569/8281 status=ok steps=45 confidence=0.999988 elapsed=0.113s
2026-07-25 17:11:32,832 INFO Progress 7570/8281 status=ok steps=45 confidence=0.999797 elapsed=0.114s
2026-07-25 17:11:32,911 INFO Progress 7571/8281 status=ok steps=29 confidence=0.999984 elapsed=0.079s
2026-07-25 17:11:33,015 INFO Progress 7572/8281 status=ok steps=41 confidence=0.999893 elapsed=0.104s
2026-07-25 17:11:33,153 INFO Progress 7573/8281 status=ok steps=55 confidence=0.999909 elapsed=0.138s
2026-07-25 17:11:33,238 INFO Progress 7574/8281 status=ok steps=33 confidence=0.999782 elapsed=0.085s
2026-07-25 17:11:33,666 INFO Progress 7575/8281 status=ok steps=41 confidence=0.999663 elapsed=0.105s
2026-07-25 17:11:33,749 INFO Progress 7576/8281 status=ok steps=30 confidence=0.999993 elapsed=0.083s
2026-07-25 17:11:33,799 INFO Progress 7577/8281 status=ok steps=17 confidence=0.999778 elapsed=0.050s
2026-07-25 17:11:33,857 INFO Progress 7578/8281 status=ok steps=20 confidence=0.999899 elapsed=0.057s
2026-07-25 17:11:33,913 INFO Progress 7579/8281 status=ok steps=20 confidence=0.999680 elapsed=0.056s
2026-07-25 17:11:34,066 INFO Progress 7580/8281 status=ok steps=61 confidence=0.999986 elapsed=0.153s
2026-07-25 17:11:34,142 INFO Progress 7581/8281 status=ok steps=29 confidence=0.999936 elapsed=0.076s
2026-07-25 17:11:34,392 INFO Progress 7582/8281 status=ok steps=101 confidence=0.999989 elapsed=0.250s
2026-07-25 17:11:34,529 INFO Progress 7583/8281 status=ok steps=55 confidence=0.999909 elapsed=0.137s
2026-07-25 17:11:34,617 INFO Progress 7584/8281 status=ok steps=33 confidence=0.999994 elapsed=0.088s
2026-07-25 17:11:34,696 INFO Progress 7585/8281 status=ok steps=29 confidence=0.999876 elapsed=0.078s
2026-07-25 17:11:34,755 INFO Progress 7586/8281 status=ok steps=21 confidence=0.999981 elapsed=0.059s
2026-07-25 17:11:34,912 INFO Progress 7587/8281 status=ok steps=61 confidence=0.994589 elapsed=0.157s
2026-07-25 17:11:34,962 INFO Progress 7588/8281 status=ok steps=17 confidence=0.999722 elapsed=0.050s
2026-07-25 17:11:35,134 INFO Progress 7589/8281 status=ok steps=68 confidence=0.999879 elapsed=0.172s
2026-07-25 17:11:35,354 INFO Progress 7590/8281 status=ok steps=86 confidence=0.999812 elapsed=0.219s
2026-07-25 17:11:35,449 INFO Progress 7591/8281 status=ok steps=37 confidence=0.999976 elapsed=0.095s
2026-07-25 17:11:35,581 INFO Progress 7592/8281 status=ok steps=53 confidence=0.999941 elapsed=0.132s
2026-07-25 17:11:35,658 INFO Progress 7593/8281 status=ok steps=29 confidence=0.999983 elapsed=0.077s
2026-07-25 17:11:35,822 INFO Progress 7594/8281 status=ok steps=65 confidence=0.999910 elapsed=0.164s
2026-07-25 17:11:35,900 INFO Progress 7595/8281 status=ok steps=29 confidence=0.999968 elapsed=0.078s
2026-07-25 17:11:36,027 INFO Progress 7596/8281 status=ok steps=50 confidence=0.999889 elapsed=0.127s
2026-07-25 17:11:36,077 INFO Progress 7597/8281 status=ok steps=17 confidence=0.999112 elapsed=0.050s
2026-07-25 17:11:36,205 INFO Progress 7598/8281 status=ok steps=50 confidence=0.999961 elapsed=0.127s
2026-07-25 17:11:36,254 INFO Progress 7599/8281 status=ok steps=17 confidence=0.999796 elapsed=0.050s
2026-07-25 17:11:36,648 INFO Progress 7600/8281 status=ok steps=30 confidence=0.999918 elapsed=0.080s
2026-07-25 17:11:36,728 INFO Progress 7601/8281 status=ok steps=29 confidence=0.998001 elapsed=0.080s
2026-07-25 17:11:36,810 INFO Progress 7602/8281 status=ok steps=29 confidence=0.998746 elapsed=0.082s
2026-07-25 17:11:36,929 INFO Progress 7603/8281 status=ok steps=45 confidence=0.999950 elapsed=0.119s
2026-07-25 17:11:37,034 INFO Progress 7604/8281 status=ok steps=41 confidence=0.999902 elapsed=0.104s
2026-07-25 17:11:37,113 INFO Progress 7605/8281 status=ok steps=30 confidence=0.999978 elapsed=0.079s
2026-07-25 17:11:37,222 INFO Progress 7606/8281 status=ok steps=41 confidence=0.999930 elapsed=0.109s
2026-07-25 17:11:37,411 INFO Progress 7607/8281 status=ok steps=77 confidence=0.999572 elapsed=0.189s
2026-07-25 17:11:37,486 INFO Progress 7608/8281 status=ok steps=29 confidence=0.999595 elapsed=0.075s
2026-07-25 17:11:37,641 INFO Progress 7609/8281 status=ok steps=61 confidence=0.994589 elapsed=0.154s
2026-07-25 17:11:37,761 INFO Progress 7610/8281 status=ok steps=47 confidence=0.999921 elapsed=0.120s
2026-07-25 17:11:37,912 INFO Progress 7611/8281 status=ok steps=59 confidence=0.999947 elapsed=0.151s
2026-07-25 17:11:37,991 INFO Progress 7612/8281 status=ok steps=30 confidence=0.999969 elapsed=0.079s
2026-07-25 17:11:38,127 INFO Progress 7613/8281 status=ok steps=55 confidence=0.999996 elapsed=0.135s
2026-07-25 17:11:38,213 INFO Progress 7614/8281 status=ok steps=33 confidence=0.999862 elapsed=0.087s
2026-07-25 17:11:38,294 INFO Progress 7615/8281 status=ok steps=30 confidence=0.999978 elapsed=0.081s
2026-07-25 17:11:38,461 INFO Progress 7616/8281 status=ok steps=69 confidence=0.999975 elapsed=0.167s
2026-07-25 17:11:38,565 INFO Progress 7617/8281 status=ok steps=41 confidence=0.999918 elapsed=0.103s
2026-07-25 17:11:38,733 INFO Progress 7618/8281 status=ok steps=68 confidence=0.999991 elapsed=0.168s
2026-07-25 17:11:38,850 INFO Progress 7619/8281 status=ok steps=47 confidence=0.999993 elapsed=0.117s
2026-07-25 17:11:38,928 INFO Progress 7620/8281 status=ok steps=29 confidence=0.999865 elapsed=0.078s
2026-07-25 17:11:39,046 INFO Progress 7621/8281 status=ok steps=47 confidence=0.999954 elapsed=0.118s
2026-07-25 17:11:39,181 INFO Progress 7622/8281 status=ok steps=53 confidence=0.999990 elapsed=0.134s
2026-07-25 17:11:39,243 INFO Progress 7623/8281 status=ok steps=23 confidence=0.996403 elapsed=0.062s
2026-07-25 17:11:39,321 INFO Progress 7624/8281 status=ok steps=29 confidence=0.999909 elapsed=0.077s
2026-07-25 17:11:39,899 INFO Progress 7625/8281 status=ok steps=101 confidence=0.999938 elapsed=0.246s
2026-07-25 17:11:39,962 INFO Progress 7626/8281 status=ok steps=21 confidence=0.999731 elapsed=0.064s
2026-07-25 17:11:40,021 INFO Progress 7627/8281 status=ok steps=21 confidence=0.999985 elapsed=0.058s
2026-07-25 17:11:40,105 INFO Progress 7628/8281 status=ok steps=32 confidence=0.999893 elapsed=0.084s
2026-07-25 17:11:40,327 INFO Progress 7629/8281 status=ok steps=90 confidence=0.999928 elapsed=0.222s
2026-07-25 17:11:40,396 INFO Progress 7630/8281 status=ok steps=25 confidence=0.999459 elapsed=0.069s
2026-07-25 17:11:40,533 INFO Progress 7631/8281 status=ok steps=55 confidence=0.999950 elapsed=0.137s
2026-07-25 17:11:40,652 INFO Progress 7632/8281 status=ok steps=45 confidence=0.999836 elapsed=0.118s
2026-07-25 17:11:40,733 INFO Progress 7633/8281 status=ok steps=30 confidence=0.999988 elapsed=0.081s
2026-07-25 17:11:40,815 INFO Progress 7634/8281 status=ok steps=30 confidence=0.999988 elapsed=0.082s
2026-07-25 17:11:40,968 INFO Progress 7635/8281 status=ok steps=59 confidence=0.999965 elapsed=0.153s
2026-07-25 17:11:41,108 INFO Progress 7636/8281 status=ok steps=53 confidence=0.999499 elapsed=0.140s
2026-07-25 17:11:41,177 INFO Progress 7637/8281 status=ok steps=25 confidence=0.999956 elapsed=0.069s
2026-07-25 17:11:41,264 INFO Progress 7638/8281 status=ok steps=33 confidence=0.999994 elapsed=0.087s
2026-07-25 17:11:41,349 INFO Progress 7639/8281 status=ok steps=33 confidence=0.999954 elapsed=0.085s
2026-07-25 17:11:41,579 INFO Progress 7640/8281 status=ok steps=95 confidence=0.999988 elapsed=0.230s
2026-07-25 17:11:41,730 INFO Progress 7641/8281 status=ok steps=59 confidence=0.999947 elapsed=0.151s
2026-07-25 17:11:41,881 INFO Progress 7642/8281 status=ok steps=59 confidence=0.999731 elapsed=0.151s
2026-07-25 17:11:42,090 INFO Progress 7643/8281 status=ok steps=83 confidence=0.999935 elapsed=0.208s
2026-07-25 17:11:42,209 INFO Progress 7644/8281 status=ok steps=47 confidence=0.999949 elapsed=0.118s
2026-07-25 17:11:42,300 INFO Progress 7645/8281 status=ok steps=35 confidence=0.999984 elapsed=0.092s
2026-07-25 17:11:42,406 INFO Progress 7646/8281 status=ok steps=41 confidence=0.999853 elapsed=0.105s
2026-07-25 17:11:42,486 INFO Progress 7647/8281 status=ok steps=29 confidence=0.999813 elapsed=0.081s
2026-07-25 17:11:42,591 INFO Progress 7648/8281 status=ok steps=41 confidence=0.999943 elapsed=0.104s
2026-07-25 17:11:42,687 INFO Progress 7649/8281 status=ok steps=37 confidence=0.999988 elapsed=0.096s
2026-07-25 17:11:43,111 INFO Progress 7650/8281 status=ok steps=41 confidence=0.999979 elapsed=0.104s
2026-07-25 17:11:43,191 INFO Progress 7651/8281 status=ok steps=26 confidence=0.999880 elapsed=0.080s
2026-07-25 17:11:43,294 INFO Progress 7652/8281 status=ok steps=35 confidence=0.999961 elapsed=0.103s
2026-07-25 17:11:43,402 INFO Progress 7653/8281 status=ok steps=37 confidence=0.999841 elapsed=0.108s
2026-07-25 17:11:43,538 INFO Progress 7654/8281 status=ok steps=47 confidence=0.999969 elapsed=0.136s
2026-07-25 17:11:43,656 INFO Progress 7655/8281 status=ok steps=41 confidence=0.999897 elapsed=0.118s
2026-07-25 17:11:43,764 INFO Progress 7656/8281 status=ok steps=37 confidence=0.999965 elapsed=0.108s
2026-07-25 17:11:43,822 INFO Progress 7657/8281 status=ok steps=17 confidence=0.999903 elapsed=0.058s
2026-07-25 17:11:44,058 INFO Progress 7658/8281 status=ok steps=89 confidence=0.999980 elapsed=0.236s
2026-07-25 17:11:44,128 INFO Progress 7659/8281 status=ok steps=25 confidence=0.999459 elapsed=0.069s
2026-07-25 17:11:44,235 INFO Progress 7660/8281 status=ok steps=41 confidence=0.999885 elapsed=0.107s
2026-07-25 17:11:44,339 INFO Progress 7661/8281 status=ok steps=41 confidence=0.999893 elapsed=0.105s
2026-07-25 17:11:44,474 INFO Progress 7662/8281 status=ok steps=53 confidence=0.999911 elapsed=0.134s
2026-07-25 17:11:44,537 INFO Progress 7663/8281 status=ok steps=23 confidence=0.999677 elapsed=0.063s
2026-07-25 17:11:44,593 INFO Progress 7664/8281 status=ok steps=20 confidence=0.985317 elapsed=0.056s
2026-07-25 17:11:44,711 INFO Progress 7665/8281 status=ok steps=47 confidence=0.999993 elapsed=0.118s
2026-07-25 17:11:44,817 INFO Progress 7666/8281 status=ok steps=41 confidence=0.999953 elapsed=0.106s
2026-07-25 17:11:44,922 INFO Progress 7667/8281 status=ok steps=41 confidence=0.999663 elapsed=0.105s
2026-07-25 17:11:45,014 INFO Progress 7668/8281 status=ok steps=35 confidence=0.999938 elapsed=0.092s
2026-07-25 17:11:45,118 INFO Progress 7669/8281 status=ok steps=41 confidence=0.999897 elapsed=0.104s
2026-07-25 17:11:45,224 INFO Progress 7670/8281 status=ok steps=40 confidence=0.999917 elapsed=0.105s
2026-07-25 17:11:45,303 INFO Progress 7671/8281 status=ok steps=30 confidence=0.999952 elapsed=0.079s
2026-07-25 17:11:45,398 INFO Progress 7672/8281 status=ok steps=37 confidence=0.999976 elapsed=0.095s
2026-07-25 17:11:45,501 INFO Progress 7673/8281 status=ok steps=41 confidence=0.999357 elapsed=0.103s
2026-07-25 17:11:45,580 INFO Progress 7674/8281 status=ok steps=30 confidence=0.999888 elapsed=0.079s
2026-07-25 17:11:46,016 INFO Progress 7675/8281 status=ok steps=40 confidence=0.999990 elapsed=0.101s
2026-07-25 17:11:46,098 INFO Progress 7676/8281 status=ok steps=30 confidence=0.999962 elapsed=0.082s
2026-07-25 17:11:46,224 INFO Progress 7677/8281 status=ok steps=50 confidence=0.999996 elapsed=0.126s
2026-07-25 17:11:46,339 INFO Progress 7678/8281 status=ok steps=45 confidence=0.999978 elapsed=0.115s
2026-07-25 17:11:46,474 INFO Progress 7679/8281 status=ok steps=53 confidence=0.999868 elapsed=0.135s
2026-07-25 17:11:46,533 INFO Progress 7680/8281 status=ok steps=21 confidence=0.999985 elapsed=0.059s
2026-07-25 17:11:46,733 INFO Progress 7681/8281 status=ok steps=80 confidence=0.999995 elapsed=0.200s
2026-07-25 17:11:46,830 INFO Progress 7682/8281 status=ok steps=37 confidence=0.999965 elapsed=0.096s
2026-07-25 17:11:46,917 INFO Progress 7683/8281 status=ok steps=33 confidence=0.999886 elapsed=0.087s
2026-07-25 17:11:47,031 INFO Progress 7684/8281 status=ok steps=45 confidence=0.999888 elapsed=0.114s
2026-07-25 17:11:47,087 INFO Progress 7685/8281 status=ok steps=20 confidence=0.997141 elapsed=0.056s
2026-07-25 17:11:47,192 INFO Progress 7686/8281 status=ok steps=40 confidence=0.999875 elapsed=0.105s
2026-07-25 17:11:47,324 INFO Progress 7687/8281 status=ok steps=53 confidence=0.999758 elapsed=0.132s
2026-07-25 17:11:47,415 INFO Progress 7688/8281 status=ok steps=35 confidence=0.999636 elapsed=0.091s
2026-07-25 17:11:47,495 INFO Progress 7689/8281 status=ok steps=30 confidence=0.999952 elapsed=0.079s
2026-07-25 17:11:47,631 INFO Progress 7690/8281 status=ok steps=55 confidence=0.999969 elapsed=0.136s
2026-07-25 17:11:47,708 INFO Progress 7691/8281 status=ok steps=29 confidence=0.999916 elapsed=0.077s
2026-07-25 17:11:47,913 INFO Progress 7692/8281 status=ok steps=83 confidence=0.999990 elapsed=0.206s
2026-07-25 17:11:47,994 INFO Progress 7693/8281 status=ok steps=30 confidence=0.999962 elapsed=0.080s
2026-07-25 17:11:48,101 INFO Progress 7694/8281 status=ok steps=41 confidence=0.999930 elapsed=0.107s
2026-07-25 17:11:48,240 INFO Progress 7695/8281 status=ok steps=54 confidence=0.999992 elapsed=0.139s
2026-07-25 17:11:48,337 INFO Progress 7696/8281 status=ok steps=37 confidence=0.999582 elapsed=0.098s
2026-07-25 17:11:48,499 INFO Progress 7697/8281 status=ok steps=65 confidence=0.999937 elapsed=0.161s
2026-07-25 17:11:48,642 INFO Progress 7698/8281 status=ok steps=57 confidence=0.999989 elapsed=0.143s
2026-07-25 17:11:48,718 INFO Progress 7699/8281 status=ok steps=29 confidence=0.989185 elapsed=0.076s
2026-07-25 17:11:49,235 INFO Progress 7700/8281 status=ok steps=35 confidence=0.999792 elapsed=0.090s
2026-07-25 17:11:49,386 INFO Progress 7701/8281 status=ok steps=59 confidence=0.999965 elapsed=0.151s
2026-07-25 17:11:49,484 INFO Progress 7702/8281 status=ok steps=37 confidence=0.999975 elapsed=0.098s
2026-07-25 17:11:49,562 INFO Progress 7703/8281 status=ok steps=29 confidence=0.999906 elapsed=0.078s
2026-07-25 17:11:49,643 INFO Progress 7704/8281 status=ok steps=29 confidence=0.998972 elapsed=0.081s
2026-07-25 17:11:49,739 INFO Progress 7705/8281 status=ok steps=37 confidence=0.999994 elapsed=0.095s
2026-07-25 17:11:49,817 INFO Progress 7706/8281 status=ok steps=29 confidence=0.999913 elapsed=0.078s
2026-07-25 17:11:49,961 INFO Progress 7707/8281 status=ok steps=57 confidence=0.999747 elapsed=0.144s
2026-07-25 17:11:50,011 INFO Progress 7708/8281 status=ok steps=17 confidence=0.999842 elapsed=0.050s
2026-07-25 17:11:50,090 INFO Progress 7709/8281 status=ok steps=30 confidence=0.999952 elapsed=0.079s
2026-07-25 17:11:50,169 INFO Progress 7710/8281 status=ok steps=30 confidence=0.999874 elapsed=0.079s
2026-07-25 17:11:50,251 INFO Progress 7711/8281 status=ok steps=29 confidence=0.999147 elapsed=0.081s
2026-07-25 17:11:50,341 INFO Progress 7712/8281 status=ok steps=35 confidence=0.999794 elapsed=0.090s
2026-07-25 17:11:50,444 INFO Progress 7713/8281 status=ok steps=41 confidence=0.999904 elapsed=0.103s
2026-07-25 17:11:50,523 INFO Progress 7714/8281 status=ok steps=30 confidence=0.999888 elapsed=0.079s
2026-07-25 17:11:50,603 INFO Progress 7715/8281 status=ok steps=30 confidence=0.999969 elapsed=0.080s
2026-07-25 17:11:50,730 INFO Progress 7716/8281 status=ok steps=50 confidence=0.999961 elapsed=0.127s
2026-07-25 17:11:50,957 INFO Progress 7717/8281 status=ok steps=95 confidence=0.999988 elapsed=0.227s
2026-07-25 17:11:51,061 INFO Progress 7718/8281 status=ok steps=40 confidence=0.999898 elapsed=0.104s
2026-07-25 17:11:51,255 INFO Progress 7719/8281 status=ok steps=77 confidence=0.999274 elapsed=0.194s
2026-07-25 17:11:51,332 INFO Progress 7720/8281 status=ok steps=29 confidence=0.999996 elapsed=0.077s
2026-07-25 17:11:51,448 INFO Progress 7721/8281 status=ok steps=45 confidence=0.999939 elapsed=0.116s
2026-07-25 17:11:51,563 INFO Progress 7722/8281 status=ok steps=45 confidence=0.999888 elapsed=0.114s
2026-07-25 17:11:51,625 INFO Progress 7723/8281 status=ok steps=23 confidence=0.999916 elapsed=0.063s
2026-07-25 17:11:51,682 INFO Progress 7724/8281 status=ok steps=20 confidence=0.999680 elapsed=0.057s
2026-07-25 17:11:52,049 INFO Progress 7725/8281 status=ok steps=25 confidence=0.999902 elapsed=0.067s
2026-07-25 17:11:52,203 INFO Progress 7726/8281 status=ok steps=61 confidence=0.999911 elapsed=0.154s
2026-07-25 17:11:52,282 INFO Progress 7727/8281 status=ok steps=29 confidence=0.999782 elapsed=0.079s
2026-07-25 17:11:52,413 INFO Progress 7728/8281 status=ok steps=50 confidence=0.999979 elapsed=0.131s
2026-07-25 17:11:52,507 INFO Progress 7729/8281 status=ok steps=37 confidence=0.999943 elapsed=0.095s
2026-07-25 17:11:52,604 INFO Progress 7730/8281 status=ok steps=37 confidence=0.999946 elapsed=0.096s
2026-07-25 17:11:52,688 INFO Progress 7731/8281 status=ok steps=32 confidence=0.999658 elapsed=0.085s
2026-07-25 17:11:52,765 INFO Progress 7732/8281 status=ok steps=29 confidence=0.999983 elapsed=0.077s
2026-07-25 17:11:52,869 INFO Progress 7733/8281 status=ok steps=41 confidence=0.999874 elapsed=0.104s
2026-07-25 17:11:52,996 INFO Progress 7734/8281 status=ok steps=50 confidence=0.999952 elapsed=0.127s
2026-07-25 17:11:53,102 INFO Progress 7735/8281 status=ok steps=41 confidence=0.999991 elapsed=0.106s
2026-07-25 17:11:53,152 INFO Progress 7736/8281 status=ok steps=17 confidence=0.999917 elapsed=0.050s
2026-07-25 17:11:53,239 INFO Progress 7737/8281 status=ok steps=33 confidence=0.999995 elapsed=0.087s
2026-07-25 17:11:53,334 INFO Progress 7738/8281 status=ok steps=37 confidence=0.999841 elapsed=0.095s
2026-07-25 17:11:53,438 INFO Progress 7739/8281 status=ok steps=40 confidence=0.999898 elapsed=0.104s
2026-07-25 17:11:53,574 INFO Progress 7740/8281 status=ok steps=55 confidence=0.999990 elapsed=0.136s
2026-07-25 17:11:53,722 INFO Progress 7741/8281 status=ok steps=59 confidence=0.999918 elapsed=0.147s
2026-07-25 17:11:53,789 INFO Progress 7742/8281 status=ok steps=25 confidence=0.999842 elapsed=0.067s
2026-07-25 17:11:53,941 INFO Progress 7743/8281 status=ok steps=61 confidence=0.999986 elapsed=0.152s
2026-07-25 17:11:54,104 INFO Progress 7744/8281 status=ok steps=65 confidence=0.999988 elapsed=0.163s
2026-07-25 17:11:54,257 INFO Progress 7745/8281 status=ok steps=61 confidence=0.999966 elapsed=0.152s
2026-07-25 17:11:54,407 INFO Progress 7746/8281 status=ok steps=61 confidence=0.999911 elapsed=0.150s
2026-07-25 17:11:54,660 INFO Progress 7747/8281 status=ok steps=101 confidence=0.999989 elapsed=0.252s
2026-07-25 17:11:54,739 INFO Progress 7748/8281 status=ok steps=30 confidence=0.999918 elapsed=0.079s
2026-07-25 17:11:54,928 INFO Progress 7749/8281 status=ok steps=77 confidence=0.999958 elapsed=0.189s
2026-07-25 17:11:55,372 INFO Progress 7750/8281 status=ok steps=23 confidence=0.999890 elapsed=0.065s
2026-07-25 17:11:55,492 INFO Progress 7751/8281 status=ok steps=47 confidence=0.999993 elapsed=0.120s
2026-07-25 17:11:55,581 INFO Progress 7752/8281 status=ok steps=35 confidence=0.999907 elapsed=0.089s
2026-07-25 17:11:55,644 INFO Progress 7753/8281 status=ok steps=23 confidence=0.999677 elapsed=0.063s
2026-07-25 17:11:55,710 INFO Progress 7754/8281 status=ok steps=23 confidence=0.996403 elapsed=0.065s
2026-07-25 17:11:55,946 INFO Progress 7755/8281 status=ok steps=96 confidence=0.999993 elapsed=0.236s
2026-07-25 17:11:56,051 INFO Progress 7756/8281 status=ok steps=41 confidence=0.999874 elapsed=0.105s
2026-07-25 17:11:56,130 INFO Progress 7757/8281 status=ok steps=29 confidence=0.999782 elapsed=0.079s
2026-07-25 17:11:56,277 INFO Progress 7758/8281 status=ok steps=59 confidence=0.999965 elapsed=0.147s
2026-07-25 17:11:56,494 INFO Progress 7759/8281 status=ok steps=89 confidence=0.999980 elapsed=0.217s
2026-07-25 17:11:56,571 INFO Progress 7760/8281 status=ok steps=29 confidence=0.999955 elapsed=0.077s
2026-07-25 17:11:56,643 INFO Progress 7761/8281 status=ok steps=26 confidence=0.999832 elapsed=0.071s
2026-07-25 17:11:56,723 INFO Progress 7762/8281 status=ok steps=29 confidence=0.999840 elapsed=0.080s
2026-07-25 17:11:56,812 INFO Progress 7763/8281 status=ok steps=35 confidence=0.999913 elapsed=0.089s
2026-07-25 17:11:56,903 INFO Progress 7764/8281 status=ok steps=35 confidence=0.999977 elapsed=0.091s
2026-07-25 17:11:56,984 INFO Progress 7765/8281 status=ok steps=30 confidence=0.999988 elapsed=0.081s
2026-07-25 17:11:57,147 INFO Progress 7766/8281 status=ok steps=65 confidence=0.999937 elapsed=0.162s
2026-07-25 17:11:57,309 INFO Progress 7767/8281 status=ok steps=65 confidence=0.999937 elapsed=0.163s
2026-07-25 17:11:57,414 INFO Progress 7768/8281 status=ok steps=41 confidence=0.999953 elapsed=0.105s
2026-07-25 17:11:57,519 INFO Progress 7769/8281 status=ok steps=41 confidence=0.999967 elapsed=0.105s
2026-07-25 17:11:57,600 INFO Progress 7770/8281 status=ok steps=30 confidence=0.999988 elapsed=0.081s
2026-07-25 17:11:57,678 INFO Progress 7771/8281 status=ok steps=29 confidence=0.999832 elapsed=0.078s
2026-07-25 17:11:57,840 INFO Progress 7772/8281 status=ok steps=65 confidence=0.999964 elapsed=0.162s
2026-07-25 17:11:57,890 INFO Progress 7773/8281 status=ok steps=17 confidence=0.999920 elapsed=0.050s
2026-07-25 17:11:58,008 INFO Progress 7774/8281 status=ok steps=45 confidence=0.999939 elapsed=0.118s
2026-07-25 17:11:58,901 INFO Progress 7775/8281 status=ok steps=20 confidence=0.999899 elapsed=0.057s
2026-07-25 17:11:58,963 INFO Progress 7776/8281 status=ok steps=21 confidence=0.999700 elapsed=0.062s
2026-07-25 17:11:59,088 INFO Progress 7777/8281 status=ok steps=50 confidence=0.999907 elapsed=0.124s
2026-07-25 17:11:59,165 INFO Progress 7778/8281 status=ok steps=29 confidence=0.998001 elapsed=0.077s
2026-07-25 17:11:59,268 INFO Progress 7779/8281 status=ok steps=41 confidence=0.999900 elapsed=0.103s
2026-07-25 17:11:59,376 INFO Progress 7780/8281 status=ok steps=41 confidence=0.999833 elapsed=0.108s
2026-07-25 17:11:59,462 INFO Progress 7781/8281 status=ok steps=33 confidence=0.999981 elapsed=0.086s
2026-07-25 17:11:59,548 INFO Progress 7782/8281 status=ok steps=33 confidence=0.999948 elapsed=0.086s
2026-07-25 17:11:59,662 INFO Progress 7783/8281 status=ok steps=45 confidence=0.999955 elapsed=0.114s
2026-07-25 17:11:59,827 INFO Progress 7784/8281 status=ok steps=65 confidence=0.985527 elapsed=0.165s
2026-07-25 17:12:00,032 INFO Progress 7785/8281 status=ok steps=83 confidence=0.999990 elapsed=0.205s
2026-07-25 17:12:00,137 INFO Progress 7786/8281 status=ok steps=41 confidence=0.999948 elapsed=0.104s
2026-07-25 17:12:00,203 INFO Progress 7787/8281 status=ok steps=25 confidence=0.991930 elapsed=0.067s
2026-07-25 17:12:00,447 INFO Progress 7788/8281 status=ok steps=101 confidence=0.999938 elapsed=0.243s
2026-07-25 17:12:00,514 INFO Progress 7789/8281 status=ok steps=25 confidence=0.999987 elapsed=0.068s
2026-07-25 17:12:00,616 INFO Progress 7790/8281 status=ok steps=40 confidence=0.999990 elapsed=0.102s
2026-07-25 17:12:00,767 INFO Progress 7791/8281 status=ok steps=61 confidence=0.999988 elapsed=0.151s
2026-07-25 17:12:00,887 INFO Progress 7792/8281 status=ok steps=47 confidence=0.999828 elapsed=0.120s
2026-07-25 17:12:01,005 INFO Progress 7793/8281 status=ok steps=47 confidence=0.999992 elapsed=0.118s
2026-07-25 17:12:01,091 INFO Progress 7794/8281 status=ok steps=33 confidence=0.999878 elapsed=0.086s
2026-07-25 17:12:01,168 INFO Progress 7795/8281 status=ok steps=29 confidence=0.999819 elapsed=0.077s
2026-07-25 17:12:01,259 INFO Progress 7796/8281 status=ok steps=35 confidence=0.999881 elapsed=0.091s
2026-07-25 17:12:01,413 INFO Progress 7797/8281 status=ok steps=61 confidence=0.999934 elapsed=0.153s
2026-07-25 17:12:01,504 INFO Progress 7798/8281 status=ok steps=35 confidence=0.999912 elapsed=0.091s
2026-07-25 17:12:01,625 INFO Progress 7799/8281 status=ok steps=47 confidence=0.999969 elapsed=0.120s
2026-07-25 17:12:02,000 INFO Progress 7800/8281 status=ok steps=21 confidence=0.999731 elapsed=0.060s
2026-07-25 17:12:02,144 INFO Progress 7801/8281 status=ok steps=55 confidence=0.999969 elapsed=0.144s
2026-07-25 17:12:02,258 INFO Progress 7802/8281 status=ok steps=45 confidence=0.999988 elapsed=0.113s
2026-07-25 17:12:02,402 INFO Progress 7803/8281 status=ok steps=55 confidence=0.999972 elapsed=0.144s
2026-07-25 17:12:02,466 INFO Progress 7804/8281 status=ok steps=21 confidence=0.999440 elapsed=0.064s
2026-07-25 17:12:02,552 INFO Progress 7805/8281 status=ok steps=33 confidence=0.999981 elapsed=0.086s
2026-07-25 17:12:02,643 INFO Progress 7806/8281 status=ok steps=35 confidence=0.999869 elapsed=0.091s
2026-07-25 17:12:02,813 INFO Progress 7807/8281 status=ok steps=65 confidence=0.999910 elapsed=0.170s
2026-07-25 17:12:02,953 INFO Progress 7808/8281 status=ok steps=54 confidence=0.999992 elapsed=0.140s
2026-07-25 17:12:03,085 INFO Progress 7809/8281 status=ok steps=50 confidence=0.999997 elapsed=0.132s
2026-07-25 17:12:03,258 INFO Progress 7810/8281 status=ok steps=65 confidence=0.985527 elapsed=0.173s
2026-07-25 17:12:03,346 INFO Progress 7811/8281 status=ok steps=32 confidence=0.999893 elapsed=0.088s
2026-07-25 17:12:03,444 INFO Progress 7812/8281 status=ok steps=37 confidence=0.999943 elapsed=0.098s
2026-07-25 17:12:03,580 INFO Progress 7813/8281 status=ok steps=53 confidence=0.999868 elapsed=0.136s
2026-07-25 17:12:03,674 INFO Progress 7814/8281 status=ok steps=35 confidence=0.999984 elapsed=0.094s
2026-07-25 17:12:03,776 INFO Progress 7815/8281 status=ok steps=40 confidence=0.999971 elapsed=0.102s
2026-07-25 17:12:03,858 INFO Progress 7816/8281 status=ok steps=30 confidence=0.999993 elapsed=0.082s
2026-07-25 17:12:03,949 INFO Progress 7817/8281 status=ok steps=35 confidence=0.999888 elapsed=0.091s
2026-07-25 17:12:04,057 INFO Progress 7818/8281 status=ok steps=40 confidence=0.999971 elapsed=0.108s
2026-07-25 17:12:04,139 INFO Progress 7819/8281 status=ok steps=30 confidence=0.999962 elapsed=0.081s
2026-07-25 17:12:04,282 INFO Progress 7820/8281 status=ok steps=55 confidence=0.999959 elapsed=0.143s
2026-07-25 17:12:04,361 INFO Progress 7821/8281 status=ok steps=29 confidence=0.999986 elapsed=0.079s
2026-07-25 17:12:04,451 INFO Progress 7822/8281 status=ok steps=33 confidence=0.999872 elapsed=0.089s
2026-07-25 17:12:04,549 INFO Progress 7823/8281 status=ok steps=30 confidence=0.999988 elapsed=0.098s
2026-07-25 17:12:04,637 INFO Progress 7824/8281 status=ok steps=33 confidence=0.999995 elapsed=0.089s
2026-07-25 17:12:05,129 INFO Progress 7825/8281 status=ok steps=41 confidence=0.999902 elapsed=0.104s
2026-07-25 17:12:05,282 INFO Progress 7826/8281 status=ok steps=61 confidence=0.999911 elapsed=0.153s
2026-07-25 17:12:05,416 INFO Progress 7827/8281 status=ok steps=53 confidence=0.999911 elapsed=0.134s
2026-07-25 17:12:05,493 INFO Progress 7828/8281 status=ok steps=29 confidence=0.999960 elapsed=0.077s
2026-07-25 17:12:05,587 INFO Progress 7829/8281 status=ok steps=37 confidence=0.999760 elapsed=0.094s
2026-07-25 17:12:05,656 INFO Progress 7830/8281 status=ok steps=25 confidence=0.998661 elapsed=0.069s
2026-07-25 17:12:05,775 INFO Progress 7831/8281 status=ok steps=47 confidence=0.999976 elapsed=0.118s
2026-07-25 17:12:05,889 INFO Progress 7832/8281 status=ok steps=45 confidence=0.999992 elapsed=0.114s
2026-07-25 17:12:06,037 INFO Progress 7833/8281 status=ok steps=59 confidence=0.999948 elapsed=0.147s
2026-07-25 17:12:06,095 INFO Progress 7834/8281 status=ok steps=20 confidence=0.999156 elapsed=0.058s
2026-07-25 17:12:06,179 INFO Progress 7835/8281 status=ok steps=32 confidence=0.999658 elapsed=0.084s
2026-07-25 17:12:06,307 INFO Progress 7836/8281 status=ok steps=50 confidence=0.999996 elapsed=0.128s
2026-07-25 17:12:06,370 INFO Progress 7837/8281 status=ok steps=23 confidence=0.999822 elapsed=0.063s
2026-07-25 17:12:06,518 INFO Progress 7838/8281 status=ok steps=59 confidence=0.999810 elapsed=0.147s
2026-07-25 17:12:06,579 INFO Progress 7839/8281 status=ok steps=21 confidence=0.999981 elapsed=0.061s
2026-07-25 17:12:06,703 INFO Progress 7840/8281 status=ok steps=47 confidence=0.999288 elapsed=0.124s
2026-07-25 17:12:06,974 INFO Progress 7841/8281 status=ok steps=107 confidence=0.999960 elapsed=0.271s
2026-07-25 17:12:07,055 INFO Progress 7842/8281 status=ok steps=30 confidence=0.999874 elapsed=0.081s
2026-07-25 17:12:07,175 INFO Progress 7843/8281 status=ok steps=45 confidence=0.999984 elapsed=0.120s
2026-07-25 17:12:07,293 INFO Progress 7844/8281 status=ok steps=45 confidence=0.999937 elapsed=0.118s
2026-07-25 17:12:07,403 INFO Progress 7845/8281 status=ok steps=41 confidence=0.999953 elapsed=0.109s
2026-07-25 17:12:07,566 INFO Progress 7846/8281 status=ok steps=65 confidence=0.999930 elapsed=0.164s
2026-07-25 17:12:07,661 INFO Progress 7847/8281 status=ok steps=37 confidence=0.999915 elapsed=0.095s
2026-07-25 17:12:07,802 INFO Progress 7848/8281 status=ok steps=53 confidence=0.999911 elapsed=0.140s
2026-07-25 17:12:07,887 INFO Progress 7849/8281 status=ok steps=33 confidence=0.999992 elapsed=0.086s
2026-07-25 17:12:08,354 INFO Progress 7850/8281 status=ok steps=55 confidence=0.999996 elapsed=0.136s
2026-07-25 17:12:08,481 INFO Progress 7851/8281 status=ok steps=47 confidence=0.999288 elapsed=0.127s
2026-07-25 17:12:08,585 INFO Progress 7852/8281 status=ok steps=41 confidence=0.999808 elapsed=0.103s
2026-07-25 17:12:08,690 INFO Progress 7853/8281 status=ok steps=41 confidence=0.999979 elapsed=0.105s
2026-07-25 17:12:08,794 INFO Progress 7854/8281 status=ok steps=40 confidence=0.999988 elapsed=0.104s
2026-07-25 17:12:08,907 INFO Progress 7855/8281 status=ok steps=45 confidence=0.999848 elapsed=0.113s
2026-07-25 17:12:08,970 INFO Progress 7856/8281 status=ok steps=23 confidence=0.999789 elapsed=0.063s
2026-07-25 17:12:09,040 INFO Progress 7857/8281 status=ok steps=25 confidence=0.999877 elapsed=0.070s
2026-07-25 17:12:09,099 INFO Progress 7858/8281 status=ok steps=21 confidence=0.999981 elapsed=0.058s
2026-07-25 17:12:09,195 INFO Progress 7859/8281 status=ok steps=37 confidence=0.999941 elapsed=0.096s
2026-07-25 17:12:09,286 INFO Progress 7860/8281 status=ok steps=35 confidence=0.999792 elapsed=0.091s
2026-07-25 17:12:09,366 INFO Progress 7861/8281 status=ok steps=29 confidence=0.999865 elapsed=0.080s
2026-07-25 17:12:09,456 INFO Progress 7862/8281 status=ok steps=35 confidence=0.999888 elapsed=0.090s
2026-07-25 17:12:09,534 INFO Progress 7863/8281 status=ok steps=29 confidence=0.999906 elapsed=0.078s
2026-07-25 17:12:09,680 INFO Progress 7864/8281 status=ok steps=59 confidence=0.999890 elapsed=0.146s
2026-07-25 17:12:09,829 INFO Progress 7865/8281 status=ok steps=59 confidence=0.999731 elapsed=0.149s
2026-07-25 17:12:09,897 INFO Progress 7866/8281 status=ok steps=25 confidence=0.999842 elapsed=0.068s
2026-07-25 17:12:10,002 INFO Progress 7867/8281 status=ok steps=41 confidence=0.999904 elapsed=0.105s
2026-07-25 17:12:10,273 INFO Progress 7868/8281 status=ok steps=106 confidence=0.994610 elapsed=0.270s
2026-07-25 17:12:10,397 INFO Progress 7869/8281 status=ok steps=47 confidence=0.999828 elapsed=0.124s
2026-07-25 17:12:10,516 INFO Progress 7870/8281 status=ok steps=45 confidence=0.999955 elapsed=0.119s
2026-07-25 17:12:10,743 INFO Progress 7871/8281 status=ok steps=89 confidence=0.999966 elapsed=0.226s
2026-07-25 17:12:10,833 INFO Progress 7872/8281 status=ok steps=35 confidence=0.999962 elapsed=0.090s
2026-07-25 17:12:10,978 INFO Progress 7873/8281 status=ok steps=55 confidence=0.999950 elapsed=0.144s
2026-07-25 17:12:11,062 INFO Progress 7874/8281 status=ok steps=33 confidence=0.999992 elapsed=0.084s
2026-07-25 17:12:11,525 INFO Progress 7875/8281 status=ok steps=55 confidence=0.999991 elapsed=0.137s
2026-07-25 17:12:11,606 INFO Progress 7876/8281 status=ok steps=30 confidence=0.999935 elapsed=0.080s
2026-07-25 17:12:11,724 INFO Progress 7877/8281 status=ok steps=47 confidence=0.999976 elapsed=0.118s
2026-07-25 17:12:11,857 INFO Progress 7878/8281 status=ok steps=53 confidence=0.999977 elapsed=0.133s
2026-07-25 17:12:11,943 INFO Progress 7879/8281 status=ok steps=33 confidence=0.999782 elapsed=0.086s
2026-07-25 17:12:12,027 INFO Progress 7880/8281 status=ok steps=33 confidence=0.999878 elapsed=0.084s
2026-07-25 17:12:12,112 INFO Progress 7881/8281 status=ok steps=32 confidence=0.999658 elapsed=0.085s
2026-07-25 17:12:12,304 INFO Progress 7882/8281 status=ok steps=77 confidence=0.999274 elapsed=0.192s
2026-07-25 17:12:12,390 INFO Progress 7883/8281 status=ok steps=33 confidence=0.999954 elapsed=0.086s
2026-07-25 17:12:12,486 INFO Progress 7884/8281 status=ok steps=37 confidence=0.999948 elapsed=0.096s
2026-07-25 17:12:12,628 INFO Progress 7885/8281 status=ok steps=57 confidence=0.999979 elapsed=0.141s
2026-07-25 17:12:12,683 INFO Progress 7886/8281 status=ok steps=20 confidence=0.997141 elapsed=0.055s
2026-07-25 17:12:12,778 INFO Progress 7887/8281 status=ok steps=37 confidence=0.999975 elapsed=0.095s
2026-07-25 17:12:12,939 INFO Progress 7888/8281 status=ok steps=59 confidence=0.999965 elapsed=0.161s
2026-07-25 17:12:13,035 INFO Progress 7889/8281 status=ok steps=37 confidence=0.999811 elapsed=0.096s
2026-07-25 17:12:13,116 INFO Progress 7890/8281 status=ok steps=30 confidence=0.999969 elapsed=0.081s
2026-07-25 17:12:13,257 INFO Progress 7891/8281 status=ok steps=57 confidence=0.999965 elapsed=0.141s
2026-07-25 17:12:13,338 INFO Progress 7892/8281 status=ok steps=29 confidence=0.998972 elapsed=0.081s
2026-07-25 17:12:13,429 INFO Progress 7893/8281 status=ok steps=35 confidence=0.999869 elapsed=0.091s
2026-07-25 17:12:13,557 INFO Progress 7894/8281 status=ok steps=50 confidence=0.999988 elapsed=0.128s
2026-07-25 17:12:13,607 INFO Progress 7895/8281 status=ok steps=17 confidence=0.999112 elapsed=0.050s
2026-07-25 17:12:13,703 INFO Progress 7896/8281 status=ok steps=35 confidence=0.999961 elapsed=0.096s
2026-07-25 17:12:13,807 INFO Progress 7897/8281 status=ok steps=41 confidence=0.999991 elapsed=0.104s
2026-07-25 17:12:14,027 INFO Progress 7898/8281 status=ok steps=89 confidence=0.999939 elapsed=0.220s
2026-07-25 17:12:14,141 INFO Progress 7899/8281 status=ok steps=45 confidence=0.999988 elapsed=0.114s
2026-07-25 17:12:14,573 INFO Progress 7900/8281 status=ok steps=45 confidence=0.999880 elapsed=0.112s
2026-07-25 17:12:14,784 INFO Progress 7901/8281 status=ok steps=85 confidence=0.999996 elapsed=0.211s
2026-07-25 17:12:14,862 INFO Progress 7902/8281 status=ok steps=29 confidence=0.999968 elapsed=0.078s
2026-07-25 17:12:15,067 INFO Progress 7903/8281 status=ok steps=85 confidence=0.999996 elapsed=0.205s
2026-07-25 17:12:15,171 INFO Progress 7904/8281 status=ok steps=40 confidence=0.999995 elapsed=0.104s
2026-07-25 17:12:15,261 INFO Progress 7905/8281 status=ok steps=35 confidence=0.999913 elapsed=0.089s
2026-07-25 17:12:15,468 INFO Progress 7906/8281 status=ok steps=85 confidence=0.999996 elapsed=0.207s
2026-07-25 17:12:15,733 INFO Progress 7907/8281 status=ok steps=106 confidence=0.994610 elapsed=0.265s
2026-07-25 17:12:15,865 INFO Progress 7908/8281 status=ok steps=53 confidence=0.999966 elapsed=0.132s
2026-07-25 17:12:15,943 INFO Progress 7909/8281 status=ok steps=29 confidence=0.999832 elapsed=0.078s
2026-07-25 17:12:16,039 INFO Progress 7910/8281 status=ok steps=35 confidence=0.999728 elapsed=0.096s
2026-07-25 17:12:16,330 INFO Progress 7911/8281 status=ok steps=117 confidence=0.999995 elapsed=0.291s
2026-07-25 17:12:16,408 INFO Progress 7912/8281 status=ok steps=29 confidence=0.999876 elapsed=0.077s
2026-07-25 17:12:16,573 INFO Progress 7913/8281 status=ok steps=65 confidence=0.999910 elapsed=0.165s
2026-07-25 17:12:16,640 INFO Progress 7914/8281 status=ok steps=25 confidence=0.999902 elapsed=0.067s
2026-07-25 17:12:16,747 INFO Progress 7915/8281 status=ok steps=40 confidence=0.999917 elapsed=0.106s
2026-07-25 17:12:16,834 INFO Progress 7916/8281 status=ok steps=33 confidence=0.999886 elapsed=0.087s
2026-07-25 17:12:16,912 INFO Progress 7917/8281 status=ok steps=30 confidence=0.999969 elapsed=0.078s
2026-07-25 17:12:16,989 INFO Progress 7918/8281 status=ok steps=29 confidence=0.999832 elapsed=0.077s
2026-07-25 17:12:17,072 INFO Progress 7919/8281 status=ok steps=31 confidence=0.933505 elapsed=0.082s
2026-07-25 17:12:17,204 INFO Progress 7920/8281 status=ok steps=53 confidence=0.999929 elapsed=0.133s
2026-07-25 17:12:17,317 INFO Progress 7921/8281 status=ok steps=45 confidence=0.999984 elapsed=0.112s
2026-07-25 17:12:17,502 INFO Progress 7922/8281 status=ok steps=75 confidence=0.999972 elapsed=0.186s
2026-07-25 17:12:17,648 INFO Progress 7923/8281 status=ok steps=57 confidence=0.999989 elapsed=0.146s
2026-07-25 17:12:17,799 INFO Progress 7924/8281 status=ok steps=59 confidence=0.999731 elapsed=0.151s
2026-07-25 17:12:18,305 INFO Progress 7925/8281 status=ok steps=53 confidence=0.999732 elapsed=0.133s
2026-07-25 17:12:18,442 INFO Progress 7926/8281 status=ok steps=53 confidence=0.999926 elapsed=0.137s
2026-07-25 17:12:18,575 INFO Progress 7927/8281 status=ok steps=53 confidence=0.999758 elapsed=0.133s
2026-07-25 17:12:18,764 INFO Progress 7928/8281 status=ok steps=77 confidence=0.999959 elapsed=0.189s
2026-07-25 17:12:18,860 INFO Progress 7929/8281 status=ok steps=37 confidence=0.999987 elapsed=0.096s
2026-07-25 17:12:18,942 INFO Progress 7930/8281 status=ok steps=29 confidence=0.998972 elapsed=0.081s
2026-07-25 17:12:19,094 INFO Progress 7931/8281 status=ok steps=61 confidence=0.999986 elapsed=0.152s
2026-07-25 17:12:19,329 INFO Progress 7932/8281 status=ok steps=95 confidence=0.999978 elapsed=0.234s
2026-07-25 17:12:19,392 INFO Progress 7933/8281 status=ok steps=23 confidence=0.996403 elapsed=0.063s
2026-07-25 17:12:19,507 INFO Progress 7934/8281 status=ok steps=45 confidence=0.999950 elapsed=0.114s
2026-07-25 17:12:19,595 INFO Progress 7935/8281 status=ok steps=33 confidence=0.999886 elapsed=0.088s
2026-07-25 17:12:19,644 INFO Progress 7936/8281 status=ok steps=17 confidence=0.999917 elapsed=0.049s
2026-07-25 17:12:19,711 INFO Progress 7937/8281 status=ok steps=25 confidence=0.999873 elapsed=0.067s
2026-07-25 17:12:19,775 INFO Progress 7938/8281 status=ok steps=23 confidence=0.999890 elapsed=0.064s
2026-07-25 17:12:19,924 INFO Progress 7939/8281 status=ok steps=61 confidence=0.999911 elapsed=0.149s
2026-07-25 17:12:19,993 INFO Progress 7940/8281 status=ok steps=25 confidence=0.999991 elapsed=0.068s
2026-07-25 17:12:20,113 INFO Progress 7941/8281 status=ok steps=47 confidence=0.999828 elapsed=0.121s
2026-07-25 17:12:20,258 INFO Progress 7942/8281 status=ok steps=59 confidence=0.999984 elapsed=0.145s
2026-07-25 17:12:20,393 INFO Progress 7943/8281 status=ok steps=54 confidence=0.999992 elapsed=0.135s
2026-07-25 17:12:20,480 INFO Progress 7944/8281 status=ok steps=33 confidence=0.999886 elapsed=0.087s
2026-07-25 17:12:20,535 INFO Progress 7945/8281 status=ok steps=20 confidence=0.985317 elapsed=0.055s
2026-07-25 17:12:20,597 INFO Progress 7946/8281 status=ok steps=23 confidence=0.999819 elapsed=0.062s
2026-07-25 17:12:20,693 INFO Progress 7947/8281 status=ok steps=37 confidence=0.999841 elapsed=0.095s
2026-07-25 17:12:20,881 INFO Progress 7948/8281 status=ok steps=77 confidence=0.999954 elapsed=0.188s
2026-07-25 17:12:20,967 INFO Progress 7949/8281 status=ok steps=33 confidence=0.999782 elapsed=0.086s
2026-07-25 17:12:21,397 INFO Progress 7950/8281 status=ok steps=53 confidence=0.999499 elapsed=0.133s
2026-07-25 17:12:21,477 INFO Progress 7951/8281 status=ok steps=29 confidence=0.999835 elapsed=0.079s
2026-07-25 17:12:21,582 INFO Progress 7952/8281 status=ok steps=41 confidence=0.999953 elapsed=0.105s
2026-07-25 17:12:21,685 INFO Progress 7953/8281 status=ok steps=41 confidence=0.999904 elapsed=0.103s
2026-07-25 17:12:21,803 INFO Progress 7954/8281 status=ok steps=47 confidence=0.999985 elapsed=0.118s
2026-07-25 17:12:21,868 INFO Progress 7955/8281 status=ok steps=23 confidence=0.994981 elapsed=0.065s
2026-07-25 17:12:21,954 INFO Progress 7956/8281 status=ok steps=33 confidence=0.999916 elapsed=0.086s
2026-07-25 17:12:22,057 INFO Progress 7957/8281 status=ok steps=41 confidence=0.999941 elapsed=0.104s
2026-07-25 17:12:22,138 INFO Progress 7958/8281 status=ok steps=30 confidence=0.999935 elapsed=0.081s
2026-07-25 17:12:22,252 INFO Progress 7959/8281 status=ok steps=45 confidence=0.999992 elapsed=0.113s
2026-07-25 17:12:22,432 INFO Progress 7960/8281 status=ok steps=69 confidence=0.999901 elapsed=0.181s
2026-07-25 17:12:22,546 INFO Progress 7961/8281 status=ok steps=45 confidence=0.999880 elapsed=0.113s
2026-07-25 17:12:22,627 INFO Progress 7962/8281 status=ok steps=30 confidence=0.999585 elapsed=0.081s
2026-07-25 17:12:22,742 INFO Progress 7963/8281 status=ok steps=45 confidence=0.999939 elapsed=0.115s
2026-07-25 17:12:22,845 INFO Progress 7964/8281 status=ok steps=41 confidence=0.999982 elapsed=0.103s
2026-07-25 17:12:22,922 INFO Progress 7965/8281 status=ok steps=29 confidence=0.999853 elapsed=0.077s
2026-07-25 17:12:23,012 INFO Progress 7966/8281 status=ok steps=35 confidence=0.999888 elapsed=0.089s
2026-07-25 17:12:23,150 INFO Progress 7967/8281 status=ok steps=55 confidence=0.999950 elapsed=0.138s
2026-07-25 17:12:23,256 INFO Progress 7968/8281 status=ok steps=41 confidence=0.999820 elapsed=0.105s
2026-07-25 17:12:23,338 INFO Progress 7969/8281 status=ok steps=29 confidence=0.999710 elapsed=0.083s
2026-07-25 17:12:23,430 INFO Progress 7970/8281 status=ok steps=35 confidence=0.999940 elapsed=0.092s
2026-07-25 17:12:23,592 INFO Progress 7971/8281 status=ok steps=65 confidence=0.999993 elapsed=0.161s
2026-07-25 17:12:23,688 INFO Progress 7972/8281 status=ok steps=35 confidence=0.999797 elapsed=0.096s
2026-07-25 17:12:23,811 INFO Progress 7973/8281 status=ok steps=47 confidence=0.999976 elapsed=0.124s
2026-07-25 17:12:23,863 INFO Progress 7974/8281 status=ok steps=17 confidence=0.999920 elapsed=0.052s
2026-07-25 17:12:24,733 INFO Progress 7975/8281 status=ok steps=57 confidence=0.999965 elapsed=0.146s
2026-07-25 17:12:24,863 INFO Progress 7976/8281 status=ok steps=45 confidence=0.999993 elapsed=0.130s
2026-07-25 17:12:24,979 INFO Progress 7977/8281 status=ok steps=41 confidence=0.999904 elapsed=0.115s
2026-07-25 17:12:25,048 INFO Progress 7978/8281 status=ok steps=23 confidence=0.999819 elapsed=0.070s
2026-07-25 17:12:25,155 INFO Progress 7979/8281 status=ok steps=37 confidence=0.999909 elapsed=0.106s
2026-07-25 17:12:25,250 INFO Progress 7980/8281 status=ok steps=37 confidence=0.993729 elapsed=0.095s
2026-07-25 17:12:25,437 INFO Progress 7981/8281 status=ok steps=77 confidence=0.999954 elapsed=0.187s
2026-07-25 17:12:25,594 INFO Progress 7982/8281 status=ok steps=61 confidence=0.994589 elapsed=0.157s
2026-07-25 17:12:25,661 INFO Progress 7983/8281 status=ok steps=23 confidence=0.999634 elapsed=0.067s
2026-07-25 17:12:25,711 INFO Progress 7984/8281 status=ok steps=17 confidence=0.999917 elapsed=0.050s
2026-07-25 17:12:25,791 INFO Progress 7985/8281 status=ok steps=30 confidence=0.999585 elapsed=0.080s
2026-07-25 17:12:25,879 INFO Progress 7986/8281 status=ok steps=33 confidence=0.999951 elapsed=0.087s
2026-07-25 17:12:25,985 INFO Progress 7987/8281 status=ok steps=41 confidence=0.999885 elapsed=0.106s
2026-07-25 17:12:26,101 INFO Progress 7988/8281 status=ok steps=45 confidence=0.999888 elapsed=0.116s
2026-07-25 17:12:26,182 INFO Progress 7989/8281 status=ok steps=29 confidence=0.999913 elapsed=0.080s
2026-07-25 17:12:26,261 INFO Progress 7990/8281 status=ok steps=30 confidence=0.999874 elapsed=0.079s
2026-07-25 17:12:26,341 INFO Progress 7991/8281 status=ok steps=29 confidence=0.999872 elapsed=0.079s
2026-07-25 17:12:26,400 INFO Progress 7992/8281 status=ok steps=21 confidence=0.999700 elapsed=0.059s
2026-07-25 17:12:26,545 INFO Progress 7993/8281 status=ok steps=57 confidence=0.999980 elapsed=0.145s
2026-07-25 17:12:26,608 INFO Progress 7994/8281 status=ok steps=23 confidence=0.999738 elapsed=0.063s
2026-07-25 17:12:26,715 INFO Progress 7995/8281 status=ok steps=41 confidence=0.999982 elapsed=0.107s
2026-07-25 17:12:26,809 INFO Progress 7996/8281 status=ok steps=37 confidence=0.999809 elapsed=0.093s
2026-07-25 17:12:26,897 INFO Progress 7997/8281 status=ok steps=33 confidence=0.999992 elapsed=0.088s
2026-07-25 17:12:27,063 INFO Progress 7998/8281 status=ok steps=65 confidence=0.999952 elapsed=0.165s
2026-07-25 17:12:27,303 INFO Progress 7999/8281 status=ok steps=95 confidence=0.999988 elapsed=0.240s
2026-07-25 17:12:27,698 INFO Progress 8000/8281 status=ok steps=41 confidence=0.999967 elapsed=0.106s
2026-07-25 17:12:27,862 INFO Progress 8001/8281 status=ok steps=65 confidence=0.999964 elapsed=0.164s
2026-07-25 17:12:28,100 INFO Progress 8002/8281 status=ok steps=95 confidence=0.999988 elapsed=0.238s
2026-07-25 17:12:28,191 INFO Progress 8003/8281 status=ok steps=35 confidence=0.999957 elapsed=0.091s
2026-07-25 17:12:28,297 INFO Progress 8004/8281 status=ok steps=41 confidence=0.999968 elapsed=0.106s
2026-07-25 17:12:28,517 INFO Progress 8005/8281 status=ok steps=89 confidence=0.999975 elapsed=0.220s
2026-07-25 17:12:28,612 INFO Progress 8006/8281 status=ok steps=37 confidence=0.999941 elapsed=0.095s
2026-07-25 17:12:28,690 INFO Progress 8007/8281 status=ok steps=29 confidence=0.999857 elapsed=0.078s
2026-07-25 17:12:28,815 INFO Progress 8008/8281 status=ok steps=50 confidence=0.999987 elapsed=0.125s
2026-07-25 17:12:28,883 INFO Progress 8009/8281 status=ok steps=23 confidence=0.996403 elapsed=0.067s
2026-07-25 17:12:29,015 INFO Progress 8010/8281 status=ok steps=53 confidence=0.999777 elapsed=0.132s
2026-07-25 17:12:29,163 INFO Progress 8011/8281 status=ok steps=57 confidence=0.999747 elapsed=0.148s
2026-07-25 17:12:29,325 INFO Progress 8012/8281 status=ok steps=61 confidence=0.994589 elapsed=0.162s
2026-07-25 17:12:29,411 INFO Progress 8013/8281 status=ok steps=31 confidence=0.933505 elapsed=0.086s
2026-07-25 17:12:29,532 INFO Progress 8014/8281 status=ok steps=47 confidence=0.986263 elapsed=0.121s
2026-07-25 17:12:29,664 INFO Progress 8015/8281 status=ok steps=53 confidence=0.999988 elapsed=0.132s
2026-07-25 17:12:29,782 INFO Progress 8016/8281 status=ok steps=47 confidence=0.999937 elapsed=0.118s
2026-07-25 17:12:29,873 INFO Progress 8017/8281 status=ok steps=35 confidence=0.999940 elapsed=0.091s
2026-07-25 17:12:29,950 INFO Progress 8018/8281 status=ok steps=29 confidence=0.999857 elapsed=0.076s
2026-07-25 17:12:30,088 INFO Progress 8019/8281 status=ok steps=53 confidence=0.999926 elapsed=0.138s
2026-07-25 17:12:30,166 INFO Progress 8020/8281 status=ok steps=29 confidence=0.999840 elapsed=0.078s
2026-07-25 17:12:30,228 INFO Progress 8021/8281 status=ok steps=23 confidence=0.999916 elapsed=0.062s
2026-07-25 17:12:30,324 INFO Progress 8022/8281 status=ok steps=37 confidence=0.999987 elapsed=0.096s
2026-07-25 17:12:30,442 INFO Progress 8023/8281 status=ok steps=47 confidence=0.999992 elapsed=0.118s
2026-07-25 17:12:30,537 INFO Progress 8024/8281 status=ok steps=37 confidence=0.993729 elapsed=0.094s
2026-07-25 17:12:30,908 INFO Progress 8025/8281 status=ok steps=29 confidence=0.999813 elapsed=0.078s
2026-07-25 17:12:31,008 INFO Progress 8026/8281 status=ok steps=37 confidence=0.999941 elapsed=0.100s
2026-07-25 17:12:31,128 INFO Progress 8027/8281 status=ok steps=47 confidence=0.999921 elapsed=0.120s
2026-07-25 17:12:31,254 INFO Progress 8028/8281 status=ok steps=50 confidence=0.999997 elapsed=0.126s
2026-07-25 17:12:31,313 INFO Progress 8029/8281 status=ok steps=21 confidence=0.999842 elapsed=0.059s
2026-07-25 17:12:31,406 INFO Progress 8030/8281 status=ok steps=35 confidence=0.999797 elapsed=0.093s
2026-07-25 17:12:31,474 INFO Progress 8031/8281 status=ok steps=25 confidence=0.999991 elapsed=0.068s
2026-07-25 17:12:31,570 INFO Progress 8032/8281 status=ok steps=37 confidence=0.999946 elapsed=0.095s
2026-07-25 17:12:31,734 INFO Progress 8033/8281 status=ok steps=61 confidence=0.998200 elapsed=0.165s
2026-07-25 17:12:31,797 INFO Progress 8034/8281 status=ok steps=23 confidence=0.999819 elapsed=0.063s
2026-07-25 17:12:31,943 INFO Progress 8035/8281 status=ok steps=59 confidence=0.999947 elapsed=0.145s
2026-07-25 17:12:32,160 INFO Progress 8036/8281 status=ok steps=86 confidence=0.999812 elapsed=0.217s
2026-07-25 17:12:32,244 INFO Progress 8037/8281 status=ok steps=30 confidence=0.999969 elapsed=0.084s
2026-07-25 17:12:32,332 INFO Progress 8038/8281 status=ok steps=33 confidence=0.999992 elapsed=0.088s
2026-07-25 17:12:32,474 INFO Progress 8039/8281 status=ok steps=54 confidence=0.999963 elapsed=0.141s
2026-07-25 17:12:32,542 INFO Progress 8040/8281 status=ok steps=25 confidence=0.999917 elapsed=0.068s
2026-07-25 17:12:32,650 INFO Progress 8041/8281 status=ok steps=41 confidence=0.999904 elapsed=0.108s
2026-07-25 17:12:32,785 INFO Progress 8042/8281 status=ok steps=53 confidence=0.999868 elapsed=0.135s
2026-07-25 17:12:32,900 INFO Progress 8043/8281 status=ok steps=45 confidence=0.999988 elapsed=0.115s
2026-07-25 17:12:33,045 INFO Progress 8044/8281 status=ok steps=59 confidence=0.999890 elapsed=0.145s
2026-07-25 17:12:33,130 INFO Progress 8045/8281 status=ok steps=32 confidence=0.999893 elapsed=0.085s
2026-07-25 17:12:33,198 INFO Progress 8046/8281 status=ok steps=25 confidence=0.999917 elapsed=0.068s
2026-07-25 17:12:33,316 INFO Progress 8047/8281 status=ok steps=47 confidence=0.999828 elapsed=0.118s
2026-07-25 17:12:33,393 INFO Progress 8048/8281 status=ok steps=29 confidence=0.999982 elapsed=0.077s
2026-07-25 17:12:33,461 INFO Progress 8049/8281 status=ok steps=25 confidence=0.999902 elapsed=0.068s
2026-07-25 17:12:33,869 INFO Progress 8050/8281 status=ok steps=45 confidence=0.999993 elapsed=0.114s
2026-07-25 17:12:33,917 INFO Progress 8051/8281 status=ok steps=15 confidence=0.999932 elapsed=0.048s
2026-07-25 17:12:34,003 INFO Progress 8052/8281 status=ok steps=33 confidence=0.999782 elapsed=0.086s
2026-07-25 17:12:34,171 INFO Progress 8053/8281 status=ok steps=69 confidence=0.999975 elapsed=0.168s
2026-07-25 17:12:34,248 INFO Progress 8054/8281 status=ok steps=29 confidence=0.999955 elapsed=0.077s
2026-07-25 17:12:34,339 INFO Progress 8055/8281 status=ok steps=35 confidence=0.999962 elapsed=0.091s
2026-07-25 17:12:34,408 INFO Progress 8056/8281 status=ok steps=26 confidence=0.978975 elapsed=0.069s
2026-07-25 17:12:34,512 INFO Progress 8057/8281 status=ok steps=41 confidence=0.999915 elapsed=0.103s
2026-07-25 17:12:34,649 INFO Progress 8058/8281 status=ok steps=55 confidence=0.999909 elapsed=0.138s
2026-07-25 17:12:34,814 INFO Progress 8059/8281 status=ok steps=65 confidence=0.999910 elapsed=0.165s
2026-07-25 17:12:34,869 INFO Progress 8060/8281 status=ok steps=20 confidence=0.997141 elapsed=0.055s
2026-07-25 17:12:34,956 INFO Progress 8061/8281 status=ok steps=33 confidence=0.999948 elapsed=0.086s
2026-07-25 17:12:35,036 INFO Progress 8062/8281 status=ok steps=29 confidence=0.999603 elapsed=0.081s
2026-07-25 17:12:35,252 INFO Progress 8063/8281 status=ok steps=86 confidence=0.999812 elapsed=0.216s
2026-07-25 17:12:35,405 INFO Progress 8064/8281 status=ok steps=61 confidence=0.999745 elapsed=0.152s
2026-07-25 17:12:35,482 INFO Progress 8065/8281 status=ok steps=29 confidence=0.999902 elapsed=0.077s
2026-07-25 17:12:35,586 INFO Progress 8066/8281 status=ok steps=41 confidence=0.999874 elapsed=0.104s
2026-07-25 17:12:35,666 INFO Progress 8067/8281 status=ok steps=30 confidence=0.999903 elapsed=0.081s
2026-07-25 17:12:35,737 INFO Progress 8068/8281 status=ok steps=25 confidence=0.999877 elapsed=0.071s
2026-07-25 17:12:35,832 INFO Progress 8069/8281 status=ok steps=37 confidence=0.999987 elapsed=0.094s
2026-07-25 17:12:35,924 INFO Progress 8070/8281 status=ok steps=35 confidence=0.999861 elapsed=0.092s
2026-07-25 17:12:36,015 INFO Progress 8071/8281 status=ok steps=35 confidence=0.999792 elapsed=0.090s
2026-07-25 17:12:36,094 INFO Progress 8072/8281 status=ok steps=30 confidence=0.999903 elapsed=0.079s
2026-07-25 17:12:36,198 INFO Progress 8073/8281 status=ok steps=41 confidence=0.999357 elapsed=0.104s
2026-07-25 17:12:36,276 INFO Progress 8074/8281 status=ok steps=29 confidence=0.999865 elapsed=0.079s
2026-07-25 17:12:36,666 INFO Progress 8075/8281 status=ok steps=25 confidence=0.998661 elapsed=0.069s
2026-07-25 17:12:36,754 INFO Progress 8076/8281 status=ok steps=33 confidence=0.999924 elapsed=0.089s
2026-07-25 17:12:36,819 INFO Progress 8077/8281 status=ok steps=23 confidence=0.999645 elapsed=0.064s
2026-07-25 17:12:36,972 INFO Progress 8078/8281 status=ok steps=61 confidence=0.999745 elapsed=0.153s
2026-07-25 17:12:37,025 INFO Progress 8079/8281 status=ok steps=17 confidence=0.999931 elapsed=0.052s
2026-07-25 17:12:37,333 INFO Progress 8080/8281 status=ok steps=124 confidence=0.999991 elapsed=0.308s
2026-07-25 17:12:37,418 INFO Progress 8081/8281 status=ok steps=33 confidence=0.999954 elapsed=0.086s
2026-07-25 17:12:37,581 INFO Progress 8082/8281 status=ok steps=65 confidence=0.999952 elapsed=0.162s
2026-07-25 17:12:37,706 INFO Progress 8083/8281 status=ok steps=50 confidence=0.999987 elapsed=0.125s
2026-07-25 17:12:37,867 INFO Progress 8084/8281 status=ok steps=65 confidence=0.999952 elapsed=0.162s
2026-07-25 17:12:37,944 INFO Progress 8085/8281 status=ok steps=29 confidence=0.999982 elapsed=0.076s
2026-07-25 17:12:38,034 INFO Progress 8086/8281 status=ok steps=33 confidence=0.999168 elapsed=0.090s
2026-07-25 17:12:38,125 INFO Progress 8087/8281 status=ok steps=35 confidence=0.999987 elapsed=0.091s
2026-07-25 17:12:38,257 INFO Progress 8088/8281 status=ok steps=53 confidence=0.999926 elapsed=0.132s
2026-07-25 17:12:38,342 INFO Progress 8089/8281 status=ok steps=33 confidence=0.999954 elapsed=0.085s
2026-07-25 17:12:38,478 INFO Progress 8090/8281 status=ok steps=55 confidence=0.999950 elapsed=0.136s
2026-07-25 17:12:38,621 INFO Progress 8091/8281 status=ok steps=59 confidence=0.999947 elapsed=0.143s
2026-07-25 17:12:38,774 INFO Progress 8092/8281 status=ok steps=61 confidence=0.999941 elapsed=0.153s
2026-07-25 17:12:38,879 INFO Progress 8093/8281 status=ok steps=41 confidence=0.999948 elapsed=0.104s
2026-07-25 17:12:38,981 INFO Progress 8094/8281 status=ok steps=40 confidence=0.999995 elapsed=0.102s
2026-07-25 17:12:39,170 INFO Progress 8095/8281 status=ok steps=77 confidence=0.999572 elapsed=0.188s
2026-07-25 17:12:39,296 INFO Progress 8096/8281 status=ok steps=50 confidence=0.999889 elapsed=0.127s
2026-07-25 17:12:39,415 INFO Progress 8097/8281 status=ok steps=47 confidence=0.999917 elapsed=0.119s
2026-07-25 17:12:39,599 INFO Progress 8098/8281 status=ok steps=75 confidence=0.999972 elapsed=0.184s
2026-07-25 17:12:39,675 INFO Progress 8099/8281 status=ok steps=29 confidence=0.999909 elapsed=0.076s
2026-07-25 17:12:40,089 INFO Progress 8100/8281 status=ok steps=47 confidence=0.999992 elapsed=0.119s
2026-07-25 17:12:40,252 INFO Progress 8101/8281 status=ok steps=65 confidence=0.999952 elapsed=0.162s
2026-07-25 17:12:40,315 INFO Progress 8102/8281 status=ok steps=23 confidence=0.999890 elapsed=0.063s
2026-07-25 17:12:40,439 INFO Progress 8103/8281 status=ok steps=47 confidence=0.999992 elapsed=0.123s
2026-07-25 17:12:40,637 INFO Progress 8104/8281 status=ok steps=77 confidence=0.999274 elapsed=0.198s
2026-07-25 17:12:40,715 INFO Progress 8105/8281 status=ok steps=29 confidence=0.999955 elapsed=0.078s
2026-07-25 17:12:40,840 INFO Progress 8106/8281 status=ok steps=50 confidence=0.999985 elapsed=0.125s
2026-07-25 17:12:40,946 INFO Progress 8107/8281 status=ok steps=41 confidence=0.999820 elapsed=0.105s
2026-07-25 17:12:41,047 INFO Progress 8108/8281 status=ok steps=40 confidence=0.999981 elapsed=0.101s
2026-07-25 17:12:41,160 INFO Progress 8109/8281 status=ok steps=45 confidence=0.999797 elapsed=0.113s
2026-07-25 17:12:41,244 INFO Progress 8110/8281 status=ok steps=29 confidence=0.999603 elapsed=0.084s
2026-07-25 17:12:41,361 INFO Progress 8111/8281 status=ok steps=45 confidence=0.999993 elapsed=0.117s
2026-07-25 17:12:41,517 INFO Progress 8112/8281 status=ok steps=61 confidence=0.999190 elapsed=0.156s
2026-07-25 17:12:41,624 INFO Progress 8113/8281 status=ok steps=41 confidence=0.999885 elapsed=0.108s
2026-07-25 17:12:41,749 INFO Progress 8114/8281 status=ok steps=50 confidence=0.999981 elapsed=0.124s
2026-07-25 17:12:41,854 INFO Progress 8115/8281 status=ok steps=41 confidence=0.999943 elapsed=0.105s
2026-07-25 17:12:42,012 INFO Progress 8116/8281 status=ok steps=65 confidence=0.999993 elapsed=0.158s
2026-07-25 17:12:42,104 INFO Progress 8117/8281 status=ok steps=35 confidence=0.999869 elapsed=0.091s
2026-07-25 17:12:42,182 INFO Progress 8118/8281 status=ok steps=29 confidence=0.997538 elapsed=0.078s
2026-07-25 17:12:42,268 INFO Progress 8119/8281 status=ok steps=33 confidence=0.999916 elapsed=0.086s
2026-07-25 17:12:42,382 INFO Progress 8120/8281 status=ok steps=45 confidence=0.999984 elapsed=0.114s
2026-07-25 17:12:42,517 INFO Progress 8121/8281 status=ok steps=53 confidence=0.999732 elapsed=0.134s
2026-07-25 17:12:42,652 INFO Progress 8122/8281 status=ok steps=53 confidence=0.999929 elapsed=0.135s
2026-07-25 17:12:42,734 INFO Progress 8123/8281 status=ok steps=30 confidence=0.999988 elapsed=0.083s
2026-07-25 17:12:42,854 INFO Progress 8124/8281 status=ok steps=47 confidence=0.999985 elapsed=0.120s
2026-07-25 17:12:43,350 INFO Progress 8125/8281 status=ok steps=54 confidence=0.999992 elapsed=0.156s
2026-07-25 17:12:43,441 INFO Progress 8126/8281 status=ok steps=33 confidence=0.999994 elapsed=0.090s
2026-07-25 17:12:43,568 INFO Progress 8127/8281 status=ok steps=50 confidence=0.999985 elapsed=0.127s
2026-07-25 17:12:43,683 INFO Progress 8128/8281 status=ok steps=45 confidence=0.999848 elapsed=0.115s
2026-07-25 17:12:43,811 INFO Progress 8129/8281 status=ok steps=50 confidence=0.999979 elapsed=0.129s
2026-07-25 17:12:43,903 INFO Progress 8130/8281 status=ok steps=35 confidence=0.999814 elapsed=0.091s
2026-07-25 17:12:44,007 INFO Progress 8131/8281 status=ok steps=41 confidence=0.999994 elapsed=0.104s
2026-07-25 17:12:44,084 INFO Progress 8132/8281 status=ok steps=29 confidence=0.999857 elapsed=0.077s
2026-07-25 17:12:44,207 INFO Progress 8133/8281 status=ok steps=50 confidence=0.995724 elapsed=0.123s
2026-07-25 17:12:44,287 INFO Progress 8134/8281 status=ok steps=30 confidence=0.986179 elapsed=0.080s
2026-07-25 17:12:44,405 INFO Progress 8135/8281 status=ok steps=47 confidence=0.999985 elapsed=0.118s
2026-07-25 17:12:44,538 INFO Progress 8136/8281 status=ok steps=53 confidence=0.999758 elapsed=0.132s
2026-07-25 17:12:44,646 INFO Progress 8137/8281 status=ok steps=41 confidence=0.999633 elapsed=0.108s
2026-07-25 17:12:44,725 INFO Progress 8138/8281 status=ok steps=30 confidence=0.999888 elapsed=0.079s
2026-07-25 17:12:44,829 INFO Progress 8139/8281 status=ok steps=40 confidence=0.999971 elapsed=0.103s
2026-07-25 17:12:44,951 INFO Progress 8140/8281 status=ok steps=47 confidence=0.999288 elapsed=0.122s
2026-07-25 17:12:45,036 INFO Progress 8141/8281 status=ok steps=33 confidence=0.999878 elapsed=0.085s
2026-07-25 17:12:45,139 INFO Progress 8142/8281 status=ok steps=41 confidence=0.999900 elapsed=0.103s
2026-07-25 17:12:45,217 INFO Progress 8143/8281 status=ok steps=29 confidence=0.999857 elapsed=0.078s
2026-07-25 17:12:45,277 INFO Progress 8144/8281 status=ok steps=21 confidence=0.999700 elapsed=0.060s
2026-07-25 17:12:45,422 INFO Progress 8145/8281 status=ok steps=57 confidence=0.999883 elapsed=0.145s
2026-07-25 17:12:45,487 INFO Progress 8146/8281 status=ok steps=23 confidence=0.999856 elapsed=0.065s
2026-07-25 17:12:45,581 INFO Progress 8147/8281 status=ok steps=37 confidence=0.999811 elapsed=0.094s
2026-07-25 17:12:45,661 INFO Progress 8148/8281 status=ok steps=30 confidence=0.999585 elapsed=0.080s
2026-07-25 17:12:45,829 INFO Progress 8149/8281 status=ok steps=65 confidence=0.985527 elapsed=0.168s
2026-07-25 17:12:46,199 INFO Progress 8150/8281 status=ok steps=29 confidence=0.999595 elapsed=0.076s
2026-07-25 17:12:46,280 INFO Progress 8151/8281 status=ok steps=30 confidence=0.999874 elapsed=0.081s
2026-07-25 17:12:46,384 INFO Progress 8152/8281 status=ok steps=40 confidence=0.999997 elapsed=0.104s
2026-07-25 17:12:46,498 INFO Progress 8153/8281 status=ok steps=45 confidence=0.999937 elapsed=0.113s
2026-07-25 17:12:46,607 INFO Progress 8154/8281 status=ok steps=41 confidence=0.999633 elapsed=0.109s
2026-07-25 17:12:46,683 INFO Progress 8155/8281 status=ok steps=29 confidence=0.989185 elapsed=0.076s
2026-07-25 17:12:46,775 INFO Progress 8156/8281 status=ok steps=35 confidence=0.999940 elapsed=0.091s
2026-07-25 17:12:46,877 INFO Progress 8157/8281 status=ok steps=41 confidence=0.999941 elapsed=0.103s
2026-07-25 17:12:47,185 INFO Progress 8158/8281 status=ok steps=124 confidence=0.999991 elapsed=0.308s
2026-07-25 17:12:47,265 INFO Progress 8159/8281 status=ok steps=30 confidence=0.986179 elapsed=0.080s
2026-07-25 17:12:47,344 INFO Progress 8160/8281 status=ok steps=29 confidence=0.999857 elapsed=0.078s
2026-07-25 17:12:47,439 INFO Progress 8161/8281 status=ok steps=37 confidence=0.999988 elapsed=0.095s
2026-07-25 17:12:47,519 INFO Progress 8162/8281 status=ok steps=29 confidence=0.999592 elapsed=0.080s
2026-07-25 17:12:47,679 INFO Progress 8163/8281 status=ok steps=65 confidence=0.999993 elapsed=0.160s
2026-07-25 17:12:47,756 INFO Progress 8164/8281 status=ok steps=29 confidence=0.999960 elapsed=0.076s
2026-07-25 17:12:47,870 INFO Progress 8165/8281 status=ok steps=45 confidence=0.999978 elapsed=0.114s
2026-07-25 17:12:47,926 INFO Progress 8166/8281 status=ok steps=20 confidence=0.985317 elapsed=0.056s
2026-07-25 17:12:48,028 INFO Progress 8167/8281 status=ok steps=40 confidence=0.999995 elapsed=0.102s
2026-07-25 17:12:48,115 INFO Progress 8168/8281 status=ok steps=33 confidence=0.999991 elapsed=0.087s
2026-07-25 17:12:48,313 INFO Progress 8169/8281 status=ok steps=80 confidence=0.999995 elapsed=0.198s
2026-07-25 17:12:48,402 INFO Progress 8170/8281 status=ok steps=33 confidence=0.999924 elapsed=0.088s
2026-07-25 17:12:48,524 INFO Progress 8171/8281 status=ok steps=47 confidence=0.999288 elapsed=0.122s
2026-07-25 17:12:48,614 INFO Progress 8172/8281 status=ok steps=35 confidence=0.999957 elapsed=0.090s
2026-07-25 17:12:48,741 INFO Progress 8173/8281 status=ok steps=50 confidence=0.999985 elapsed=0.126s
2026-07-25 17:12:48,832 INFO Progress 8174/8281 status=ok steps=35 confidence=0.999814 elapsed=0.092s
2026-07-25 17:12:49,296 INFO Progress 8175/8281 status=ok steps=50 confidence=0.999952 elapsed=0.127s
2026-07-25 17:12:49,446 INFO Progress 8176/8281 status=ok steps=59 confidence=0.999866 elapsed=0.149s
2026-07-25 17:12:49,525 INFO Progress 8177/8281 status=ok steps=29 confidence=0.999833 elapsed=0.079s
2026-07-25 17:12:49,648 INFO Progress 8178/8281 status=ok steps=50 confidence=0.999907 elapsed=0.123s
2026-07-25 17:12:49,781 INFO Progress 8179/8281 status=ok steps=53 confidence=0.999977 elapsed=0.133s
2026-07-25 17:12:49,860 INFO Progress 8180/8281 status=ok steps=29 confidence=0.999986 elapsed=0.078s
2026-07-25 17:12:49,938 INFO Progress 8181/8281 status=ok steps=29 confidence=0.999833 elapsed=0.078s
2026-07-25 17:12:50,030 INFO Progress 8182/8281 status=ok steps=35 confidence=0.999892 elapsed=0.092s
2026-07-25 17:12:50,088 INFO Progress 8183/8281 status=ok steps=21 confidence=0.999963 elapsed=0.059s
2026-07-25 17:12:50,170 INFO Progress 8184/8281 status=ok steps=30 confidence=0.999988 elapsed=0.081s
2026-07-25 17:12:50,259 INFO Progress 8185/8281 status=ok steps=35 confidence=0.999913 elapsed=0.090s
2026-07-25 17:12:50,351 INFO Progress 8186/8281 status=ok steps=35 confidence=0.999938 elapsed=0.092s
2026-07-25 17:12:50,449 INFO Progress 8187/8281 status=ok steps=37 confidence=0.999946 elapsed=0.098s
2026-07-25 17:12:50,552 INFO Progress 8188/8281 status=ok steps=41 confidence=0.999915 elapsed=0.103s
2026-07-25 17:12:50,674 INFO Progress 8189/8281 status=ok steps=47 confidence=0.999992 elapsed=0.122s
2026-07-25 17:12:50,807 INFO Progress 8190/8281 status=ok steps=53 confidence=0.999988 elapsed=0.132s
2026-07-25 17:12:50,897 INFO Progress 8191/8281 status=ok steps=35 confidence=0.999913 elapsed=0.090s
2026-07-25 17:12:51,023 INFO Progress 8192/8281 status=ok steps=50 confidence=0.999996 elapsed=0.126s
2026-07-25 17:12:51,123 INFO Progress 8193/8281 status=ok steps=37 confidence=0.999948 elapsed=0.100s
2026-07-25 17:12:51,191 INFO Progress 8194/8281 status=ok steps=25 confidence=0.999873 elapsed=0.068s
2026-07-25 17:12:51,351 INFO Progress 8195/8281 status=ok steps=65 confidence=0.999993 elapsed=0.160s
2026-07-25 17:12:51,401 INFO Progress 8196/8281 status=ok steps=17 confidence=0.999842 elapsed=0.050s
2026-07-25 17:12:51,468 INFO Progress 8197/8281 status=ok steps=25 confidence=0.991930 elapsed=0.067s
2026-07-25 17:12:51,637 INFO Progress 8198/8281 status=ok steps=69 confidence=0.999942 elapsed=0.169s
2026-07-25 17:12:51,731 INFO Progress 8199/8281 status=ok steps=37 confidence=0.999760 elapsed=0.094s
2026-07-25 17:12:52,334 INFO Progress 8200/8281 status=ok steps=65 confidence=0.999993 elapsed=0.158s
2026-07-25 17:12:52,443 INFO Progress 8201/8281 status=ok steps=41 confidence=0.999953 elapsed=0.109s
2026-07-25 17:12:52,601 INFO Progress 8202/8281 status=ok steps=61 confidence=0.998200 elapsed=0.158s
2026-07-25 17:12:52,695 INFO Progress 8203/8281 status=ok steps=37 confidence=0.999760 elapsed=0.094s
2026-07-25 17:12:52,828 INFO Progress 8204/8281 status=ok steps=53 confidence=0.999977 elapsed=0.133s
2026-07-25 17:12:52,965 INFO Progress 8205/8281 status=ok steps=55 confidence=0.999994 elapsed=0.136s
2026-07-25 17:12:53,090 INFO Progress 8206/8281 status=ok steps=50 confidence=0.999996 elapsed=0.125s
2026-07-25 17:12:53,194 INFO Progress 8207/8281 status=ok steps=41 confidence=0.999915 elapsed=0.104s
2026-07-25 17:12:53,271 INFO Progress 8208/8281 status=ok steps=29 confidence=0.999968 elapsed=0.078s
2026-07-25 17:12:53,415 INFO Progress 8209/8281 status=ok steps=59 confidence=0.999978 elapsed=0.144s
2026-07-25 17:12:53,552 INFO Progress 8210/8281 status=ok steps=55 confidence=0.999994 elapsed=0.137s
2026-07-25 17:12:53,696 INFO Progress 8211/8281 status=ok steps=59 confidence=0.999978 elapsed=0.144s
2026-07-25 17:12:53,833 INFO Progress 8212/8281 status=ok steps=53 confidence=0.999988 elapsed=0.136s
2026-07-25 17:12:53,924 INFO Progress 8213/8281 status=ok steps=35 confidence=0.999636 elapsed=0.091s
2026-07-25 17:12:54,070 INFO Progress 8214/8281 status=ok steps=59 confidence=0.999866 elapsed=0.146s
2026-07-25 17:12:54,165 INFO Progress 8215/8281 status=ok steps=37 confidence=0.999809 elapsed=0.094s
2026-07-25 17:12:54,242 INFO Progress 8216/8281 status=ok steps=29 confidence=0.989185 elapsed=0.077s
2026-07-25 17:12:54,351 INFO Progress 8217/8281 status=ok steps=40 confidence=0.999882 elapsed=0.109s
2026-07-25 17:12:54,443 INFO Progress 8218/8281 status=ok steps=35 confidence=0.999636 elapsed=0.092s
2026-07-25 17:12:54,540 INFO Progress 8219/8281 status=ok steps=37 confidence=0.999946 elapsed=0.097s
2026-07-25 17:12:54,593 INFO Progress 8220/8281 status=ok steps=17 confidence=0.999931 elapsed=0.053s
2026-07-25 17:12:54,700 INFO Progress 8221/8281 status=ok steps=41 confidence=0.999953 elapsed=0.106s
2026-07-25 17:12:54,845 INFO Progress 8222/8281 status=ok steps=59 confidence=0.999947 elapsed=0.145s
2026-07-25 17:12:54,937 INFO Progress 8223/8281 status=ok steps=35 confidence=0.999963 elapsed=0.093s
2026-07-25 17:12:55,005 INFO Progress 8224/8281 status=ok steps=25 confidence=0.991930 elapsed=0.067s
2026-07-25 17:12:55,397 INFO Progress 8225/8281 status=ok steps=23 confidence=0.999769 elapsed=0.063s
2026-07-25 17:12:55,479 INFO Progress 8226/8281 status=ok steps=29 confidence=0.999984 elapsed=0.082s
2026-07-25 17:12:55,615 INFO Progress 8227/8281 status=ok steps=53 confidence=0.999977 elapsed=0.135s
2026-07-25 17:12:55,735 INFO Progress 8228/8281 status=ok steps=45 confidence=0.999978 elapsed=0.120s
2026-07-25 17:12:55,798 INFO Progress 8229/8281 status=ok steps=23 confidence=0.999822 elapsed=0.063s
2026-07-25 17:12:55,911 INFO Progress 8230/8281 status=ok steps=45 confidence=0.999937 elapsed=0.113s
2026-07-25 17:12:56,029 INFO Progress 8231/8281 status=ok steps=47 confidence=0.999992 elapsed=0.118s
2026-07-25 17:12:56,137 INFO Progress 8232/8281 status=ok steps=40 confidence=0.999882 elapsed=0.108s
2026-07-25 17:12:56,241 INFO Progress 8233/8281 status=ok steps=41 confidence=0.999853 elapsed=0.104s
2026-07-25 17:12:56,399 INFO Progress 8234/8281 status=ok steps=65 confidence=0.999993 elapsed=0.158s
2026-07-25 17:12:56,552 INFO Progress 8235/8281 status=ok steps=61 confidence=0.999934 elapsed=0.153s
2026-07-25 17:12:56,647 INFO Progress 8236/8281 status=ok steps=35 confidence=0.999728 elapsed=0.095s
2026-07-25 17:12:56,750 INFO Progress 8237/8281 status=ok steps=41 confidence=0.999876 elapsed=0.103s
2026-07-25 17:12:56,918 INFO Progress 8238/8281 status=ok steps=68 confidence=0.999991 elapsed=0.167s
2026-07-25 17:12:57,009 INFO Progress 8239/8281 status=ok steps=35 confidence=0.999977 elapsed=0.091s
2026-07-25 17:12:57,180 INFO Progress 8240/8281 status=ok steps=69 confidence=0.999942 elapsed=0.171s
2026-07-25 17:12:57,317 INFO Progress 8241/8281 status=ok steps=55 confidence=0.999972 elapsed=0.137s
2026-07-25 17:12:57,424 INFO Progress 8242/8281 status=ok steps=40 confidence=0.999875 elapsed=0.107s
2026-07-25 17:12:57,569 INFO Progress 8243/8281 status=ok steps=59 confidence=0.999947 elapsed=0.145s
2026-07-25 17:12:57,661 INFO Progress 8244/8281 status=ok steps=35 confidence=0.999963 elapsed=0.091s
2026-07-25 17:12:57,787 INFO Progress 8245/8281 status=ok steps=50 confidence=0.999981 elapsed=0.126s
2026-07-25 17:12:57,866 INFO Progress 8246/8281 status=ok steps=29 confidence=0.999835 elapsed=0.079s
2026-07-25 17:12:57,990 INFO Progress 8247/8281 status=ok steps=50 confidence=0.999981 elapsed=0.124s
2026-07-25 17:12:58,106 INFO Progress 8248/8281 status=ok steps=45 confidence=0.999937 elapsed=0.116s
2026-07-25 17:12:58,200 INFO Progress 8249/8281 status=ok steps=37 confidence=0.999809 elapsed=0.094s
2026-07-25 17:12:58,618 INFO Progress 8250/8281 status=ok steps=30 confidence=0.999935 elapsed=0.079s
2026-07-25 17:12:58,707 INFO Progress 8251/8281 status=ok steps=33 confidence=0.999991 elapsed=0.089s
2026-07-25 17:12:58,827 INFO Progress 8252/8281 status=ok steps=47 confidence=0.999992 elapsed=0.119s
2026-07-25 17:12:58,924 INFO Progress 8253/8281 status=ok steps=37 confidence=0.999948 elapsed=0.097s
2026-07-25 17:12:59,002 INFO Progress 8254/8281 status=ok steps=30 confidence=0.999935 elapsed=0.078s
2026-07-25 17:12:59,111 INFO Progress 8255/8281 status=ok steps=41 confidence=0.999930 elapsed=0.108s
2026-07-25 17:12:59,250 INFO Progress 8256/8281 status=ok steps=55 confidence=0.999972 elapsed=0.139s
2026-07-25 17:12:59,328 INFO Progress 8257/8281 status=ok steps=29 confidence=0.999968 elapsed=0.078s
2026-07-25 17:12:59,479 INFO Progress 8258/8281 status=ok steps=61 confidence=0.999934 elapsed=0.151s
2026-07-25 17:12:59,570 INFO Progress 8259/8281 status=ok steps=35 confidence=0.999977 elapsed=0.091s
2026-07-25 17:12:59,656 INFO Progress 8260/8281 status=ok steps=33 confidence=0.999991 elapsed=0.086s
2026-07-25 17:12:59,788 INFO Progress 8261/8281 status=ok steps=53 confidence=0.999777 elapsed=0.131s
2026-07-25 17:12:59,882 INFO Progress 8262/8281 status=ok steps=37 confidence=0.999811 elapsed=0.094s
2026-07-25 17:13:00,146 INFO Progress 8263/8281 status=ok steps=106 confidence=0.994610 elapsed=0.264s
2026-07-25 17:13:00,224 INFO Progress 8264/8281 status=ok steps=29 confidence=0.989185 elapsed=0.077s
2026-07-25 17:13:00,370 INFO Progress 8265/8281 status=ok steps=59 confidence=0.999948 elapsed=0.146s
2026-07-25 17:13:00,447 INFO Progress 8266/8281 status=ok steps=29 confidence=0.999835 elapsed=0.077s
2026-07-25 17:13:00,605 INFO Progress 8267/8281 status=ok steps=65 confidence=0.999993 elapsed=0.157s
2026-07-25 17:13:00,772 INFO Progress 8268/8281 status=ok steps=68 confidence=0.999991 elapsed=0.167s
2026-07-25 17:13:00,867 INFO Progress 8269/8281 status=ok steps=35 confidence=0.999728 elapsed=0.095s
2026-07-25 17:13:00,917 INFO Progress 8270/8281 status=ok steps=17 confidence=0.999842 elapsed=0.051s
2026-07-25 17:13:01,022 INFO Progress 8271/8281 status=ok steps=41 confidence=0.999938 elapsed=0.104s
2026-07-25 17:13:01,125 INFO Progress 8272/8281 status=ok steps=41 confidence=0.999876 elapsed=0.103s
2026-07-25 17:13:01,230 INFO Progress 8273/8281 status=ok steps=40 confidence=0.999875 elapsed=0.105s
2026-07-25 17:13:01,337 INFO Progress 8274/8281 status=ok steps=41 confidence=0.999930 elapsed=0.106s
2026-07-25 17:13:01,784 INFO Progress 8275/8281 status=ok steps=59 confidence=0.999948 elapsed=0.147s
2026-07-25 17:13:01,907 INFO Progress 8276/8281 status=ok steps=47 confidence=0.999992 elapsed=0.122s
2026-07-25 17:13:02,011 INFO Progress 8277/8281 status=ok steps=41 confidence=0.999853 elapsed=0.104s
2026-07-25 17:13:02,276 INFO Progress 8278/8281 status=ok steps=106 confidence=0.994610 elapsed=0.265s
2026-07-25 17:13:02,424 INFO Progress 8279/8281 status=ok steps=59 confidence=0.999866 elapsed=0.148s
2026-07-25 17:13:02,501 INFO Progress 8280/8281 status=ok steps=29 confidence=0.999984 elapsed=0.077s
2026-07-25 17:13:02,914 INFO Progress 8281/8281 status=ok steps=23 confidence=0.999822 elapsed=0.063s
2026-07-25 17:13:03,234 INFO Completed total=8281 failures=0 skipped=2666 elapsed=662.2s

['/home/hj/data/lx/FedTabRAG/third_party/unitable', '/home/hj/data/lx/FedTabRAG/scripts', '/home/hj/anaconda3/envs/lx_Unitable/lib/python310.zip', '/home/hj/anaconda3/envs/lx_Unitable/lib/python3.10', '/home/hj/anaconda3/envs/lx_Unitable/lib/python3.10/lib-dynload', '/home/hj/anaconda3/envs/lx_Unitable/lib/python3.10/site-packages', '/root/autodl-tmp/unitable']
['/home/hj/data/lx/FedTabRAG/third_party/unitable', '/home/hj/data/lx/FedTabRAG/scripts', '/home/hj/anaconda3/envs/lx_Unitable/lib/python310.zip', '/home/hj/anaconda3/envs/lx_Unitable/lib/python3.10', '/home/hj/anaconda3/envs/lx_Unitable/lib/python3.10/lib-dynload', '/home/hj/anaconda3/envs/lx_Unitable/lib/python3.10/site-packages', '/root/autodl-tmp/unitable', '/root/autodl-tmp/unitable']
['/home/hj/data/lx/FedTabRAG/third_party/unitable', '/home/hj/data/lx/FedTabRAG/scripts', '/home/hj/anaconda3/envs/lx_Unitable/lib/python310.zip', '/home/hj/anaconda3/envs/lx_Unitable/lib/python3.10', '/home/hj/anaconda3/envs/lx_Unitable/lib/python3.10/lib-dynload', '/home/hj/anaconda3/envs/lx_Unitable/lib/python3.10/site-packages', '/root/autodl-tmp/unitable', '/root/autodl-tmp/unitable', '/root/autodl-tmp/unitable']
['/home/hj/data/lx/FedTabRAG/third_party/unitable', '/home/hj/data/lx/FedTabRAG/scripts', '/home/hj/anaconda3/envs/lx_Unitable/lib/python310.zip', '/home/hj/anaconda3/envs/lx_Unitable/lib/python3.10', '/home/hj/anaconda3/envs/lx_Unitable/lib/python3.10/lib-dynload', '/home/hj/anaconda3/envs/lx_Unitable/lib/python3.10/site-packages', '/root/autodl-tmp/unitable', '/root/autodl-tmp/unitable', '/root/autodl-tmp/unitable', '/root/autodl-tmp/unitable']
['/home/hj/data/lx/FedTabRAG/third_party/unitable', '/home/hj/data/lx/FedTabRAG/scripts', '/home/hj/anaconda3/envs/lx_Unitable/lib/python310.zip', '/home/hj/anaconda3/envs/lx_Unitable/lib/python3.10', '/home/hj/anaconda3/envs/lx_Unitable/lib/python3.10/lib-dynload', '/home/hj/anaconda3/envs/lx_Unitable/lib/python3.10/site-packages', '/root/autodl-tmp/unitable', '/root/autodl-tmp/unitable', '/root/autodl-tmp/unitable', '/root/autodl-tmp/unitable', '/root/autodl-tmp/unitable']
['/home/hj/data/lx/FedTabRAG/third_party/unitable', '/home/hj/data/lx/FedTabRAG/scripts', '/home/hj/anaconda3/envs/lx_Unitable/lib/python310.zip', '/home/hj/anaconda3/envs/lx_Unitable/lib/python3.10', '/home/hj/anaconda3/envs/lx_Unitable/lib/python3.10/lib-dynload', '/home/hj/anaconda3/envs/lx_Unitable/lib/python3.10/site-packages', '/root/autodl-tmp/unitable', '/root/autodl-tmp/unitable', '/root/autodl-tmp/unitable', '/root/autodl-tmp/unitable', '/root/autodl-tmp/unitable', '/root/autodl-tmp/unitable']

